report_id,text,location,label
R00544,FIRE. HELP!!!!! LIC Plaza 102,"29-27 41st Avenue, Long Island City, ground floor, Room 5",fire
R09252,"Emergency situation at Eighth Avenue Tower Room 10, please send help","111 Eighth Avenue, Chelsea, Manhattan, 1st floor, Room 12",other
R09053,Run for your life,"2 Penn Plaza, Midtown Manhattan, 2nd floor, Room 7",other
R07471,"Help, there is a robbery happening at the bank on Main Road, please contact the police.","432 Park Avenue, Midtown Manhattan, 1st floor, Room 1",crime
R09276,"There is a gas smell in the building, please check","29-27 41st Avenue, Long Island City, 4th floor, Room 1",other
R02236,"Vehicle overturned near Penn Plaza Tower, need rescue","2 Penn Plaza, Midtown Manhattan, ground floor, Room 5",accident
R00189,Help!!!!! fire here,"2 Penn Plaza, Midtown Manhattan, 2nd floor, Room 10",fire
R04975,Building collapsing run run,"432 Park Avenue, Midtown Manhattan, 8th floor, Room 8",collapse
R02570,"Auto accident at Queens Plaza Complex 1st floor, please help","Greenwich Village, Manhattan",accident
R00607,Fire save me,"432 Park Avenue, Midtown Manhattan, 4th floor, Room 8",fire
R07233,Somebody please call 112 there is a crime going on,"Riverdale, The Bronx",crime
R04428,Call 108 Chelsea Heights 205 send guys,"Washington Heights, Manhattan",medical
R05440,Building collapsing run run,"1 Edgewater Plaza, Staten Island, 5th floor, Room 5",collapse
R01579,There has been an explosion in Atlantic Terminal there fire everywhere help,"620 Atlantic Avenue, Brooklyn, 4th floor, Room 3",explosion
R06818,"Robbery happening near Eighth Avenue Tower, send police","111 Eighth Avenue, Chelsea, Manhattan, 1st floor, Room 8",crime
R03012,"Vehicle overturned near Edgewater Plaza, need rescue","Morningside Heights, Manhattan",accident
R05109,"Building collapsed of Grand Concourse Tower, need help","Sunset Park, Brooklyn",collapse
R06971,"Help, there is a robbery happening at the bank on Main Road, please contact the police.","Astoria, Queens",crime
R07343,Somebody please call 112 there is a crime going on,"Sunset Park, Brooklyn",crime
R09293,"In case of gas leak, don't switch on the bulb","Chinatown, Manhattan",other
R07710,"Robbery happening near Eighth Avenue Tower, send police","111 Eighth Avenue, Chelsea, Manhattan, 2nd floor, Room 4",crime
R03319,"Crash happened outside Queens Plaza Complex, send medical team","Bushwick, Brooklyn",accident
R05260,"Building collapsed of MetroTech Center, need help","15 MetroTech Center, Downtown Brooklyn, 5th floor, Room 5",collapse
R03499,"I think I'm dying, please help","27-01 Queens Plaza North, Long Island City, 4th floor, Room 4",medical
R09966,Power is gone and people are stuck in the lift,"1 Edgewater Plaza, Staten Island, ground floor, Room 6",other
R00767,Fire save me,"450 West 33rd Street, Chelsea, Manhattan, 4th floor, Room 8",fire
R02793,Bike and car collided near Queens Plaza Complex 5th floor,"Sunset Park, Brooklyn",accident
R02780,"There has been an accident at Chelsea Heights, 5th floor Room Room 6, emergency help needed","Washington Heights, Manhattan",accident
R04714,"Building collapsed of Wall Street Tower, need help","88 Wall Street, Financial District, Manhattan, 1st floor, Room 10",collapse
R05264,EVACUATE,"Washington Heights, Manhattan",collapse
R04031,Hospital emergency. Help,"Park Slope, Brooklyn",medical
R04803,Leave the building quickly pls,"450 West 33rd Street, Chelsea, Manhattan, 1st floor, Room 9",collapse
R07124,"Something serious is happening here, hurry","15 MetroTech Center, Downtown Brooklyn, 5th floor, Room 9",crime
R09420,"In case of gas leak, don't switch on the bulb","Park Slope, Brooklyn",other
R05332,"Part of the building has collapsed at Ashland Place Tower, and students may need rescue.!!!","300 Ashland Place, Downtown Brooklyn, 2nd floor, Room 5",collapse
R06490,Flood. Help .. ...,"88 Wall Street, Financial District, Manhattan, 2nd floor, Room 2",flood
R09210,"The lift stopped suddenly, people are inside","15 MetroTech Center, Downtown Brooklyn, 4th floor, Room 4",other
R04909,Run,"861 Grand Concourse, The Bronx, 2nd floor, Room 2",collapse
R07401,"Gunmen in. Eighth Avenue Tower main office, need immediate hlp","111 Eighth Avenue, Chelsea, Manhattan, 8th floor, Room 9",crime
R03371,"I think I'm dying, please help","861 Grand Concourse, The Bronx, 2nd floor, Room 1",medical
R03128,"Two vehicles collided, Midtown Tower, 2nd floor, Room Room 12","432 Park Avenue, Midtown Manhattan, 2nd floor, Room 2",accident
R01649,"EXPLOSION 3rd floor, Queens Plaza Complex, HELP MEEE!","27-01 Queens Plaza North, Long Island City, 3rd floor, Room 3",explosion
R01716,Something exploded we need to run,"861 Grand Concourse, The Bronx, 3rd floor, Room 1",explosion
R05410,Building collapsing run run!!!,"111 Eighth Avenue, Chelsea, Manhattan, 7th floor, Room 11",collapse
R03624,"Please send an ambulance to MetroTech Center, 5th floor, Room 909","15 MetroTech Center, Downtown Brooklyn, 5th floor, Room 9",medical
R09774,Gas leakage here don't switch bulb on,"27-01 Queens Plaza North, Long Island City, 6th floor, Room 2",other
R06632,Blub blub blub,"Chinatown, Manhattan",flood
R06871,"Something serious is happening here, hurry","29-27 41st Avenue, Long Island City, 4th floor, Room 4",crime
R04969,The building has collapsed. Save me!,"88 Wall Street, Financial District, Manhattan, 5th floor, Room 5",collapse
R07523,"Catch the criminal, close the gates!!","Park Slope, Brooklyn",crime
R05199,"Building collapsed of Chelsea Heights, need help","450 West 33rd Street, Chelsea, Manhattan, 3rd floor, Room 3",collapse
R05275,No wayyy building falling,"Park Slope, Brooklyn",collapse
R09370,"Something unusual is happening near Queens Plaza Complex, 7th floor, please check","27-01 Queens Plaza North, Long Island City, 7th floor, Room 11",other
R04520,Building collapsing run run,"450 West 33rd Street, Chelsea, Manhattan, 6th floor, Room 9",collapse
R02586,A person got hit by a vehicle near Ashland Place Tower Room 2,"300 Ashland Place, Downtown Brooklyn, 2nd floor, Room 7",accident
R05021,Run under the table,"Washington Heights, Manhattan",collapse
R07441,"Help me.. there's robbery near Flushing, Queens.","111 Eighth Avenue, Chelsea, Manhattan, ground floor, Room 2",crime
R04389,Helpp it's medical emergency,"2 Penn Plaza, Midtown Manhattan, 8th floor, Room 10",medical
R06677,"Someone is threatening people near Eighth Avenue Tower, 3rd floor, Room Room 11, call police","111 Eighth Avenue, Chelsea, Manhattan, 3rd floor, Room 1",crime
R00922,Atlantic Terminal: help mee fire fire fire,"Bushwick, Brooklyn",fire
R09986,Power is gone and people are stuck in the lift,"300 Ashland Place, Downtown Brooklyn, 2nd floor, Room 3",other
R01589,502! firee!!!!! blast Ashland Place Tower 2nd floor,"Riverdale, The Bronx",explosion
R01089,"Oh no, fire has started","2 Penn Plaza, Midtown Manhattan, 3rd floor, Room 4",fire
R05428,Hellllppppppp!!!! This building is falling!! ...,"300 Ashland Place, Downtown Brooklyn, ground floor, Room 5",collapse
R06185,Move to top floor ...,"450 West 33rd Street, Chelsea, Manhattan, 4th floor, Room 2",flood
R09289,The lift has stopped working. Save me!!!,"2 Penn Plaza, Midtown Manhattan, 6th floor, Room 8",other
R09247,Help mee!!!,"Morningside Heights, Manhattan",other
R04846,"Part of the building has collapsed at Midtown Tower, and students may need rescue.","432 Park Avenue, Midtown Manhattan, 2nd floor, Room 2",collapse
R03259,"Major accident at Grand Concourse Tower, 7th floor, Room Room 1, need help","861 Grand Concourse, The Bronx, 7th floor, Room 1",accident
R02379,"bike hit someone at Midtown Tower, 3rd floor Room 303, please send help","432 Park Avenue, Midtown Manhattan, 3rd floor, Room 3",accident
R01934,308! Fire!!!!! blast Eighth Avenue Tower 2nd floor,"111 Eighth Avenue, Chelsea, Manhattan, 2nd floor, Room 8",explosion
R02445,"Vehicle overturned near Edgewater Plaza, need rescue","1 Edgewater Plaza, Staten Island, 2nd floor, Room 10",accident
R02145,Loud sound. Was that a bomb? ...,"861 Grand Concourse, The Bronx, 6th floor, Room 6",explosion
R05918,"Flood water is entering the ground floor of LIC Plaza, please send help immediately","Sunset Park, Brooklyn",flood
R05900,Let's move to the higher ground.,"Riverdale, The Bronx",flood
R07324,Am I that unlucky,"2 Penn Plaza, Midtown Manhattan, ground floor, Room 2",crime
R09183,Run for your life,"111 Eighth Avenue, Chelsea, Manhattan, 3rd floor, Room 1",other
R05647,Flood. Help ..,"15 MetroTech Center, Downtown Brooklyn, 2nd floor, Room 1",flood
R03199,"bike hit someone at Edgewater Plaza, 1st floor Room 101, please send help","1 Edgewater Plaza, Staten Island, 1st floor, Room 1",accident
R07681,Call police come fast,"2 Penn Plaza, Midtown Manhattan, 4th floor, Room 4",crime
R09823,Please send maintenance team to Grand Concourse Tower,"861 Grand Concourse, The Bronx, 4th floor, Room 4",other
R05989,Get to higher ground now!!,"2 Penn Plaza, Midtown Manhattan, 8th floor, Room 8",flood
R01679,Something just burst around me. Send rescue squad ASAP,"Bushwick, Brooklyn",explosion
R00616,FIREEEEEE HELPPPPPPPP USSS OUTTTTTTTT. Atlantic Terminal !!! ...,"620 Atlantic Avenue, Brooklyn, 3rd floor, Room 3",fire
R05646,"Flood situation in Astoria, Queens, need relief ASAP!!","29-27 41st Avenue, Long Island City, 7th floor, Room 4",flood
R03609,"Chest pain, LIC Plaza need to go to the hospital fast","861 Grand Concourse, The Bronx, ground floor, Room 10",medical
R04205,Hospital!!! Emergency! Cash! Vehicle needed,"620 Atlantic Avenue, Brooklyn, 4th floor, Room 7",medical
R01982,There has been an explosion in Chelsea Heights there fire everywhere help,"Sunset Park, Brooklyn",explosion
R06939,"Help me.. there's robbery near Astoria, Queens.","Astoria, Queens",crime
R09983,"Road is blocked by a fallen tree near Wall Street Tower, 4th floor Room 801","88 Wall Street, Financial District, Manhattan, 4th floor, Room 12",other
R01568,"There's been an explosion at Flushing, Queens. Call the emergency services!","Flushing, Queens",explosion
R05977,"Water level rising rapidly near Riverdale, The Bronx","Sunset Park, Brooklyn",flood
R00203,LIC Plaza ground floor FIREEEEEE HELP,"Astoria, Queens",fire
R02525,"There has been an accident at Atlantic Terminal, 3rd floor, emergency help needed","620 Atlantic Avenue, Brooklyn, 3rd floor, Room 6",accident
R05302,this builidng is collapsing ... send help,"432 Park Avenue, Midtown Manhattan, 3rd floor, Room 4",collapse
R09180,Lift is stuck between floors at Midtown Tower,"Park Slope, Brooklyn",other
R05479,Go run fast. the building is collapsing,"27-01 Queens Plaza North, Long Island City, 8th floor, Room 8",collapse
R03751,"Chest pain, LIC Plaza need to go to the hospital fast","88 Wall Street, Financial District, Manhattan, 4th floor, Room 5",medical
R06931,A person with a weapon is causing danger at Eighth Avenue Tower Room 6,"111 Eighth Avenue, Chelsea, Manhattan, 8th floor, Room 6",crime
R00860,Fireeeeee helpppppp,"Washington Heights, Manhattan",fire
R09421,"Emergency situation, pls send help immediately","450 West 33rd Street, Chelsea, Manhattan, 8th floor, Room 2",other
R05028,this builidng is collapsing ... send help,"Flushing, Queens",collapse
R06482,there is a flood in our hostel rn. help,"450 West 33rd Street, Chelsea, Manhattan, 8th floor, Room 6",flood
R06148,TAKE HIGH GROUND flood,"620 Atlantic Avenue, Brooklyn, 8th floor, Room 5",flood
R04760,"Building collapsed of Queens Plaza Complex, need helpppp","27-01 Queens Plaza North, Long Island City, 8th floor, Room 8",collapse
R02625,"Accident!!! people hurt, call ambulance","Sunset Park, Brooklyn",accident
R06109,Please evacuate the lower floors of Eighth Avenue Tower as soon as possible,"111 Eighth Avenue, Chelsea, Manhattan, 2nd floor, Room 2",flood
R05920,Stuck in a flood 8th floor Midtown Tower,"432 Park Avenue, Midtown Manhattan, 8th floor, Room 4",flood
R04742,Hellllppppppp!!!! This building is falling!!,"Astoria, Queens",collapse
R05300,"Building collapsed of MetroTech Center, need help","Morningside Heights, Manhattan",collapse
R01609,505! Fire!!!!! blast Eighth Avenue Tower 5th floor,"111 Eighth Avenue, Chelsea, Manhattan, 5th floor, Room 2",explosion
R03789,"I think I'm dying, please help","1 Edgewater Plaza, Staten Island, 4th floor, Room 10",medical
R09854,Power is gone and people are stuck in the lift,"432 Park Avenue, Midtown Manhattan, ground floor, Room 3",other
R07657,"Crime happening here, need police immediately","300 Ashland Place, Downtown Brooklyn, 6th floor, Room 3",crime
R03989,Urgent helpppp needed hereee!!,"88 Wall Street, Financial District, Manhattan, 2nd floor, Room 2",medical
R01677,There's been an explosion at Grand Concourse Tower 3rd floor. Call the emergency services!,"Washington Heights, Manhattan",explosion
R00146,"Fire on ground floor Penn Plaza Tower, please send help immediately","2 Penn Plaza, Midtown Manhattan, ground floor, Room 3",fire
R04675,Run under the table,"861 Grand Concourse, The Bronx, 5th floor, Room 1",collapse
R07738,Call the emergency helpline number!,"Flushing, Queens",crime
R02378,Someone got injured in a road accident at Edgewater Plaza 207,"Chinatown, Manhattan",accident
R00874,"Fire has started in Atlantic Terminal 505, need urgent help","Flushing, Queens",fire
R06558,Savee me from the floodd,"620 Atlantic Avenue, Brooklyn, 6th floor, Room 7",flood
R03211,"Traffic accident near Park Slope, Brooklyn, need immediate assistance","Riverdale, The Bronx",accident
R04009,Call doctor and ask for help,"1 Edgewater Plaza, Staten Island, 6th floor, Room 1",medical
R07170,"Bank robbery, help, 3rd floor Grand Concourse Tower","861 Grand Concourse, The Bronx, 3rd floor, Room 7",crime
R09291,"No electricity in LIC Plaza, please send maintenance","29-27 41st Avenue, Long Island City, 5th floor, Room 6",other
R00318,bro fire 5th floor,"Morningside Heights, Manhattan",fire
R07467,"Help, there is a robbery happening at the bank on Main Road, please contact the police.","Astoria, Queens",crime
R03507,"Someone needs urgent medical help at Chinatown, Manhattan!!","Chinatown, Manhattan",medical
R05740,"Flood, im stuck, save me!","450 West 33rd Street, Chelsea, Manhattan, ground floor, Room 2",flood
R07308,Somebody please call 112 there is a crime going on,"2 Penn Plaza, Midtown Manhattan, 3rd floor, Room 8",crime
R05655,Please evacuate the lower floors of Ashland Place Tower as soon as possible,"300 Ashland Place, Downtown Brooklyn, 4th floor, Room 4",flood
R04030,SOS I am having an attack!!!! MetroTech Center 1st floor,"15 MetroTech Center, Downtown Brooklyn, 1st floor, Room 1",medical
R01226,Helpppp there is a huge explosion helpppp ...,"15 MetroTech Center, Downtown Brooklyn, 4th floor, Room 2",explosion
R06411,"Water level rising rapidly near Park Slope, Brooklyn","Chinatown, Manhattan",flood
R03812,Urgent help needed hereee!!,"620 Atlantic Avenue, Brooklyn, 6th floor, Room 4",medical
R07670,"Crime happening here, need police immediately ASAP!!","88 Wall Street, Financial District, Manhattan, 6th floor, Room 6",crime
R06198,Helpppp i am drowning helpppp,"111 Eighth Avenue, Chelsea, Manhattan, 6th floor, Room 5",flood
R09988,"No electricity in LIC Plaza, please send maintenance!!","29-27 41st Avenue, Long Island City, 3rd floor, Room 2",other
R00274,Fire!! 1st floor MetroTech Center !!!! 701!!,"15 MetroTech Center, Downtown Brooklyn, 7th floor, Room 1",fire
R06530,Move to top floor,"620 Atlantic Avenue, Brooklyn, 4th floor, Room 5",flood
R09641,"Emergency situation at LIC Plaza 507, please send help ASAP!!","Greenwich Village, Manhattan",other
R08899,Water pipe burst near LIC Plaza,"29-27 41st Avenue, Long Island City, 2nd floor, Room 2",other
R03559,"Chest pain, LIC Plaza need to go to the hospital fast","300 Ashland Place, Downtown Brooklyn, 8th floor, Room 2",medical
R07179,"Something serious is happening here, hurry","432 Park Avenue, Midtown Manhattan, 3rd floor, Room 3",crime
R06637,Please evacuate the lower floors of MetroTech Center as soon as possible,"15 MetroTech Center, Downtown Brooklyn, 8th floor, Room 7",flood
R04326,"I think I'm dying, please help ...","88 Wall Street, Financial District, Manhattan, 5th floor, Room 1",medical
R03234,"Car accident, people are injured, send helpppp","Morningside Heights, Manhattan",accident
R02896,"Crash happened outside Wall Street Tower, send medical team","88 Wall Street, Financial District, Manhattan, 1st floor, Room 5",accident
R05333,this builidng is collapsing ... send help,"2 Penn Plaza, Midtown Manhattan, 3rd floor, Room 3",collapse
R04606,"Someone get me out, building collapsed","450 West 33rd Street, Chelsea, Manhattan, 3rd floor, Room 11",collapse
R02257,Accident hereeee help fast,"Astoria, Queens",accident
R05014,this builidng is collapsing ... send help,"Chinatown, Manhattan",collapse
R01184,Loud sound. Was that a bomb?,"450 West 33rd Street, Chelsea, Manhattan, 6th floor, Room 6",explosion
R04830,Run,"88 Wall Street, Financial District, Manhattan, 8th floor, Room 7",collapse
R01582,It will blasttt!!!,"432 Park Avenue, Midtown Manhattan, 1st floor, Room 8",explosion
R06474,Savee me from the floodd,"300 Ashland Place, Downtown Brooklyn, 4th floor, Room 6",flood
R02553,"Road accident near Queens Plaza Complex, ambulance needed","27-01 Queens Plaza North, Long Island City, 7th floor, Room 10",accident
R05445,Run,"620 Atlantic Avenue, Brooklyn, 6th floor, Room 7",collapse
R00499,Grand Concourse Tower: help mee fire fire fire ASAP!!,"Bushwick, Brooklyn",fire
R04372,Call hospital fast pls,"Park Slope, Brooklyn",medical
R07222,"Gunmen in. Grand Concourse Tower main office, need immediate hlp","861 Grand Concourse, The Bronx, 3rd floor, Room 3",crime
R05858,Water everywhere help me,"Park Slope, Brooklyn",flood
R06011,Get to higher ground now!!,"27-01 Queens Plaza North, Long Island City, 7th floor, Room 12",flood
R06908,Somebody please call 112 there is a crime going on,"15 MetroTech Center, Downtown Brooklyn, 3rd floor, Room 3",crime
R03400,"Chest pain, LIC Plaza need to go to the hospital fast","Greenwich Village, Manhattan",medical
R03260,"A vehicle crashed near Chelsea Heights, 5th floor, Room 202","450 West 33rd Street, Chelsea, Manhattan, 5th floor, Room 2",accident
R02760,Bike and car collided near Grand Concourse Tower ground floor,"Bushwick, Brooklyn",accident
R00537,Fire!! 1st floor Queens Plaza Complex !!!! Room 12!!,"27-01 Queens Plaza North, Long Island City, 6th floor, Room 2",fire
R04270,"I think I'm dying, please help","29-27 41st Avenue, Long Island City, 3rd floor, Room 3",medical
R08958,Gas leakage here don't switch bulb on,"1 Edgewater Plaza, Staten Island, 7th floor, Room 7",other
R02416,"Vehicle overturned near Edgewater Plaza, need rescue","1 Edgewater Plaza, Staten Island, ground floor, Room 8",accident
R00422,Fire!! 1st floor Chelsea Heights !!!! 203!!,"450 West 33rd Street, Chelsea, Manhattan, 5th floor, Room 3",fire
R02494,"Crash happened outside Grand Concourse Tower, send medical team","Sunset Park, Brooklyn",accident
R03962,Helpp it's medical emergency,"Bushwick, Brooklyn",medical
R03339,Call ambulance,"27-01 Queens Plaza North, Long Island City, 6th floor, Room 3",medical
R04234,"SOS I am having an attack!!!! Edgewater Plaza, 5th floor Room Room 10","1 Edgewater Plaza, Staten Island, 5th floor, Room 10",medical
R01827,"BLAST. HELP ME!!!! In Grand Concourse Tower, 4th floor Room Room 2!!!","861 Grand Concourse, The Bronx, 4th floor, Room 2",explosion
R06062,HELP US!!! we are stuck in the flood prone area,"15 MetroTech Center, Downtown Brooklyn, 2nd floor, Room 3",flood
R07463,Somebody please call 112 there is a crime going on,"27-01 Queens Plaza North, Long Island City, 5th floor, Room 5",crime
R09487,Power is gone and people are stuck in the lift!!,"Chinatown, Manhattan",other
R03921,Call ambulance,"Greenwich Village, Manhattan",medical
R00530,FIRE. HELP!!!!! LIC Plaza ground floor,"29-27 41st Avenue, Long Island City, ground floor, Room 3",fire
R04092,Save meeeee save meeeee injured injured,"88 Wall Street, Financial District, Manhattan, 7th floor, Room 1",medical
R00423,AHHHHHHHH,"300 Ashland Place, Downtown Brooklyn, 7th floor, Room 7",fire
R05766,flood has come,"88 Wall Street, Financial District, Manhattan, 7th floor, Room 7",flood
R01001,Help there is fire in Atlantic Terminal 2nd floor help,"620 Atlantic Avenue, Brooklyn, 2nd floor, Room 6",fire
R03310,"Traffic accident near Chinatown, Manhattan, need immediate assistance","450 West 33rd Street, Chelsea, Manhattan, 1st floor, Room 1",accident
R06286,"Water level rising rapidly near Park Slope, Brooklyn","88 Wall Street, Financial District, Manhattan, 3rd floor, Room 1",flood
R09868,Road is blocked by a fallen tree near Penn Plaza Tower 808,"2 Penn Plaza, Midtown Manhattan, 8th floor, Room 8",other
R06176,Savee me from the floodd,"29-27 41st Avenue, Long Island City, 1st floor, Room 9",flood
R07123,"Robbery happening near Midtown Tower, send police","Washington Heights, Manhattan",crime
R08940,"Road is blocked by a fallen tree near Chelsea Heights, 1st floor Room Room 7","450 West 33rd Street, Chelsea, Manhattan, 1st floor, Room 7",other
R07282,"Bank robbery, help, 4th floor Atlantic Terminal","620 Atlantic Avenue, Brooklyn, 4th floor, Room 5",crime
R09159,"The lift stopped suddenly, people are inside","300 Ashland Place, Downtown Brooklyn, 3rd floor, Room 4",other
R04912,No wayyy building falling,"29-27 41st Avenue, Long Island City, 5th floor, Room 1",collapse
R05967,"Water level rising rapidly near Greenwich Village, Manhattan","Morningside Heights, Manhattan",flood
R07224,"Crime happening here, need police immediately","Flushing, Queens",crime
R06043,TAKE HIGH GROUND flood,"Riverdale, The Bronx",flood
R09185,A large tree has fallen across the road,"300 Ashland Place, Downtown Brooklyn, 3rd floor, Room 9",other
R06841,"Bank robbery, help, 4th floor Wall Street Tower","Flushing, Queens",crime
R00046,"Fire on 3rd floor Eighth Avenue Tower, please send help immediately","111 Eighth Avenue, Chelsea, Manhattan, 3rd floor, Room 10",fire
R00049,"Edgewater Plaza, ground floor Room 804 FIREEEEEE HELP","1 Edgewater Plaza, Staten Island, ground floor, Room 4",fire
R02852,"Major accident at Midtown Tower, 7th floor Room 707, need help","432 Park Avenue, Midtown Manhattan, 7th floor, Room 7",accident
R00438,firee save me,"Flushing, Queens",fire
R00155,Midtown Tower 607 FIREEEEEE HELP,"432 Park Avenue, Midtown Manhattan, 3rd floor, Room 12",fire
R06421,TAKE HIGH GROUND flood,"300 Ashland Place, Downtown Brooklyn, 2nd floor, Room 2",flood
R04178,"I think I'm dying, please help","88 Wall Street, Financial District, Manhattan, 6th floor, Room 9",medical
R02583,"Major accident at Grand Concourse Tower, 8th floor, need helpppp","861 Grand Concourse, The Bronx, 8th floor, Room 4",accident
R06973,Call police come fast!!,"1 Edgewater Plaza, Staten Island, 5th floor, Room 1",crime
R02985,"Road accident near Wall Street Tower, ambulance needed","Flushing, Queens",accident
R04911,this builidng is collapsing ... send help,"111 Eighth Avenue, Chelsea, Manhattan, 2nd floor, Room 2",collapse
R02919,"Auto accident at Chelsea Heights 601, please help","450 West 33rd Street, Chelsea, Manhattan, 3rd floor, Room 4",accident
R05808,there is a flood in our hostel rn. helpppp,"29-27 41st Avenue, Long Island City, 4th floor, Room 4",flood
R03810,Save meeeee save meeeee injured injured,"29-27 41st Avenue, Long Island City, 8th floor, Room 8",medical
R06963,"Bank robbery, help, 7th floor LIC Plaza!!!","29-27 41st Avenue, Long Island City, 7th floor, Room 6",crime
R03456,Doctor where is he!!!,"450 West 33rd Street, Chelsea, Manhattan, 8th floor, Room 12",medical
R02867,"Road accident near Wall Street Tower, ambulance needed","88 Wall Street, Financial District, Manhattan, 5th floor, Room 5",accident
R01607,Edgewater Plaza: something exploded nearby help,"1 Edgewater Plaza, Staten Island, 1st floor, Room 8",explosion
R09564,"There is a gas smell in the building, please check","15 MetroTech Center, Downtown Brooklyn, 8th floor, Room 8",other
R06200,Savee me from the floodd,"2 Penn Plaza, Midtown Manhattan, 6th floor, Room 9",flood
R02168,There has been an explosion in LIC Plaza there fire everywhere help,"29-27 41st Avenue, Long Island City, 1st floor, Room 9",explosion
R06111,"The ground is flooded, send help, lifeboat and first aid","432 Park Avenue, Midtown Manhattan, 5th floor, Room 3",flood
R02162,Helpppp there is a huge explosionnn helpppp,"450 West 33rd Street, Chelsea, Manhattan, 2nd floor, Room 2",explosion
R06555,Let's move to the higher ground.,"111 Eighth Avenue, Chelsea, Manhattan, 5th floor, Room 8",flood
R09812,"There is a gas smell in the building, please check","861 Grand Concourse, The Bronx, 8th floor, Room 8",other
R07041,I am in dangerrr idk what to do,"432 Park Avenue, Midtown Manhattan, 8th floor, Room 7",crime
R01395,"There's been an explosion at MetroTech Center, 4th floor Room 802. Call the emergency services!","Flushing, Queens",explosion
R01618,There's been an explosion at Queens Plaza Complex 307. Call the emergency services!,"Morningside Heights, Manhattan",explosion
R04869,Hellllppppppp!!!! This building is falling!!,"88 Wall Street, Financial District, Manhattan, 2nd floor, Room 5",collapse
R02209,"There's been an explosion at Edgewater Plaza, 5th floor, Room 505. Call the emergency services!","1 Edgewater Plaza, Staten Island, 5th floor, Room 5",explosion
R00680,Eighth Avenue Tower 3rd floor is on flames.. send help ASAP ...,"111 Eighth Avenue, Chelsea, Manhattan, 3rd floor, Room 3",fire
R03032,"Auto accident at MetroTech Center, 3rd floor Room 303, please help","15 MetroTech Center, Downtown Brooklyn, 3rd floor, Room 3",accident
R06287,Helpppp i am drowning helpppp,"620 Atlantic Avenue, Brooklyn, ground floor, Room 12",flood
R07258,Call the police right now!!,"1 Edgewater Plaza, Staten Island, 2nd floor, Room 11",crime
R06533,Please evacuate the lower floors of Midtown Tower as soon as possible!!!,"432 Park Avenue, Midtown Manhattan, 6th floor, Room 4",flood
R03383,Urgent help needed hereee!!,"1 Edgewater Plaza, Staten Island, 5th floor, Room 8",medical
R06611,Helpppp i am drowning helppppppp,"620 Atlantic Avenue, Brooklyn, 2nd floor, Room 2",flood
R08896,Run for your life,"1 Edgewater Plaza, Staten Island, 5th floor, Room 9",other
R04773,"Someone get me out, building collapsed","432 Park Avenue, Midtown Manhattan, 7th floor, Room 6",collapse
R00498,Fire at Midtown Tower first floor.... Come quickly,"432 Park Avenue, Midtown Manhattan, 7th floor, Room 2",fire
R02618,"Accident!!! people hurt, call ambulance","Bushwick, Brooklyn",accident
R09918,Please send maintenance team to Penn Plaza Tower,"2 Penn Plaza, Midtown Manhattan, 6th floor, Room 7",other
R04818,MetroTech Center under shreds! Building collapse,"Sunset Park, Brooklyn",collapse
R05189,Hellllppppppp!!!! This building is falling!!,"861 Grand Concourse, The Bronx, 4th floor, Room 2",collapse
R05978,"Water level rising rapidly near Washington Heights, Manhattan","300 Ashland Place, Downtown Brooklyn, 4th floor, Room 6",flood
R09237,Road is blocked by a fallen tree near Midtown Tower 2nd floor,"432 Park Avenue, Midtown Manhattan, 2nd floor, Room 6",other
R05587,flood has come,"2 Penn Plaza, Midtown Manhattan, 3rd floor, Room 3",flood
R04404,Doctor where is he,"432 Park Avenue, Midtown Manhattan, 5th floor, Room 5",medical
R03324,Accident hereeee help fast,"15 MetroTech Center, Downtown Brooklyn, 8th floor, Room 6",accident
R03721,I need urgent medical help please,"1 Edgewater Plaza, Staten Island, 3rd floor, Room 3",medical
R09087,Power is gone and people are stuck in the lift,"861 Grand Concourse, The Bronx, 6th floor, Room 3",other
R01071,"Fire on 8th floor Wall Street Tower, pls send help immediately","88 Wall Street, Financial District, Manhattan, 8th floor, Room 9",fire
R05862,Let's move to the higher ground.,"300 Ashland Place, Downtown Brooklyn, 2nd floor, Room 7",flood
R04331,Urgent help needed hereee!!,"Bushwick, Brooklyn",medical
R03583,"Call 108 Queens Plaza Complex, 7th floor Room 707 send guys","27-01 Queens Plaza North, Long Island City, 7th floor, Room 7",medical
R04133,Call doctor and ask for help,"Chinatown, Manhattan",medical
R02979,Bike and car collided near Chelsea Heights 2nd floor!!!,"Sunset Park, Brooklyn",accident
R03771,"Open wound, and concussion emergency first aid and ambulance required ASAP!","Park Slope, Brooklyn",medical
R01146,It will blasttt,"29-27 41st Avenue, Long Island City, 1st floor, Room 8",explosion
R03574,Hospital!!! Emergency! Cash! Vehicle needed,"29-27 41st Avenue, Long Island City, 3rd floor, Room 5",medical
R09561,Power is gone and people are stuck in the lift 😭,"2 Penn Plaza, Midtown Manhattan, 3rd floor, Room 3",other
R00137,Chelsea Heights: help mee fire fire fire,"450 West 33rd Street, Chelsea, Manhattan, 7th floor, Room 7",fire
R05512,EVACUATE,"Sunset Park, Brooklyn",collapse
R00328,Help there is fire in Midtown Tower 5th floor help,"432 Park Avenue, Midtown Manhattan, 5th floor, Room 2",fire
R04580,EVACUATE 😭,"29-27 41st Avenue, Long Island City, 5th floor, Room 5",collapse
R02807,"There has been an accident at Queens Plaza Complex, 4th floor Room 404, emergency help needed","27-01 Queens Plaza North, Long Island City, 4th floor, Room 4",accident
R02123,"Explosion at 5th floor, Grand Concourse Tower Save!!!","Greenwich Village, Manhattan",explosion
R09565,"In case of gas leak, don't switch on the bulb","450 West 33rd Street, Chelsea, Manhattan, 3rd floor, Room 7",other
R03006,"Car accident, people are injured, send help","Chinatown, Manhattan",accident
R00907,Save me I am trapped in fire,"432 Park Avenue, Midtown Manhattan, 6th floor, Room 6",fire
R06968,"Help me.. there's robbery near Washington Heights, Manhattan.","432 Park Avenue, Midtown Manhattan, 1st floor, Room 1",crime
R07212,"Something serious is happening here, hurry","Bushwick, Brooklyn",crime
R08995,A large tree has fallen across the road,"27-01 Queens Plaza North, Long Island City, 8th floor, Room 8",other
R06658,Move to top floor,"88 Wall Street, Financial District, Manhattan, ground floor, Room 4",flood
R09236,"There is a gas smell in the building, please check","Flushing, Queens",other
R02926,"Vehicle overturned near Penn Plaza Tower, need rescue","Sunset Park, Brooklyn",accident
R03868,I need urgent medical help please,"2 Penn Plaza, Midtown Manhattan, ground floor, Room 5",medical
R04924,"The roof just collapsed at Edgewater Plaza, people are trapped","1 Edgewater Plaza, Staten Island, 8th floor, Room 8",collapse
R06531,"Flood situation in Flushing, Queens, need relief ASAP!!!!","Park Slope, Brooklyn",flood
R02160,"BLAST. HELP ME!!!! In Wall Street Tower, 6th floor Room Room 1","88 Wall Street, Financial District, Manhattan, 6th floor, Room 1",explosion
R06099,TAKE HIGH GROUND flood,"Flushing, Queens",flood
R03898,Hospital!!! Emergency! Cash! Vehicle needed,"Sunset Park, Brooklyn",medical
R01404,There has been an explosion in Midtown Tower there fire everywhere help,"Morningside Heights, Manhattan",explosion
R09218,Road is blocked by a fallen tree near Midtown Tower Room 4,"432 Park Avenue, Midtown Manhattan, 8th floor, Room 4",other
R03813,"I have a medical emergency at Chelsea Heights, 7th floor","450 West 33rd Street, Chelsea, Manhattan, 7th floor, Room 10",medical
R05696,Move to top floor,"1 Edgewater Plaza, Staten Island, 5th floor, Room 2",flood
R04532,Building has been collapsed!,"Bushwick, Brooklyn",collapse
R04055,Call hospital fast pls,"Morningside Heights, Manhattan",medical
R01238,"Explosion help , 5th floor Wall Street Tower","Morningside Heights, Manhattan",explosion
R02581,"Vehicle overturned near Queens Plaza Complex, need rescue","27-01 Queens Plaza North, Long Island City, 4th floor, Room 5",accident
R04054,"Call 108 Wall Street Tower, 4th floor, Room 201 send guys","88 Wall Street, Financial District, Manhattan, 4th floor, Room 1",medical
R02296,Accident hereeee help fast ...,"Riverdale, The Bronx",accident
R07601,Call the emergency helpline number!,"2 Penn Plaza, Midtown Manhattan, 5th floor, Room 5",crime
R02291,"Two vehicles collided, Ashland Place Tower, 2nd floor Room 202","300 Ashland Place, Downtown Brooklyn, 2nd floor, Room 12",accident
R04500,8th floor Chelsea Heights building collapsed I’m stuck please help,"Park Slope, Brooklyn",collapse
R04050,Doctor where is he,"29-27 41st Avenue, Long Island City, 8th floor, Room 5",medical
R09832,A large tree has fallen across the road,"Bushwick, Brooklyn",other
R05227,"Someone get me out, building collapsed","111 Eighth Avenue, Chelsea, Manhattan, 3rd floor, Room 1",collapse
R05048,Building has been collapsed!,"Park Slope, Brooklyn",collapse
R00201,Stay away there's a fire!!,"15 MetroTech Center, Downtown Brooklyn, 3rd floor, Room 3",fire
R04112,"I think I'm dying, please help","300 Ashland Place, Downtown Brooklyn, 1st floor, Room 1",medical
R01084,Help!!!!! fire here,"300 Ashland Place, Downtown Brooklyn, 7th floor, Room 9",fire
R00632,Fireeeeee helppppppppp,"432 Park Avenue, Midtown Manhattan, 6th floor, Room 6",fire
R04474,this builidng is collapsing ... send help,"Flushing, Queens",collapse
R08956,Help mee,"29-27 41st Avenue, Long Island City, 5th floor, Room 5",other
R06272,Move to top floor,"300 Ashland Place, Downtown Brooklyn, 1st floor, Room 9",flood
R07191,Am I that unlucky!!,"1 Edgewater Plaza, Staten Island, 4th floor, Room 4",crime
R05847,"The ground is flooded, send help, lifeboat and first aid","2 Penn Plaza, Midtown Manhattan, 8th floor, Room 4",flood
R02344,"Road accident near Penn Plaza Tower, ambulance needed","2 Penn Plaza, Midtown Manhattan, 2nd floor, Room 1",accident
R03549,"I have a medical emergency at Chelsea Heights, 2nd floor Room Room 4","450 West 33rd Street, Chelsea, Manhattan, 2nd floor, Room 4",medical
R06809,"Bomb blast LIC Plaza, 2nd floor Room 809. Save me ...","29-27 41st Avenue, Long Island City, 2nd floor, Room 9",crime
R03797,Hospital emergency. Help,"1 Edgewater Plaza, Staten Island, 1st floor, Room 8",medical
R04834,Run!!,"Morningside Heights, Manhattan",collapse
R09931,Run for your life,"1 Edgewater Plaza, Staten Island, 5th floor, Room 1",other
R01689,MetroTech Center 204 Explosion,"15 MetroTech Center, Downtown Brooklyn, 6th floor, Room 4",explosion
R06536,Water everywhere help me,"Chinatown, Manhattan",flood
R04541,Oh no! The building! It's falling!,"300 Ashland Place, Downtown Brooklyn, 7th floor, Room 7",collapse
R06127,"Flood, im stuck, save me!","Greenwich Village, Manhattan",flood
R04045,"Chest pain, LIC Plaza need to go to the hospital fast","Flushing, Queens",medical
R04085,Hospital!!! Emergency! Cash! Vehicle needed,"Astoria, Queens",medical
R05010,Building has been collapsed!,"Flushing, Queens",collapse
R00927,AHHHHHHHH!!!,"300 Ashland Place, Downtown Brooklyn, 2nd floor, Room 4",fire
R02360,Accident hereeee helpppp fast,"450 West 33rd Street, Chelsea, Manhattan, 5th floor, Room 9",accident
R09623,"Something unusual is happening near Queens Plaza Complex, 3rd floor Room Room 11, please check","27-01 Queens Plaza North, Long Island City, 3rd floor, Room 12",other
R06890,Somebody please call 112 there is a crime going on,"861 Grand Concourse, The Bronx, 1st floor, Room 2",crime
R03241,"Crash happened outside Edgewater Plaza, send medical team","Greenwich Village, Manhattan",accident
R04421,"Open wound, and concussion emergency first aid and ambulance required ASAP!","15 MetroTech Center, Downtown Brooklyn, 8th floor, Room 2",medical
R06024,Move to safe area,"88 Wall Street, Financial District, Manhattan, 2nd floor, Room 9",flood
R03912,Save meeeee save meeeee injured injured ...,"29-27 41st Avenue, Long Island City, 3rd floor, Room 3",medical
R06799,Somebody please call 112 there is a crime going on 😭,"111 Eighth Avenue, Chelsea, Manhattan, 5th floor, Room 6",crime
R00165,Help there is fire in Queens Plaza Complex 7th floor help,"27-01 Queens Plaza North, Long Island City, 7th floor, Room 5",fire
R07216,"Crime happening here, need police immediately","15 MetroTech Center, Downtown Brooklyn, 3rd floor, Room 5",crime
R00823,Fire save me,"2 Penn Plaza, Midtown Manhattan, 8th floor, Room 8",fire
R03735,Call ambulance,"Park Slope, Brooklyn",medical
R02817,"Vehicle overturned near Grand Concourse Tower, need rescue","861 Grand Concourse, The Bronx, ground floor, Room 10",accident
R04078,I need urgent medical help please,"27-01 Queens Plaza North, Long Island City, 5th floor, Room 11",medical
R02844,"A person got hit by a vehicle near Edgewater Plaza, 7th floor Room 707","1 Edgewater Plaza, Staten Island, 7th floor, Room 7",accident
R04429,"Open wound, and concussion emergency first aid and ambulance required ASAP!","29-27 41st Avenue, Long Island City, 1st floor, Room 9",medical
R00040,FIRE. HELP!!!!! Penn Plaza Tower 808,"Astoria, Queens",fire
R07342,Call the emergency helpline number!,"432 Park Avenue, Midtown Manhattan, 8th floor, Room 11",crime
R09791,Gas leakage here don't switch bulb on,"861 Grand Concourse, The Bronx, 4th floor, Room 11",other
R04662,Run under the table,"300 Ashland Place, Downtown Brooklyn, 7th floor, Room 6",collapse
R02521,"Traffic accident near Morningside Heights, Manhattan, need immediate assistance","111 Eighth Avenue, Chelsea, Manhattan, 8th floor, Room 2",accident
R03753,Hospital emergency. Help,"Morningside Heights, Manhattan",medical
R00479,"Fire on 8th floor Atlantic Terminal, please send help immediately","Bushwick, Brooklyn",fire
R00140,MetroTech Center: helpppp mee fire fire fire,"15 MetroTech Center, Downtown Brooklyn, ground floor, Room 9",fire
R05636,Let's move to the higher ground.,"Greenwich Village, Manhattan",flood
R09226,The lift has stopped working. Save me!,"620 Atlantic Avenue, Brooklyn, 5th floor, Room 5",other
R07240,"Something serious is happening here, hurry","1 Edgewater Plaza, Staten Island, 3rd floor, Room 9",crime
R09946,Power is gone and people are stuck in the lift,"450 West 33rd Street, Chelsea, Manhattan, 4th floor, Room 4",other
R09939,"Something unusual is happening near Chelsea Heights, 6th floor, please check","450 West 33rd Street, Chelsea, Manhattan, 6th floor, Room 4",other
R04311,Call doctor and ask for help,"1 Edgewater Plaza, Staten Island, 7th floor, Room 4",medical
R05582,"Flood, I am stuck, save me! 😭","Flushing, Queens",flood
R03855,Call hospital fast pls,"450 West 33rd Street, Chelsea, Manhattan, 8th floor, Room 8",medical
R07033,"Crime happening here, need police immediately","88 Wall Street, Financial District, Manhattan, 5th floor, Room 2",crime
R03418,Urgent help needed hereee!!,"2 Penn Plaza, Midtown Manhattan, 3rd floor, Room 1",medical
R02515,"Vehicle overturned near Queens Plaza Complex, need rescue","Washington Heights, Manhattan",accident
R03909,"I think I'm dying, please help ...","861 Grand Concourse, The Bronx, 6th floor, Room 5",medical
R06215,"The ground is flooded, send help, lifeboat and first aid","29-27 41st Avenue, Long Island City, 5th floor, Room 12",flood
R05947,Let's move to the higher ground. ASAP!!,"620 Atlantic Avenue, Brooklyn, 5th floor, Room 3",flood
R09003,"Road is blocked by a fallen tree near Eighth Avenue Tower, 2nd floor Room Room 9","Flushing, Queens",other
R07174,"Someone is threatening people near Midtown Tower 6th floor, call police pls","Flushing, Queens",crime
R01658,202! Fire!!!!! blast Queens Plaza Complex 2nd floor,"27-01 Queens Plaza North, Long Island City, 2nd floor, Room 2",explosion
R01225,Loud sound. Was that a bomb?!!,"2 Penn Plaza, Midtown Manhattan, 2nd floor, Room 3",explosion
R00048,Help!!!!! fire here,"1 Edgewater Plaza, Staten Island, 2nd floor, Room 1",fire
R02289,"Two vehicles collided, LIC Plaza, 5th floor Room Room 10","29-27 41st Avenue, Long Island City, 5th floor, Room 9",accident
R05337,8th floor Queens Plaza Complex building collapsed I’m stuck please help,"27-01 Queens Plaza North, Long Island City, 8th floor, Room 10",collapse
R03074,Bike and car collided near LIC Plaza 5th floor,"29-27 41st Avenue, Long Island City, 5th floor, Room 3",accident
R09786,Lift is stuck between floors at Penn Plaza Tower,"2 Penn Plaza, Midtown Manhattan, 6th floor, Room 7",other
R02936,"Traffic accident near Park Slope, Brooklyn, need immediate assistance","27-01 Queens Plaza North, Long Island City, 7th floor, Room 2",accident
R06509,Let's move to the higher ground.,"620 Atlantic Avenue, Brooklyn, 3rd floor, Room 6",flood
R05796,"Flood situation in Astoria, Queens, need relief ASAP!!","2 Penn Plaza, Midtown Manhattan, ground floor, Room 9",flood
R02694,"Accident!!! people hurt, call ambulance","861 Grand Concourse, The Bronx, 5th floor, Room 7",accident
R06123,Move to safe area,"300 Ashland Place, Downtown Brooklyn, 7th floor, Room 4",flood
R00166,Fireeeeee helpppppp,"Washington Heights, Manhattan",fire
R03610,Call doctor and ask for help,"Washington Heights, Manhattan",medical
R03875,Doctor where is he,"Bushwick, Brooklyn",medical
R06821,"Robbery happening near Midtown Tower, send police!!","432 Park Avenue, Midtown Manhattan, 2nd floor, Room 2",crime
R05299,Go run fast. the building is collapsing ...,"Washington Heights, Manhattan",collapse
R07416,Am I that unlucky,"Flushing, Queens",crime
R07051,Somebody please call 112 there is a crime going on,"Greenwich Village, Manhattan",crime
R03710,I need urgent medical help please,"Riverdale, The Bronx",medical
R03307,Bike and car collided near Atlantic Terminal 3rd floor,"620 Atlantic Avenue, Brooklyn, 3rd floor, Room 1",accident
R00219,"Penn Plaza Tower, 2nd floor Room Room 5 FIREEEEEE HELP","2 Penn Plaza, Midtown Manhattan, 2nd floor, Room 5",fire
R05184,ground floor Edgewater Plaza building collapsed I’m stuck please help,"Sunset Park, Brooklyn",collapse
R06440,Move to top floor,"27-01 Queens Plaza North, Long Island City, 2nd floor, Room 1",flood
R00996,Fire!! 1st floor Edgewater Plaza !!!! 101!!,"1 Edgewater Plaza, Staten Island, 1st floor, Room 1",fire
R00699,Edgewater Plaza 8th floor is on flames.. send help ASAP,"1 Edgewater Plaza, Staten Island, 8th floor, Room 4",fire
R09656,Gas leakage here don't switch bulb on,"Chinatown, Manhattan",other
R04151,Call doctor and ask for help,"Riverdale, The Bronx",medical
R07673,Call the emergency helpline number!,"300 Ashland Place, Downtown Brooklyn, 5th floor, Room 6",crime
R05525,Building has been collapsed!,"450 West 33rd Street, Chelsea, Manhattan, 3rd floor, Room 6",collapse
R07637,"Help me.. there's robbery near Washington Heights, Manhattan.!!!","Washington Heights, Manhattan",crime
R04121,"Chest pain, LIC Plaza need to go to the hospital fast","450 West 33rd Street, Chelsea, Manhattan, 8th floor, Room 8",medical
R07650,Call the police right now!!,"29-27 41st Avenue, Long Island City, 5th floor, Room 8",crime
R06656,HELP US!!! we are stuck in the flood prone area,"Sunset Park, Brooklyn",flood
R03226,"Major accident at Park Slope, Brooklyn, need help","Park Slope, Brooklyn",accident
R05085,SOS! BUILDING COLLAPSE! LOCATION SENT,"2 Penn Plaza, Midtown Manhattan, 2nd floor, Room 4",collapse
R05972,Get to higher ground now!!,"111 Eighth Avenue, Chelsea, Manhattan, 1st floor, Room 1",flood
R06755,"Someone is threatening people near Chelsea Heights 6th floor, call police","450 West 33rd Street, Chelsea, Manhattan, 6th floor, Room 6",crime
R02520,"There has been an accident at Midtown Tower, 1st floor, Room 403, emergency help needed","432 Park Avenue, Midtown Manhattan, 1st floor, Room 3",accident
R04320,Urgent help needed hereee!!,"450 West 33rd Street, Chelsea, Manhattan, 2nd floor, Room 1",medical
R05684,"Flood situation in Sunset Park, Brooklyn, need relief ASAP!!","15 MetroTech Center, Downtown Brooklyn, 5th floor, Room 9",flood
R00687,"Oh no, fire has started","27-01 Queens Plaza North, Long Island City, 6th floor, Room 6",fire
R03349,Doctor where is he,"111 Eighth Avenue, Chelsea, Manhattan, 5th floor, Room 8",medical
R06642,HELP US!!! we are stuck in the flood prone area,"15 MetroTech Center, Downtown Brooklyn, 8th floor, Room 7",flood
R02995,Someone got injured in a road accident at LIC Plaza 808,"29-27 41st Avenue, Long Island City, 8th floor, Room 8",accident
R03723,Call 108 Ashland Place Tower Room 9 send guys ...,"300 Ashland Place, Downtown Brooklyn, ground floor, Room 4",medical
R05259,Run under the table,"Flushing, Queens",collapse
R02790,"bike hit someone at Eighth Avenue Tower 301, please send help","Chinatown, Manhattan",accident
R01978,Shit!! huge blast,"15 MetroTech Center, Downtown Brooklyn, 1st floor, Room 11",explosion
R01560,"EXPLOSION 6th floor, Penn Plaza Tower, HELP MEEE!!!","2 Penn Plaza, Midtown Manhattan, 6th floor, Room 2",explosion
R07140,Somebody please call 112 there is a crime going on,"88 Wall Street, Financial District, Manhattan, 6th floor, Room 1",crime
R06994,"Robbery happening near MetroTech Center, send police","15 MetroTech Center, Downtown Brooklyn, ground floor, Room 6",crime
R04631,Hellllppppppp!!!! This building is falling!!,"Riverdale, The Bronx",collapse
R06569,Helpppp i am drowning helpppp,"Riverdale, The Bronx",flood
R04867,Eighth Avenue Tower under shreds! Building collapse,"111 Eighth Avenue, Chelsea, Manhattan, 4th floor, Room 8",collapse
R00683,THIS IS NOT A DRILL. THERE'S A FIRE IN THE BUILDING. SEND HELP!,"Astoria, Queens",fire
R01083,THIS IS NOT A DRILL. THERE'S A FIRE IN THE BUILDING. SEND HELP!,"29-27 41st Avenue, Long Island City, 3rd floor, Room 2",fire
R03161,"Vehicle overturned near Queens Plaza Complex, need rescue","Washington Heights, Manhattan",accident
R00230,Firee fireee at Chelsea Heights saveee mee,"450 West 33rd Street, Chelsea, Manhattan, 1st floor, Room 3",fire
R00575,Firee fireee at Queens Plaza Complex saveee mee,"Sunset Park, Brooklyn",fire
R05469,The building has collapsed. Save me!,"88 Wall Street, Financial District, Manhattan, 2nd floor, Room 2",collapse
R05691,Savee me from the floodd ASAP!!,"Washington Heights, Manhattan",flood
R07264,I am in dangerrr idk what to do,"111 Eighth Avenue, Chelsea, Manhattan, 3rd floor, Room 3",crime
R01154,Something just burst around me. Send rescue squad ASAP 😭,"Bushwick, Brooklyn",explosion
R01563,BLAST. HELP ME!!!! In Wall Street Tower 609!!!,"Astoria, Queens",explosion
R02646,Accident hereeee help fast,"Riverdale, The Bronx",accident
R09507,"Street light is not working near Astoria, Queens","29-27 41st Avenue, Long Island City, 8th floor, Room 5",other
R04434,Call an ambulance! Call an ambulance!,"2 Penn Plaza, Midtown Manhattan, 4th floor, Room 8",medical
R01040,FIREEEEEE HELPPPPPPPP USSS OUTTTTTTTT. LIC Plaza !!!,"29-27 41st Avenue, Long Island City, 7th floor, Room 9",fire
R07129,"Something serious is happening here, hurry","Flushing, Queens",crime
R05907,there is a flood in our hostel rn. help,"27-01 Queens Plaza North, Long Island City, 8th floor, Room 8",flood
R05539,"Someone get me out, building collapsed ...","620 Atlantic Avenue, Brooklyn, 2nd floor, Room 8",collapse
R03706,Call hospital fast pls!!!,"Greenwich Village, Manhattan",medical
R04012,Save meeeee save meeeee injured injured,"620 Atlantic Avenue, Brooklyn, 5th floor, Room 5",medical
R09063,"Emergency situation at Ashland Place Tower Room 9, please send help","300 Ashland Place, Downtown Brooklyn, 6th floor, Room 9",other
R04746,No wayyy building falling,"300 Ashland Place, Downtown Brooklyn, ground floor, Room 7",collapse
R04889,Oh no! The building! It's falling! pls,"Washington Heights, Manhattan",collapse
R04083,Helpp it's medical emergency,"1 Edgewater Plaza, Staten Island, 4th floor, Room 4",medical
R02696,"Vehicle overturned near Chelsea Heights, need rescue ...","450 West 33rd Street, Chelsea, Manhattan, 4th floor, Room 9",accident
R00152,Fire!! 1st floor Edgewater Plaza !!!! 801!!,"1 Edgewater Plaza, Staten Island, 4th floor, Room 1",fire
R04035,Call hospital fast pls,"Washington Heights, Manhattan",medical
R05697,"Flood situation in Sunset Park, Brooklyn, need relief ASAP!!","Bushwick, Brooklyn",flood
R01639,"Ashland Place Tower, 6th floor, Room Room 10 Explosion","300 Ashland Place, Downtown Brooklyn, 6th floor, Room 7",explosion
R03347,Call an ambulance! Call an ambulance!,"Astoria, Queens",medical
R01124,309! Fire!!!!! blast Atlantic Terminal 4th floor,"620 Atlantic Avenue, Brooklyn, 4th floor, Room 9",explosion
R06471,flood has come,"27-01 Queens Plaza North, Long Island City, 3rd floor, Room 7",flood
R03596,"I think I'm dying, please help","450 West 33rd Street, Chelsea, Manhattan, 6th floor, Room 2",medical
R02591,"Major accident at Bushwick, Brooklyn, need help","Bushwick, Brooklyn",accident
R03462,Urgent help needed hereee!!,"Flushing, Queens",medical
R00637,Fire save me,"Greenwich Village, Manhattan",fire
R01441,There has been an explosion in Grand Concourse Tower there fire everywhere help,"861 Grand Concourse, The Bronx, 2nd floor, Room 2",explosion
R05451,"The roof just collapsed at Ashland Place Tower, people are trapped ASAP!!","Riverdale, The Bronx",collapse
R06538,HELP US!!! we are stuck in the flood prone area,"432 Park Avenue, Midtown Manhattan, ground floor, Room 6",flood
R03887,"I think I'm dying, please help","2 Penn Plaza, Midtown Manhattan, 3rd floor, Room 12",medical
R00961,Stay away there's a fire!!,"29-27 41st Avenue, Long Island City, 1st floor, Room 9",fire
R06156,Get to higher ground now!!!!!,"Chinatown, Manhattan",flood
R03578,Call doctor and ask for help,"Park Slope, Brooklyn",medical
R09200,"Emergency situation, please send helpppp immediately","29-27 41st Avenue, Long Island City, 2nd floor, Room 8",other
R03450,"SOS I am having an attack!!!! LIC Plaza, 6th floor, Room 803","29-27 41st Avenue, Long Island City, 6th floor, Room 3",medical
R09680,Please send maintenance team to MetroTech Center,"15 MetroTech Center, Downtown Brooklyn, 8th floor, Room 2",other
R07696,Bomb blast Midtown Tower Room 9. Save me,"Astoria, Queens",crime
R07615,Call police come fast,"450 West 33rd Street, Chelsea, Manhattan, 3rd floor, Room 3",crime
R03176,A person got hit by a vehicle near Atlantic Terminal 509,"620 Atlantic Avenue, Brooklyn, ground floor, Room 5",accident
R02814,"bike hit someone at Grand Concourse Tower 6th floor, please send help","861 Grand Concourse, The Bronx, 6th floor, Room 5",accident
R02680,"A vehicle crashed near MetroTech Center, 3rd floor Room 303","15 MetroTech Center, Downtown Brooklyn, 3rd floor, Room 3",accident
R09955,"The lift stopped suddenly, people are inside","450 West 33rd Street, Chelsea, Manhattan, ground floor, Room 4",other
R04153,Doctor where is he ASAP!!,"Riverdale, The Bronx",medical
R00846,"Fire on 5th floor Chelsea Heights, please send help immediately ASAP!!","Flushing, Queens",fire
R00629,Fire at MetroTech Center first floor.... Come quickly,"Park Slope, Brooklyn",fire
R02847,"bike hit someone at Eighth Avenue Tower, 3rd floor, please send help","111 Eighth Avenue, Chelsea, Manhattan, 3rd floor, Room 4",accident
R05121,No wayyy building falling,"88 Wall Street, Financial District, Manhattan, 8th floor, Room 10",collapse
R03175,"Two vehicles collided, Chinatown, Manhattan","Chinatown, Manhattan",accident
R01093,Save me I am trapped in fire,"1 Edgewater Plaza, Staten Island, ground floor, Room 2",fire
R01944,"BLAST. HELP ME!!!! In Chelsea Heights, ground floor, Room Room 3","450 West 33rd Street, Chelsea, Manhattan, ground floor, Room 3",explosion
R02018,Chelsea Heights: something exploded nearby help 😭,"Greenwich Village, Manhattan",explosion
R05628,Move to safe area,"Chinatown, Manhattan",flood
R02512,"Someone got injured in a road accident at Wall Street Tower, 5th floor Room 505","88 Wall Street, Financial District, Manhattan, 5th floor, Room 5",accident
R02298,"There has been an accident at Atlantic Terminal, 1st floor, Room 709, emergency help needed","620 Atlantic Avenue, Brooklyn, 1st floor, Room 9",accident
R04001,Call an ambulance! Call an ambulance!,"2 Penn Plaza, Midtown Manhattan, 3rd floor, Room 5",medical
R00080,Call fire emergency,"Greenwich Village, Manhattan",fire
R02651,"A vehicle crashed near Sunset Park, Brooklyn","Sunset Park, Brooklyn",accident
R05384,Run under the table,"300 Ashland Place, Downtown Brooklyn, 2nd floor, Room 3",collapse
R01066,Ashland Place Tower 6th floor is on flames.. send help ASAP,"Flushing, Queens",fire
R05695,"Flood water is entering the ground floor of Chelsea Heights, please send help immediately","450 West 33rd Street, Chelsea, Manhattan, 1st floor, Room 8",flood
R03356,Call an ambulance! Call an ambulance!,"27-01 Queens Plaza North, Long Island City, 6th floor, Room 9",medical
R06479,there is a flood in our hostel rn. helpppp,"Park Slope, Brooklyn",flood
R01190,"Explosion at 8th floor, LIC Plaza Save!!!","29-27 41st Avenue, Long Island City, 8th floor, Room 7",explosion
R06000,Flood. Help ..,"300 Ashland Place, Downtown Brooklyn, ground floor, Room 7",flood
R09345,Gas leakage here don't switch bulb on,"2 Penn Plaza, Midtown Manhattan, 8th floor, Room 7",other
R01720,"BLAST. HELP ME!!!! In Ashland Place Tower, 2nd floor Room Room 9","300 Ashland Place, Downtown Brooklyn, 2nd floor, Room 9",explosion
R04699,Hellllppppppp!!!! This building is falling!!,"Chinatown, Manhattan",collapse
R03283,A vehicle crashed near Wall Street Tower 801,"88 Wall Street, Financial District, Manhattan, ground floor, Room 8",accident
R01236,Helpppp there is a huge explosion helpppp,"88 Wall Street, Financial District, Manhattan, 2nd floor, Room 3",explosion
R04931,Building has been collapsed!,"Bushwick, Brooklyn",collapse
R02317,"bike hit someone at Grand Concourse Tower, ground floor, please send help","861 Grand Concourse, The Bronx, ground floor, Room 2",accident
R06252,Water everywhere help me,"Astoria, Queens",flood
R09382,Please send maintenance team to Wall Street Tower,"Morningside Heights, Manhattan",other
R09733,"Emergency situation, please send help immediately","Riverdale, The Bronx",other
R00126,THIS IS NOT A DRILL. THERE'S A FIRE IN THE BUILDING. SEND HELP!,"15 MetroTech Center, Downtown Brooklyn, 3rd floor, Room 7",fire
R07201,"there is a man with black mask and gun in the bank, please help","27-01 Queens Plaza North, Long Island City, 5th floor, Room 5",crime
R00260,Firee fireee at Grand Concourse Tower saveee mee,"861 Grand Concourse, The Bronx, 3rd floor, Room 6",fire
R00134,Help!!!!! fire here,"Morningside Heights, Manhattan",fire
R07559,Am I that unlucky,"27-01 Queens Plaza North, Long Island City, 7th floor, Room 7",crime
R04646,Building has been collapsed!,"861 Grand Concourse, The Bronx, 6th floor, Room 6",collapse
R04874,Hellllppppppp!!!! This building is falling!!!!,"Bushwick, Brooklyn",collapse
R03794,Save meeeee save meeeee injured injured,"Morningside Heights, Manhattan",medical
R01085,Help there is fire in LIC Plaza 6th floor help,"29-27 41st Avenue, Long Island City, 6th floor, Room 1",fire
R07644,"Crime happening here, need police immediately","Flushing, Queens",crime
R04841,"Someone get me out, building collapsed","300 Ashland Place, Downtown Brooklyn, 3rd floor, Room 6",collapse
R06083,flood has come,"450 West 33rd Street, Chelsea, Manhattan, 5th floor, Room 5",flood
R01212,Loud sound. Was that a bomb?,"861 Grand Concourse, The Bronx, 1st floor, Room 3",explosion
R05917,Please evacuate the lower floors of Edgewater Plaza as soon as possible,"1 Edgewater Plaza, Staten Island, 2nd floor, Room 2",flood
R00758,Save me I am trapped in fire,"Sunset Park, Brooklyn",fire
R02329,Accident hereeee help fast,"Bushwick, Brooklyn",accident
R05270,Run under the table,"29-27 41st Avenue, Long Island City, 3rd floor, Room 3",collapse
R07138,"Robbery happening near Penn Plaza Tower, send police","2 Penn Plaza, Midtown Manhattan, 5th floor, Room 5",crime
R07772,"Bank robbery, help, 4th floor Wall Street Tower","Chinatown, Manhattan",crime
R01905,"There's been an explosion at Atlantic Terminal, 4th floor Room Room 11. Call the emergency services! 😭","620 Atlantic Avenue, Brooklyn, 4th floor, Room 1",explosion
R03648,Helpp it's medical emergency,"432 Park Avenue, Midtown Manhattan, 1st floor, Room 1",medical
R09349,Help mee,"450 West 33rd Street, Chelsea, Manhattan, 8th floor, Room 5",other
R01698,Save us we are in Midtown Tower 4th floor,"Washington Heights, Manhattan",explosion
R09139,Lift is stuck between floors at MetroTech Center,"15 MetroTech Center, Downtown Brooklyn, 2nd floor, Room 8",other
R01933,MetroTech Center: something exploded nearby help,"15 MetroTech Center, Downtown Brooklyn, ground floor, Room 2",explosion
R00654,"Fire has started in Wall Street Tower 101, need urgent help","Astoria, Queens",fire
R00901,"Sunset Park, Brooklyn FIREEEEEE HELP","Sunset Park, Brooklyn",fire
R07250,"Armed robbery happening right now at the bank, call the police","2 Penn Plaza, Midtown Manhattan, 6th floor, Room 6",crime
R06142,Savee me from the floodd,"432 Park Avenue, Midtown Manhattan, 8th floor, Room 7",flood
R03908,Hospital!!! Emergency! Cash! Vehicle needed,"620 Atlantic Avenue, Brooklyn, 8th floor, Room 1",medical
R00873,"Fire on 6th floor LIC Plaza, please send helpppp immediately","29-27 41st Avenue, Long Island City, 6th floor, Room 1",fire
R09601,Road is blocked by a fallen tree near Queens Plaza Complex 6th floor pls,"Bushwick, Brooklyn",other
R05291,Leave the building quickly,"Park Slope, Brooklyn",collapse
R04588,"Someone get me out, building collapsed","Morningside Heights, Manhattan",collapse
R03740,"Chest pain, LIC Plaza need to go to the hospital fast","Morningside Heights, Manhattan",medical
R00604,AHHHHHHHH,"29-27 41st Avenue, Long Island City, 3rd floor, Room 5",fire
R02078,Loud sound. Was that a bomb?,"Astoria, Queens",explosion
R07194,"Catch the criminal, close the gates","620 Atlantic Avenue, Brooklyn, ground floor, Room 7",crime
R00351,Fireeeeee helpppppp,"29-27 41st Avenue, Long Island City, 3rd floor, Room 3",fire
R04920,this builidng is collapsing ... send help!!!,"2 Penn Plaza, Midtown Manhattan, 3rd floor, Room 3",collapse
R06265,Water everywhere help me,"432 Park Avenue, Midtown Manhattan, 6th floor, Room 6",flood
R07167,"Help, there is a robbery happening at the bank on Main Road, please contact the police.","2 Penn Plaza, Midtown Manhattan, 7th floor, Room 4",crime
R02518,"Crash happened outside Atlantic Terminal, send medical team","620 Atlantic Avenue, Brooklyn, 6th floor, Room 8",accident
R09962,The lift has stopped working. Save me!,"15 MetroTech Center, Downtown Brooklyn, 3rd floor, Room 3",other
R02247,"Accident!!! people hurt, call ambulance","Greenwich Village, Manhattan",accident
R01699,Helpppp there is a huge explosion helpppp,"Bushwick, Brooklyn",explosion
R06120,Stuck in a flood 6th floor Queens Plaza Complex,"27-01 Queens Plaza North, Long Island City, 6th floor, Room 6",flood
R07643,"Robbery happening near MetroTech Center, send police","15 MetroTech Center, Downtown Brooklyn, 8th floor, Room 8",crime
R01191,"Huge explosion at Grand Concourse Tower, smoke everywhere","861 Grand Concourse, The Bronx, 5th floor, Room 3",explosion
R05487,Oh no! The building! It's falling!,"300 Ashland Place, Downtown Brooklyn, 2nd floor, Room 8",collapse
R06216,HELP US!!! we are stuck in the flood prone area,"29-27 41st Avenue, Long Island City, 2nd floor, Room 1",flood
R07668,Somebody please call 112 there is a crime going on,"432 Park Avenue, Midtown Manhattan, 7th floor, Room 6",crime
R06501,Let's move to the higher ground.,"2 Penn Plaza, Midtown Manhattan, 1st floor, Room 4",flood
R01413,It will blasttt,"1 Edgewater Plaza, Staten Island, 6th floor, Room 3",explosion
R06232,Let's move to the higher ground.,"Washington Heights, Manhattan",flood
R07659,Call police come fast,"2 Penn Plaza, Midtown Manhattan, 1st floor, Room 3",crime
R00255,Help there's fire in Penn Plaza Tower 2nd floor help,"2 Penn Plaza, Midtown Manhattan, 2nd floor, Room 4",fire
R00624,"Fire has started in Queens Plaza Complex 404, need urgent help","27-01 Queens Plaza North, Long Island City, 4th floor, Room 4",fire
R04209,Save meeeee save meeeee injured injured,"Morningside Heights, Manhattan",medical
R04186,"I think I'm dying, please help","15 MetroTech Center, Downtown Brooklyn, 3rd floor, Room 5",medical
R00861,"Oh no, fire has started","Chinatown, Manhattan",fire
R04854,Building collapsing run run,"Riverdale, The Bronx",collapse
R07032,"Crime happening here, need police immediately","Bushwick, Brooklyn",crime
R07755,"Armed robbery happening right now at the bank, call the police!!","29-27 41st Avenue, Long Island City, 8th floor, Room 3",crime
R00508,AHHHHHHHH,"29-27 41st Avenue, Long Island City, 7th floor, Room 7",fire
R07688,"Something serious is happening here, hurry","Greenwich Village, Manhattan",crime
R00211,Help!!!!! fire here 😭,"29-27 41st Avenue, Long Island City, 6th floor, Room 8",fire
R01838,Something exploded we need to run,"29-27 41st Avenue, Long Island City, ground floor, Room 3",explosion
R02756,"Accident!!! people hurt, call ambulance ...","88 Wall Street, Financial District, Manhattan, 3rd floor, Room 9",accident
R07105,"there's a man with black mask and gun in the bank, please help","27-01 Queens Plaza North, Long Island City, 2nd floor, Room 2",crime
R05790,"Flood water is entering the ground floor of Ashland Place Tower, please send help immediately","300 Ashland Place, Downtown Brooklyn, 3rd floor, Room 1",flood
R03731,"Open wound, and concussion emergency first aid and ambulance required ASAP!","620 Atlantic Avenue, Brooklyn, ground floor, Room 12",medical
R09904,Gas leakage here don't switch bulb on,"15 MetroTech Center, Downtown Brooklyn, ground floor, Room 7",other
R09329,"Something unusual is happening near Eighth Avenue Tower, 1st floor, Room 701, please check","111 Eighth Avenue, Chelsea, Manhattan, 1st floor, Room 1",other
R02028,Something exploded we need to run,"27-01 Queens Plaza North, Long Island City, 2nd floor, Room 1",explosion
R03341,"Please send an ambulance to Midtown Tower, 3rd floor Room 909","Washington Heights, Manhattan",medical
R09192,"Emergency situation, please send help immediately","Washington Heights, Manhattan",other
R03684,Call hospital fast pls,"Flushing, Queens",medical
R03644,Please send an ambulance to Ashland Place Tower 101 pls,"300 Ashland Place, Downtown Brooklyn, 8th floor, Room 9",medical
R07242,"Armed robbery happening right now at the bank, call the police","300 Ashland Place, Downtown Brooklyn, 2nd floor, Room 2",crime
R05700,TAKE HIGH GROUND flood,"Greenwich Village, Manhattan",flood
R03683,SOS I am having an attack!!!! Wall Street Tower 602,"88 Wall Street, Financial District, Manhattan, 5th floor, Room 2",medical
R06733,Am I that unlucky,"Park Slope, Brooklyn",crime
R06873,"Help, there is a robbery happening at the bank on Main Road, pls contact the police.","Chinatown, Manhattan",crime
R04749,"Part of the building has collapsed at MetroTech Center, and students may need rescue.","15 MetroTech Center, Downtown Brooklyn, ground floor, Room 7",collapse
R05131,ground floor LIC Plaza building collapsed I’m stuck please help,"29-27 41st Avenue, Long Island City, ground floor, Room 8",collapse
R02014,Loud sound. Was that a bomb?,"Sunset Park, Brooklyn",explosion
R06140,Savee me from the floodd,"Washington Heights, Manhattan",flood
R02822,"Road accident near Eighth Avenue Tower, ambulance needed","Flushing, Queens",accident
R09401,Please send maintenance team to Ashland Place Tower,"300 Ashland Place, Downtown Brooklyn, 3rd floor, Room 1",other
R01379,Explosion in building run away.....,"861 Grand Concourse, The Bronx, 1st floor, Room 1",explosion
R05974,there is a flood in our hostel rn. help,"29-27 41st Avenue, Long Island City, 5th floor, Room 1",flood
R05639,"The ground is flooded, send help, lifeboat and first aid","15 MetroTech Center, Downtown Brooklyn, 6th floor, Room 1",flood
R09368,Power is gone and people are stuck in the lift 😭,"Morningside Heights, Manhattan",other
R01189,"There's been an explosion at Midtown Tower, 1st floor Room Room 2. Call the emergency services!!!!","Chinatown, Manhattan",explosion
R03289,"Road accident near Ashland Place Tower, ambulance needed","Sunset Park, Brooklyn",accident
R02572,"Someone got injured in a road accident at Greenwich Village, Manhattan","Greenwich Village, Manhattan",accident
R09028,"In case of gas leak, don't switch on the bulb","1 Edgewater Plaza, Staten Island, ground floor, Room 7",other
R04355,Call ambulance,"861 Grand Concourse, The Bronx, 4th floor, Room 12",medical
R01819,"Explosion at ground floor, Grand Concourse Tower Save!!!","Morningside Heights, Manhattan",explosion
R05936,there is a flood in our hostel rn. help,"Astoria, Queens",flood
R04680,The building has collapsed. Save me!,"27-01 Queens Plaza North, Long Island City, 1st floor, Room 1",collapse
R09818,"Road is blocked by a fallen tree near Morningside Heights, Manhattan","Morningside Heights, Manhattan",other
R06177,"Flood water is entering the ground floor of Eighth Avenue Tower, pls send help immediately","Flushing, Queens",flood
R00651,Help!!!!! fire here,"Flushing, Queens",fire
R01162,"Huge explosion at Penn Plaza Tower, smoke everywhere","2 Penn Plaza, Midtown Manhattan, 1st floor, Room 5",explosion
R03196,A person got hit by a vehicle near LIC Plaza 4th floor,"29-27 41st Avenue, Long Island City, 4th floor, Room 1",accident
R03375,"Someone needs urgent medical help at Edgewater Plaza, 5th floor Room 505","Sunset Park, Brooklyn",medical
R06500,Savee me from the floodd,"Flushing, Queens",flood
R07620,I am in dangerrr idk what to do,"Flushing, Queens",crime
R09242,Water pipe burst near MetroTech Center,"15 MetroTech Center, Downtown Brooklyn, 4th floor, Room 7",other
R08977,Run for your life,"88 Wall Street, Financial District, Manhattan, 7th floor, Room 3",other
R05555,Oh no! The building! It's falling!,"300 Ashland Place, Downtown Brooklyn, 5th floor, Room 4",collapse
R09504,Power is gone and people are stuck in the lift,"861 Grand Concourse, The Bronx, 4th floor, Room 4",other
R06729,"Crime happening here, need police immediately ASAP!!","300 Ashland Place, Downtown Brooklyn, 5th floor, Room 10",crime
R03359,I need urgent medical helpppp please,"Flushing, Queens",medical
R01024,Help!!!!! fire here,"29-27 41st Avenue, Long Island City, 2nd floor, Room 5",fire
R09429,Power is gone and people are stuck in the lift,"300 Ashland Place, Downtown Brooklyn, 4th floor, Room 10",other
R01343,Save us we are in Wall Street Tower 5th floor!!!,"88 Wall Street, Financial District, Manhattan, 5th floor, Room 5",explosion
R07368,"Something serious is happening here, hurry","Riverdale, The Bronx",crime
R05686,Move to safe area,"450 West 33rd Street, Chelsea, Manhattan, 8th floor, Room 8",flood
R06813,Call the police right now!!!!,"2 Penn Plaza, Midtown Manhattan, 1st floor, Room 7",crime
R00826,Help!!!!! fire here,"29-27 41st Avenue, Long Island City, 6th floor, Room 6",fire
R06911,"Gunmen in. Ashland Place Tower main office, need immediate hlp","300 Ashland Place, Downtown Brooklyn, 6th floor, Room 11",crime
R04407,"Please send an ambulance to Wall Street Tower, ground floor","88 Wall Street, Financial District, Manhattan, ground floor, Room 4",medical
R04719,SOS! BUILDING COLLAPSE! LOCATION SENT,"Riverdale, The Bronx",collapse
R02506,"There has been an accident at Eighth Avenue Tower, 8th floor, Room Room 11, emergency help needed","111 Eighth Avenue, Chelsea, Manhattan, 8th floor, Room 1",accident
R06694,"there is a man with black mask and gun in the bank, please help","27-01 Queens Plaza North, Long Island City, 6th floor, Room 7",crime
R03422,"Call 108 Atlantic Terminal, 5th floor Room 206 send guys","620 Atlantic Avenue, Brooklyn, 5th floor, Room 6",medical
R07542,"Help me.. there's robbery near Park Slope, Brooklyn.","15 MetroTech Center, Downtown Brooklyn, 5th floor, Room 5",crime
R00677,"Oh no, fire has started","111 Eighth Avenue, Chelsea, Manhattan, 8th floor, Room 8",fire
R02996,"Traffic accident near Riverdale, The Bronx, need immediate assistance","300 Ashland Place, Downtown Brooklyn, 7th floor, Room 9",accident
R03483,Save meeeee save meeeee injured injured,"Chinatown, Manhattan",medical
R02558,A vehicle crashed near Eighth Avenue Tower 205,"Chinatown, Manhattan",accident
R03819,Call 108 fasttttt there is an emergency,"27-01 Queens Plaza North, Long Island City, 8th floor, Room 3",medical
R03594,"Open wound, and concussion emergency first aid and ambulance required ASAP!","450 West 33rd Street, Chelsea, Manhattan, 5th floor, Room 5",medical
R07390,Call police come fast,"15 MetroTech Center, Downtown Brooklyn, 4th floor, Room 4",crime
R00169,Fire!! 1st floor Edgewater Plaza !!!! 808!!,"1 Edgewater Plaza, Staten Island, 8th floor, Room 8",fire
R03689,"Open wound, and concussion emergency first aid and ambulance required ASAP!","Riverdale, The Bronx",medical
R06186,"The ground is flooded, send help, lifeboat and first aid","27-01 Queens Plaza North, Long Island City, 1st floor, Room 7",flood
R03192,"Accident!!! people hurt, call ambulance","Riverdale, The Bronx",accident
R01547,It will blasttt,"29-27 41st Avenue, Long Island City, 8th floor, Room 12",explosion
R01996,Shit!! huge blast,"2 Penn Plaza, Midtown Manhattan, 4th floor, Room 1",explosion
R09632,Gas leakage here don't switch bulb on,"Astoria, Queens",other
R05376,SOS! BUILDING COLLAPSE! LOCATION SENT,"Riverdale, The Bronx",collapse
R09633,"Something unusual is happening near Grand Concourse Tower, 5th floor Room 505, please check","861 Grand Concourse, The Bronx, 5th floor, Room 5",other
R07634,Call the police right now!!,"1 Edgewater Plaza, Staten Island, 7th floor, Room 7",crime
R09605,Help mee,"111 Eighth Avenue, Chelsea, Manhattan, 6th floor, Room 6",other
R02397,"Two vehicles collided, Queens Plaza Complex 402","Morningside Heights, Manhattan",accident
R04136,"I have a medical emergency at Grand Concourse Tower, 2nd floor Room 202","861 Grand Concourse, The Bronx, 2nd floor, Room 2",medical
R06417,Move to safe area,"Astoria, Queens",flood
R09782,Water pipe burst near Wall Street Tower,"Bushwick, Brooklyn",other
R06243,Please evacuate the lower floors of Wall Street Tower as soon as possible,"88 Wall Street, Financial District, Manhattan, 6th floor, Room 4",flood
R00626,Save me I am trapped in fire 😭,"Washington Heights, Manhattan",fire
R03028,"Traffic accident near Park Slope, Brooklyn, need immediate assistance","1 Edgewater Plaza, Staten Island, 2nd floor, Room 5",accident
R03367,Doctor where is he ASAP!!,"300 Ashland Place, Downtown Brooklyn, 3rd floor, Room 8",medical
R05943,TAKE HIGH GROUND flood,"111 Eighth Avenue, Chelsea, Manhattan, 6th floor, Room 6",flood
R00284,AHHHHHHHH,"Bushwick, Brooklyn",fire
R09089,Please send maintenance team to Atlantic Terminal,"620 Atlantic Avenue, Brooklyn, 1st floor, Room 1",other
R03120,"There has been an accident at Midtown Tower, 6th floor, emergency help needed","432 Park Avenue, Midtown Manhattan, 6th floor, Room 1",accident
R09475,"Emergency situation at LIC Plaza, 1st floor, Room 202, please send help","29-27 41st Avenue, Long Island City, 1st floor, Room 2",other
R00740,Save me I am trapped in fire,"432 Park Avenue, Midtown Manhattan, 3rd floor, Room 9",fire
R05297,Oh no! The building! It's falling!,"Morningside Heights, Manhattan",collapse
R01538,There has been an explosion in Chelsea Heights there fire everywhere help,"Bushwick, Brooklyn",explosion
R01983,"BLAST. HELP ME!!!! In Bushwick, Brooklyn","Bushwick, Brooklyn",explosion
R05714,Please evacuate the lower floors of Edgewater Plaza as soon as possible,"1 Edgewater Plaza, Staten Island, ground floor, Room 1",flood
R01908,Helpppp there is a huge explosion helpppp,"861 Grand Concourse, The Bronx, 8th floor, Room 1",explosion
R00120,Help there is fire in Atlantic Terminal ground floor help,"620 Atlantic Avenue, Brooklyn, ground floor, Room 12",fire
R06991,"Gunmen in. LIC Plaza main office, need immediate hlp","Sunset Park, Brooklyn",crime
R09663,Water pipe burst near Wall Street Tower,"88 Wall Street, Financial District, Manhattan, 7th floor, Room 4",other
R02901,"There has been an accident at Grand Concourse Tower, ground floor, Room G00, emergency help needed","861 Grand Concourse, The Bronx, ground floor, Room 10",accident
R05795,TAKE HIGH GROUND flood,"27-01 Queens Plaza North, Long Island City, 3rd floor, Room 12",flood
R02232,"Major accident at Chelsea Heights, 2nd floor Room Room 5, need help ASAP!!","450 West 33rd Street, Chelsea, Manhattan, 2nd floor, Room 5",accident
R06932,"Help me.. there's robbery near Park Slope, Brooklyn.!!!","111 Eighth Avenue, Chelsea, Manhattan, 5th floor, Room 5",crime
R09117,Run for your life,"27-01 Queens Plaza North, Long Island City, 2nd floor, Room 2",other
R05520,Building collapsing run run,"Astoria, Queens",collapse
R05202,Go run fast. the building is collapsing,"15 MetroTech Center, Downtown Brooklyn, 5th floor, Room 5",collapse
R04548,Oh no! The building! It's falling!,"88 Wall Street, Financial District, Manhattan, 5th floor, Room 1",collapse
R00765,Chelsea Heights: help mee fire fire fire!!,"450 West 33rd Street, Chelsea, Manhattan, 3rd floor, Room 10",fire
R07743,Call police come fast,"450 West 33rd Street, Chelsea, Manhattan, 7th floor, Room 7",crime
R03923,"Call 108 Washington Heights, Manhattan send guys","Washington Heights, Manhattan",medical
R03314,"A vehicle crashed near Atlantic Terminal, 7th floor, Room 707","620 Atlantic Avenue, Brooklyn, 7th floor, Room 7",accident
R05203,Oh no! The building! It's falling!,"Chinatown, Manhattan",collapse
R00083,"FIRE. HELP!!!!! Chelsea Heights, 6th floor, Room 606","450 West 33rd Street, Chelsea, Manhattan, 6th floor, Room 6",fire
R05544,this builidng is collapsing ... send help,"Riverdale, The Bronx",collapse
R09707,"No electricity in Penn Plaza Tower, please send maintenance","2 Penn Plaza, Midtown Manhattan, 3rd floor, Room 1",other
R04848,The building has collapsed. Save me!,"111 Eighth Avenue, Chelsea, Manhattan, 5th floor, Room 6",collapse
R05063,No wayyy building falling,"15 MetroTech Center, Downtown Brooklyn, 2nd floor, Room 7",collapse
R09201,Power is gone and people are stuck in the lift,"Chinatown, Manhattan",other
R09240,"Emergency situation at MetroTech Center, 2nd floor Room 503, please send help","15 MetroTech Center, Downtown Brooklyn, 2nd floor, Room 3",other
R01394,Loud sound. Was that a bomb?,"861 Grand Concourse, The Bronx, 3rd floor, Room 3",explosion
R06848,"Bank robbery, help, 1st floor Midtown Tower","432 Park Avenue, Midtown Manhattan, 1st floor, Room 3",crime
R00403,AHHHHHHHH ASAP!!,"27-01 Queens Plaza North, Long Island City, 4th floor, Room 2",fire
R00305,FIREEEEEE HELPPPPPPPP USSS OUTTTTTTTT. Queens Plaza Complex !!!,"27-01 Queens Plaza North, Long Island City, 8th floor, Room 6",fire
R07207,"Bomb blast Penn Plaza Tower, 3rd floor Room 303. Save me","Sunset Park, Brooklyn",crime
R01977,"EXPLOSION 4th floor, Penn Plaza Tower, HELP MEEE!","Sunset Park, Brooklyn",explosion
R02700,"Vehicle overturned near Queens Plaza Complex, need rescue","Astoria, Queens",accident
R05104,"Someone get me out, building collapsed!!","15 MetroTech Center, Downtown Brooklyn, 4th floor, Room 8",collapse
R09664,Lift is stuck between floors at Midtown Tower,"Morningside Heights, Manhattan",other
R06443,Move to safe area,"88 Wall Street, Financial District, Manhattan, 4th floor, Room 4",flood
R03828,Please send an ambulance to Grand Concourse Tower 707!!,"861 Grand Concourse, The Bronx, 7th floor, Room 7",medical
R03907,"Please send an ambulance to Queens Plaza Complex, 6th floor Room 305","27-01 Queens Plaza North, Long Island City, 6th floor, Room 5",medical
R02488,"There has been an accident at Midtown Tower, 4th floor Room 507, emergency help needed","432 Park Avenue, Midtown Manhattan, 4th floor, Room 5",accident
R06527,Stuck in a flood 5th floor MetroTech Center,"15 MetroTech Center, Downtown Brooklyn, 5th floor, Room 1",flood
R03390,Hospital!!! Emergency! Cash! Vehicle needed,"111 Eighth Avenue, Chelsea, Manhattan, ground floor, Room 7",medical
R04820,SOS! BUILDING COLLAPSE! LOCATION SENT,"1 Edgewater Plaza, Staten Island, 4th floor, Room 4",collapse
R02682,"Vehicle overturned near Grand Concourse Tower, need rescue","Washington Heights, Manhattan",accident
R04905,Run under the table,"15 MetroTech Center, Downtown Brooklyn, ground floor, Room 7",collapse
R01074,FIREEEEEE HELPPPPPPPP USSS OUTTTTTTTT. Edgewater Plaza !!!,"1 Edgewater Plaza, Staten Island, 2nd floor, Room 8",fire
R00430,AHHHHHHHH,"Park Slope, Brooklyn",fire
R07716,"Something serious is happening here, hurry","Morningside Heights, Manhattan",crime
R04147,Urgent help needed hereee!!,"432 Park Avenue, Midtown Manhattan, 7th floor, Room 7",medical
R09557,Help mee,"111 Eighth Avenue, Chelsea, Manhattan, 2nd floor, Room 1",other
R06394,Stuck in a flood 8th floor Ashland Place Tower,"300 Ashland Place, Downtown Brooklyn, 8th floor, Room 8",flood
R01599,"EXPLOSION 4th floor, LIC Plaza, HELP MEEE!","Riverdale, The Bronx",explosion
R04617,Run,"432 Park Avenue, Midtown Manhattan, ground floor, Room 10",collapse
R09560,"No electricity in Chelsea Heights, please send maintenance","450 West 33rd Street, Chelsea, Manhattan, 1st floor, Room 1",other
R05914,"Flood situation in Washington Heights, Manhattan, need relief ASAP!!","300 Ashland Place, Downtown Brooklyn, ground floor, Room 3",flood
R01363,Something exploded we need to run,"450 West 33rd Street, Chelsea, Manhattan, 6th floor, Room 4",explosion
R06472,Water everywhere help me,"300 Ashland Place, Downtown Brooklyn, 5th floor, Room 5",flood
R05532,Midtown Tower under shreds! Building collapse,"432 Park Avenue, Midtown Manhattan, 8th floor, Room 4",collapse
R01017,Help!!!!! fire here,"620 Atlantic Avenue, Brooklyn, 3rd floor, Room 3",fire
R01583,Save us we are in Wall Street Tower 7th floor,"88 Wall Street, Financial District, Manhattan, 7th floor, Room 1",explosion
R02334,"Crash happened outside Chelsea Heights, send medical team","450 West 33rd Street, Chelsea, Manhattan, 1st floor, Room 6",accident
R01993,"Quickly save us from explosionnn, ground floor, Queens Plaza Complex","Greenwich Village, Manhattan",explosion
R01245,"Explosion help , 8th floor Eighth Avenue Tower","111 Eighth Avenue, Chelsea, Manhattan, 8th floor, Room 8",explosion
R01247,"Explosion help , 3rd floor Queens Plaza Complex","27-01 Queens Plaza North, Long Island City, 3rd floor, Room 12",explosion
R05910,Savee me from the floodd,"29-27 41st Avenue, Long Island City, 2nd floor, Room 7",flood
R03153,"A person got hit by a vehicle near Wall Street Tower, 5th floor Room 505","88 Wall Street, Financial District, Manhattan, 5th floor, Room 5",accident
R00706,Fireeeeee helpppppp,"27-01 Queens Plaza North, Long Island City, 6th floor, Room 2",fire
R01246,"EXPLOSION 1st floor, Queens Plaza Complex, HELP MEEE!","27-01 Queens Plaza North, Long Island City, 1st floor, Room 2",explosion
R09238,"Road is blocked by a fallen tree near Washington Heights, Manhattan","Washington Heights, Manhattan",other
R09468,"Emergency situation, please send help immediately","620 Atlantic Avenue, Brooklyn, 8th floor, Room 8",other
R05496,Eighth Avenue Tower under shreds! Building collapse,"111 Eighth Avenue, Chelsea, Manhattan, 2nd floor, Room 7",collapse
R03188,"A person got hit by a vehicle near Chelsea Heights, ground floor Room G00","450 West 33rd Street, Chelsea, Manhattan, ground floor, Room 9",accident
R01469,Loud sound. Was that a bomb?,"1 Edgewater Plaza, Staten Island, 4th floor, Room 6",explosion
R05538,Leave the building quickly,"1 Edgewater Plaza, Staten Island, 6th floor, Room 7",collapse
R02681,"Auto accident at Wall Street Tower 103, please help","Chinatown, Manhattan",accident
R05149,"The roof just collapsed at Ashland Place Tower, people are trapped","300 Ashland Place, Downtown Brooklyn, 7th floor, Room 7",collapse
R09991,The lift has stopped working. Save me!,"111 Eighth Avenue, Chelsea, Manhattan, 2nd floor, Room 4",other
R05118,3rd floor Edgewater Plaza building collapsed I’m stuck please help,"Riverdale, The Bronx",collapse
R06161,"The ground is flooded, send help, lifeboat and first aid pls","450 West 33rd Street, Chelsea, Manhattan, 6th floor, Room 6",flood
R03184,"Road accident near LIC Plaza, ambulance needed","29-27 41st Avenue, Long Island City, 4th floor, Room 5",accident
R09808,"No electricity in Queens Plaza Complex, please send maintenance","27-01 Queens Plaza North, Long Island City, 7th floor, Room 4",other
R02282,"Accident!!! people hurt, call ambulance","Astoria, Queens",accident
R01674,"Explosion at 1st floor, Wall Street Tower Save!!!","Park Slope, Brooklyn",explosion
R06295,Get to higher ground now!!,"29-27 41st Avenue, Long Island City, 4th floor, Room 9",flood
R03741,Helpp it's medical emergency,"111 Eighth Avenue, Chelsea, Manhattan, 7th floor, Room 6",medical
R03136,"Auto accident at Ashland Place Tower 101, pls help","Morningside Heights, Manhattan",accident
R06466,Please evacuate the lower floors of MetroTech Center as soon as possible,"Greenwich Village, Manhattan",flood
R04759,"Someone get me out, building collapsed","2 Penn Plaza, Midtown Manhattan, 7th floor, Room 7",collapse
R07603,"Something serious is happening here, hurry","Astoria, Queens",crime
R04196,Hospital!!! Emergency! Cash! Vehicle needed,"432 Park Avenue, Midtown Manhattan, 7th floor, Room 7",medical
R01301,There has been an explosion in Eighth Avenue Tower there fire everywhere help,"Morningside Heights, Manhattan",explosion
R06387,"Flood situation in Chinatown, Manhattan, need relief ASAP!!","450 West 33rd Street, Chelsea, Manhattan, 3rd floor, Room 3",flood
R00072,bro fire 5th floor,"Park Slope, Brooklyn",fire
R05339,The building has collapsed. Save me!,"111 Eighth Avenue, Chelsea, Manhattan, 3rd floor, Room 3",collapse
R03337,Save meeeee save meeeee injured injured,"15 MetroTech Center, Downtown Brooklyn, 3rd floor, Room 2",medical
R04074,Save meeeee save meeeee injured injured!!,"Greenwich Village, Manhattan",medical
R00223,"Fire has started in Edgewater Plaza 501, need urgent help","1 Edgewater Plaza, Staten Island, 2nd floor, Room 1",fire
R02075,"EXPLOSION 3rd floor, Edgewater Plaza, HELP MEEE!","1 Edgewater Plaza, Staten Island, 3rd floor, Room 12",explosion
R07272,"Help me.. there's robbery near Greenwich Village, Manhattan.","2 Penn Plaza, Midtown Manhattan, 5th floor, Room 12",crime
R01208,MetroTech Center: something exploded nearby help,"Astoria, Queens",explosion
R03929,Call doctor and ask for help,"88 Wall Street, Financial District, Manhattan, 5th floor, Room 1",medical
R05432,Oh no! The building! It's falling!,"Bushwick, Brooklyn",collapse
R02855,"Traffic accident near Astoria, Queens, need immediate assistance","620 Atlantic Avenue, Brooklyn, 7th floor, Room 12",accident
R09070,A large tree has fallen across the road,"27-01 Queens Plaza North, Long Island City, 1st floor, Room 11",other
R02269,"Two vehicles collided, Grand Concourse Tower, 8th floor Room 605 ASAP!!","Greenwich Village, Manhattan",accident
R03867,Helpp it's medical emergency,"Greenwich Village, Manhattan",medical
R05762,"Flood situation in Bushwick, Brooklyn, need relief ASAP!!!!","Greenwich Village, Manhattan",flood
R02538,"Accident!!! people hurt, call ambulance","88 Wall Street, Financial District, Manhattan, 7th floor, Room 7",accident
R03645,I have a medical emergency at LIC Plaza 3rd floor,"Washington Heights, Manhattan",medical
R05307,Building collapsing run run,"88 Wall Street, Financial District, Manhattan, 5th floor, Room 1",collapse
R05160,Run under the table,"620 Atlantic Avenue, Brooklyn, 2nd floor, Room 12",collapse
R03382,Call 108 Edgewater Plaza 403 send guys,"Riverdale, The Bronx",medical
R00138,AHHHHHHHH,"Washington Heights, Manhattan",fire
R04957,Hellllppppppp!!!! This building is falling!!,"861 Grand Concourse, The Bronx, 3rd floor, Room 3",collapse
R00101,MetroTech Center ground floor is on flames.. send help ASAP,"15 MetroTech Center, Downtown Brooklyn, ground floor, Room 6",fire
R01895,"BLAST. HELP ME!!!! In MetroTech Center, 8th floor Room 808","Washington Heights, Manhattan",explosion
R03198,"Car accident, people are injured, send help","15 MetroTech Center, Downtown Brooklyn, 3rd floor, Room 7",accident
R05905,HELP US!!! we are stuck in the flood prone area,"27-01 Queens Plaza North, Long Island City, 6th floor, Room 7",flood
R00489,FIRE. HELP!!!!! Atlantic Terminal 803,"620 Atlantic Avenue, Brooklyn, 1st floor, Room 3",fire
R03088,"bike hit someone at Ashland Place Tower, 2nd floor, Room Room 6, please send help","300 Ashland Place, Downtown Brooklyn, 2nd floor, Room 6",accident
R02554,"bike hit someone at Eighth Avenue Tower 402, please send help","111 Eighth Avenue, Chelsea, Manhattan, ground floor, Room 2",accident
R09617,"The lift stopped suddenly, people are inside","Astoria, Queens",other
R04963,EVACUATE,"432 Park Avenue, Midtown Manhattan, 7th floor, Room 7",collapse
R07425,Call the emergency helpline number!,"861 Grand Concourse, The Bronx, 3rd floor, Room 3",crime
R00212,Save me I am trapped in fire,"861 Grand Concourse, The Bronx, 7th floor, Room 2",fire
R03980,Urgent help needed hereee!!,"Washington Heights, Manhattan",medical
R06027,Savee me from the floodd,"88 Wall Street, Financial District, Manhattan, 6th floor, Room 4",flood
R08925,Please send maintenance team to Ashland Place Tower,"300 Ashland Place, Downtown Brooklyn, ground floor, Room 10",other
R03162,"Vehicle overturned near Grand Concourse Tower, need rescue","861 Grand Concourse, The Bronx, 4th floor, Room 4",accident
R06748,Bomb blast Grand Concourse Tower 504. Save me 😭,"861 Grand Concourse, The Bronx, 2nd floor, Room 5",crime
R04455,this builidng is collapsing ... send help 😭,"300 Ashland Place, Downtown Brooklyn, 1st floor, Room 1",collapse
R00019,Fire save me,"111 Eighth Avenue, Chelsea, Manhattan, 6th floor, Room 8",fire
R02495,"Crash happened outside MetroTech Center, send medical team","Astoria, Queens",accident
R07311,Call police come fast,"450 West 33rd Street, Chelsea, Manhattan, 3rd floor, Room 3",crime
R02656,"A person got hit by a vehicle near Ashland Place Tower, 5th floor Room 505","300 Ashland Place, Downtown Brooklyn, 5th floor, Room 5",accident
R00570,Help there is fire in Eighth Avenue Tower 6th floor help,"Morningside Heights, Manhattan",fire
R01979,"There's been an explosion at Eighth Avenue Tower, 7th floor Room 707. Call the emergency services!","111 Eighth Avenue, Chelsea, Manhattan, 7th floor, Room 12",explosion
R02811,"Road accident near Midtown Tower, ambulance needed","Park Slope, Brooklyn",accident
R04214,I need urgent medical help please,"2 Penn Plaza, Midtown Manhattan, 3rd floor, Room 8",medical
R01389,It will blasttt,"111 Eighth Avenue, Chelsea, Manhattan, 4th floor, Room 10",explosion
R04966,Building collapsing run run,"Morningside Heights, Manhattan",collapse
R05922,Let's move to the higher ground.,"88 Wall Street, Financial District, Manhattan, 8th floor, Room 8",flood
R06940,"Help, there is a robbery happening at the bank on Main Road, pls contact the police.","Morningside Heights, Manhattan",crime
R01422,"EXPLOSION 1st floor, LIC Plaza, HELP MEEE!","29-27 41st Avenue, Long Island City, 1st floor, Room 5",explosion
R09193,Power is gone and people are stuck in the lift,"2 Penn Plaza, Midtown Manhattan, ground floor, Room 2",other
R00523,"Fire on 1st floor Eighth Avenue Tower, please send help immediately","111 Eighth Avenue, Chelsea, Manhattan, 1st floor, Room 8",fire
R06289,Helpppp i am drowning helpppp,"432 Park Avenue, Midtown Manhattan, 6th floor, Room 9",flood
R05541,SOS! BUILDING COLLAPSE! LOCATION SENT,"1 Edgewater Plaza, Staten Island, 5th floor, Room 8",collapse
R04108,Save meeeee save meeeee injured injured,"861 Grand Concourse, The Bronx, ground floor, Room 5",medical
R09728,"No electricity in Wall Street Tower, please send maintenance","88 Wall Street, Financial District, Manhattan, 2nd floor, Room 6",other
R05911,Move to safe area,"Astoria, Queens",flood
R07633,Am I that unlucky!!,"300 Ashland Place, Downtown Brooklyn, 4th floor, Room 2",crime
R07215,"Gunmen in. Edgewater Plaza main office, need immediate hlp","1 Edgewater Plaza, Staten Island, 4th floor, Room 9",crime
R06512,Water everywhere helpppp me,"Bushwick, Brooklyn",flood
R09150,"Something unusual is happening near Penn Plaza Tower, 5th floor Room 806, please check ...","2 Penn Plaza, Midtown Manhattan, 5th floor, Room 6",other
R02091,"There's been an explosion at Bushwick, Brooklyn. Call the emergency services!!!!","Bushwick, Brooklyn",explosion
R03527,"Someone needs urgent medical help at Grand Concourse Tower, 2nd floor Room 202","Chinatown, Manhattan",medical
R09772,Lift is stuck between floors at Grand Concourse Tower,"861 Grand Concourse, The Bronx, 3rd floor, Room 5",other
R05175,Building has been collapsed!,"15 MetroTech Center, Downtown Brooklyn, 1st floor, Room 1",collapse
R02773,"A vehicle crashed near Astoria, Queens","Astoria, Queens",accident
R06046,Move to safe area,"27-01 Queens Plaza North, Long Island City, 6th floor, Room 6",flood
R03914,Call 108 fasttttt there is an emergency,"Chinatown, Manhattan",medical
R07096,"there is a man with black mask and gun in the bank, please help","15 MetroTech Center, Downtown Brooklyn, 6th floor, Room 6",crime
R09011,Water pipe burst near Midtown Tower,"432 Park Avenue, Midtown Manhattan, 1st floor, Room 12",other
R02001,Atlantic Terminal: something exploded nearby help,"Bushwick, Brooklyn",explosion
R07731,"Bomb blast LIC Plaza, 6th floor Room 606. Save me","29-27 41st Avenue, Long Island City, 6th floor, Room 6",crime
R09767,"Street light is not working near Astoria, Queens","861 Grand Concourse, The Bronx, 4th floor, Room 4",other
R05533,"The roof just collapsed at LIC Plaza, people are trapped","Greenwich Village, Manhattan",collapse
R01748,Atlantic Terminal: something exploded nearby help,"Chinatown, Manhattan",explosion
R03636,"Chest pain, LIC Plaza need to go to the hospital fast","620 Atlantic Avenue, Brooklyn, 5th floor, Room 5",medical
R04878,"Someone get me out, building collapsed","29-27 41st Avenue, Long Island City, 8th floor, Room 9",collapse
R03097,"Major accident at Morningside Heights, Manhattan, need help pls","Morningside Heights, Manhattan",accident
R09896,Water pipe burst near LIC Plaza,"29-27 41st Avenue, Long Island City, 2nd floor, Room 9",other
R06291,Flood. Help ..,"300 Ashland Place, Downtown Brooklyn, 2nd floor, Room 3",flood
R06067,"The ground is flooded, send help, lifeboat and first aid","29-27 41st Avenue, Long Island City, 3rd floor, Room 1",flood
R06136,Blub blub blub ...,"432 Park Avenue, Midtown Manhattan, 8th floor, Room 5",flood
R07156,"Help me.. there's robbery near Chinatown, Manhattan.","29-27 41st Avenue, Long Island City, 1st floor, Room 6",crime
R06709,"Crime happening here, need police immediately","432 Park Avenue, Midtown Manhattan, ground floor, Room 2",crime
R02009,Explosion in building run away.....,"Chinatown, Manhattan",explosion
R03183,"A vehicle crashed near Chelsea Heights, 2nd floor Room 202","Astoria, Queens",accident
R02144,Save us we are in Eighth Avenue Tower 5th floor,"111 Eighth Avenue, Chelsea, Manhattan, 5th floor, Room 6",explosion
R07460,"Gunmen in. Midtown Tower main office, need immediate hlp","432 Park Avenue, Midtown Manhattan, 2nd floor, Room 2",crime
R01471,There has been an explosion in Penn Plaza Tower there fire everywhere help,"Washington Heights, Manhattan",explosion
R07667,Call the police right now!!,"15 MetroTech Center, Downtown Brooklyn, 7th floor, Room 7",crime
R01373,Save us we are in MetroTech Center 6th floor,"Chinatown, Manhattan",explosion
R03599,"Open wound, and concussion emergency first aid and ambulance required ASAP!","Greenwich Village, Manhattan",medical
R07393,"Someone is threatening people near Midtown Tower, 2nd floor Room Room 8, call police","Astoria, Queens",crime
R03453,Call an ambulance! Call an ambulance!,"27-01 Queens Plaza North, Long Island City, 7th floor, Room 10",medical
R05698,Stuck in a flood 3rd floor Edgewater Plaza,"Chinatown, Manhattan",flood
R03410,"I think I'm dying, please help","111 Eighth Avenue, Chelsea, Manhattan, 7th floor, Room 7",medical
R01778,"Explosion help , 5th floor Atlantic Terminal","620 Atlantic Avenue, Brooklyn, 5th floor, Room 3",explosion
R04163,"Call 108 Midtown Tower, 5th floor Room Room 1 send guys","432 Park Avenue, Midtown Manhattan, 5th floor, Room 12",medical
R00234,"FIRE. HELP!!!!! Midtown Tower, 5th floor Room Room 4","Washington Heights, Manhattan",fire
R09729,Water pipe burst near Chelsea Heights,"Morningside Heights, Manhattan",other
R04976,Building collapsing run run,"29-27 41st Avenue, Long Island City, 7th floor, Room 7",collapse
R08947,Gas leakage here don't switch bulb on!!,"88 Wall Street, Financial District, Manhattan, 3rd floor, Room 2",other
R09051,A large tree has fallen across the road,"1 Edgewater Plaza, Staten Island, 4th floor, Room 4",other
R00381,Wall Street Tower: help mee fire fire fire,"88 Wall Street, Financial District, Manhattan, 2nd floor, Room 2",fire
R09385,"No electricity in LIC Plaza, please send maintenance","29-27 41st Avenue, Long Island City, 5th floor, Room 5",other
R03555,Doctor where is he,"620 Atlantic Avenue, Brooklyn, 2nd floor, Room 8",medical
R01943,"Explosion at 3rd floor, Queens Plaza Complex Save!!!","Riverdale, The Bronx",explosion
R00094,Fire save me,"Sunset Park, Brooklyn",fire
R00458,Call fire emergency,"Park Slope, Brooklyn",fire
R07587,"Gunmen in. Grand Concourse Tower main office, need immediate hlp","861 Grand Concourse, The Bronx, 3rd floor, Room 3",crime
R00812,THIS IS NOT A DRILL. THERE'S A FIRE IN THE BUILDING. SEND HELP!,"450 West 33rd Street, Chelsea, Manhattan, 7th floor, Room 9",fire
R09434,Gas leakage here don't switch bulb on,"15 MetroTech Center, Downtown Brooklyn, 3rd floor, Room 3",other
R09551,Gas leakage here don't switch bulb on,"111 Eighth Avenue, Chelsea, Manhattan, ground floor, Room 4",other
R05097,"Someone get me out, building collapsed","620 Atlantic Avenue, Brooklyn, 5th floor, Room 10",collapse
R05727,Let's move to the higher ground.,"450 West 33rd Street, Chelsea, Manhattan, ground floor, Room 2",flood
R09023,Lift is stuck between floors at Midtown Tower,"432 Park Avenue, Midtown Manhattan, 8th floor, Room 6",other
R03665,I have a medical emergency at Eighth Avenue Tower 805,"111 Eighth Avenue, Chelsea, Manhattan, 5th floor, Room 5",medical
R09674,"The lift stopped suddenly, people are inside","432 Park Avenue, Midtown Manhattan, 7th floor, Room 7",other
R09460,Run for your life,"300 Ashland Place, Downtown Brooklyn, 5th floor, Room 4",other
R06614,Let's move to the higher ground.,"Astoria, Queens",flood
R06693,"Catch the criminal, close the gates","300 Ashland Place, Downtown Brooklyn, 5th floor, Room 10",crime
R02492,"There has been an accident at MetroTech Center, 6th floor, emergency help needed","15 MetroTech Center, Downtown Brooklyn, 6th floor, Room 9",accident
R05357,No wayyy building falling 😭,"Astoria, Queens",collapse
R09212,Please send maintenance team to LIC Plaza,"Chinatown, Manhattan",other
R05592,"Flood water is entering the ground floor of Atlantic Terminal, please send help immediately","Chinatown, Manhattan",flood
R06462,there is a flood in our hostel rn. help,"861 Grand Concourse, The Bronx, 3rd floor, Room 3",flood
R01231,"Explosion at 3rd floor, Edgewater Plaza Save!!!","1 Edgewater Plaza, Staten Island, 3rd floor, Room 8",explosion
R09944,The lift has stopped working. Save me!,"620 Atlantic Avenue, Brooklyn, 3rd floor, Room 9",other
R07699,"Crime happening here, need police immediately","Washington Heights, Manhattan",crime
R01172,"Explosion at ground floor, Penn Plaza Tower Save!!!","2 Penn Plaza, Midtown Manhattan, ground floor, Room 9",explosion
R00503,AHHHHHHHH ...,"15 MetroTech Center, Downtown Brooklyn, 4th floor, Room 2",fire
R04996,The building has collapsed. Save me!,"620 Atlantic Avenue, Brooklyn, ground floor, Room 5",collapse
R09893,"The lift stopped suddenly, people are inside","861 Grand Concourse, The Bronx, 6th floor, Room 4",other
R05712,Water everywhere help me,"Washington Heights, Manhattan",flood
R06340,Let's move to the higher ground.,"Flushing, Queens",flood
R03066,"Vehicle overturned near Midtown Tower, need rescue","Morningside Heights, Manhattan",accident
R02191,"Explosion help , 4th floor Midtown Tower","432 Park Avenue, Midtown Manhattan, 4th floor, Room 4",explosion
R07437,"Crime happening here, need police immediately","27-01 Queens Plaza North, Long Island City, 5th floor, Room 3",crime
R07429,"Something serious is happening here, hurry","300 Ashland Place, Downtown Brooklyn, 2nd floor, Room 2",crime
R02683,"Auto accident at Sunset Park, Brooklyn, please help","Sunset Park, Brooklyn",accident
R02490,"Road accident near Queens Plaza Complex, ambulance needed","27-01 Queens Plaza North, Long Island City, ground floor, Room 7",accident
R06950,Bomb blast Eighth Avenue Tower 709. Save me,"111 Eighth Avenue, Chelsea, Manhattan, ground floor, Room 3",crime
R01644,It will blasttt!!,"Astoria, Queens",explosion
R04039,Hospital emergency. Help,"Flushing, Queens",medical
R00182,Fire at Edgewater Plaza first floor.... Come quickly,"Riverdale, The Bronx",fire
R03850,Call doctor and ask for help,"2 Penn Plaza, Midtown Manhattan, ground floor, Room 11",medical
R07654,"there is a man with black mask and gun in the bank, pls help","88 Wall Street, Financial District, Manhattan, 2nd floor, Room 2",crime
R05192,Run ...,"Chinatown, Manhattan",collapse
R05243,4th floor Penn Plaza Tower building collapsed I’m stuck please help,"Greenwich Village, Manhattan",collapse
R06152,flood has come,"15 MetroTech Center, Downtown Brooklyn, 6th floor, Room 6",flood
R06520,Helpppp i am drowning helpppp,"861 Grand Concourse, The Bronx, 2nd floor, Room 5",flood
R07535,"Armed robbery happening right now at the bank, call the police!!!","15 MetroTech Center, Downtown Brooklyn, 8th floor, Room 12",crime
R03143,"Crash happened outside Chelsea Heights, send medical team","450 West 33rd Street, Chelsea, Manhattan, 3rd floor, Room 2",accident
R02454,A person got hit by a vehicle near Ashland Place Tower 102,"300 Ashland Place, Downtown Brooklyn, 6th floor, Room 6",accident
R04480,The building has collapsed. Save me!,"2 Penn Plaza, Midtown Manhattan, 8th floor, Room 5",collapse
R09259,The lift has stopped working. Save me!,"450 West 33rd Street, Chelsea, Manhattan, 6th floor, Room 8",other
R04799,Building has been collapsed!,"29-27 41st Avenue, Long Island City, 8th floor, Room 9",collapse
R00400,FIREEEEEE HELPPPPPPPP USSS OUTTTTTTTT. Atlantic Terminal !!!,"620 Atlantic Avenue, Brooklyn, 7th floor, Room 7",fire
R05447,The building has collapsed. Save me!,"Sunset Park, Brooklyn",collapse
R00133,"Fire has started in Atlantic Terminal 606, need urgent help ...","Morningside Heights, Manhattan",fire
R09856,"Street light is not working near Washington Heights, Manhattan","27-01 Queens Plaza North, Long Island City, 2nd floor, Room 7",other
R02921,"bike hit someone at LIC Plaza, ground floor Room Room 12, please send help","29-27 41st Avenue, Long Island City, ground floor, Room 2",accident
R01957,Something exploded we need to run,"Flushing, Queens",explosion
R05590,Helpppp i am drowning helpppp,"15 MetroTech Center, Downtown Brooklyn, 2nd floor, Room 11",flood
R01627,Something exploded we need to run 😭,"15 MetroTech Center, Downtown Brooklyn, 4th floor, Room 3",explosion
R09198,"No electricity in Edgewater Plaza, pls send maintenance","Greenwich Village, Manhattan",other
R03502,I need urgent medical help please,"861 Grand Concourse, The Bronx, 1st floor, Room 11",medical
R07468,"A person with a weapon is causing danger at Penn Plaza Tower, ground floor","2 Penn Plaza, Midtown Manhattan, ground floor, Room 5",crime
R04991,"The roof just collapsed at Penn Plaza Tower, people are trapped","2 Penn Plaza, Midtown Manhattan, 3rd floor, Room 3",collapse
R04398,"Please send an ambulance to Bushwick, Brooklyn","Bushwick, Brooklyn",medical
R01445,Explosion in building run away.....,"Morningside Heights, Manhattan",explosion
R01468,"Huge explosion at Eighth Avenue Tower, smoke everywhere","Sunset Park, Brooklyn",explosion
R04137,"Someone needs urgent medical help at Penn Plaza Tower, 4th floor Room 404","2 Penn Plaza, Midtown Manhattan, 4th floor, Room 4",medical
R07658,"Armed robbery happening right now at the bank, call the police!!","861 Grand Concourse, The Bronx, 1st floor, Room 1",crime
R02231,"bike hit someone at Grand Concourse Tower, 8th floor Room 708, please send help","861 Grand Concourse, The Bronx, 8th floor, Room 8",accident
R09313,"Street light is not working near Chinatown, Manhattan","111 Eighth Avenue, Chelsea, Manhattan, 2nd floor, Room 2",other
R02628,Someone got injured in a road accident at LIC Plaza 101 pls,"29-27 41st Avenue, Long Island City, 1st floor, Room 1",accident
R05863,Get to higher ground now!!,"111 Eighth Avenue, Chelsea, Manhattan, 4th floor, Room 8",flood
R02253,"Accident!!! people hurt, call ambulance","Morningside Heights, Manhattan",accident
R00682,Firee fireee at Edgewater Plaza saveee mee,"Riverdale, The Bronx",fire
R07736,Bomb blast Eighth Avenue Tower 307. Save me,"111 Eighth Avenue, Chelsea, Manhattan, 6th floor, Room 7",crime
R09433,Water pipe burst near MetroTech Center,"15 MetroTech Center, Downtown Brooklyn, 4th floor, Room 1",other
R07117,police come fast pls,"Riverdale, The Bronx",crime
R00226,Call fire emergency,"432 Park Avenue, Midtown Manhattan, 5th floor, Room 10",fire
R02188,Helpppp there is a huge explosion helpppp,"29-27 41st Avenue, Long Island City, 4th floor, Room 5",explosion
R02099,"Explosion help , 8th floor LIC Plaza","29-27 41st Avenue, Long Island City, 8th floor, Room 8",explosion
R00207,Help!!!!! fire here,"Greenwich Village, Manhattan",fire
R07081,I am in dangerrr idk what to do,"2 Penn Plaza, Midtown Manhattan, 6th floor, Room 6",crime
R01293,Helpppp there's a huge explosion helpppp,"620 Atlantic Avenue, Brooklyn, 4th floor, Room 7",explosion
R00060,Help!!!!! fire here,"111 Eighth Avenue, Chelsea, Manhattan, ground floor, Room 7",fire
R04319,I need urgent medical help please,"Flushing, Queens",medical
R01767,Helpppp there is a huge explosion helpppp,"Chinatown, Manhattan",explosion
R05536,Building collapsing run run,"111 Eighth Avenue, Chelsea, Manhattan, 4th floor, Room 6",collapse
R06758,Am I that unlucky,"29-27 41st Avenue, Long Island City, 6th floor, Room 6",crime
R03770,I have a medical emergency at Wall Street Tower 606,"88 Wall Street, Financial District, Manhattan, 6th floor, Room 6",medical
R03404,I need urgent medical help please,"Chinatown, Manhattan",medical
R01534,It will blasttt,"620 Atlantic Avenue, Brooklyn, 7th floor, Room 7",explosion
R02135,"Explosion help , 1st floor Edgewater Plaza","1 Edgewater Plaza, Staten Island, 1st floor, Room 12",explosion
R04451,The building has collapsed. Save me!,"29-27 41st Avenue, Long Island City, 4th floor, Room 2",collapse
R07055,"Crime happening here, need police immediately","432 Park Avenue, Midtown Manhattan, 5th floor, Room 8",crime
R07514,A person with a weapon is causing danger at MetroTech Center 805,"15 MetroTech Center, Downtown Brooklyn, 2nd floor, Room 5",crime
R08961,Run for your life,"Sunset Park, Brooklyn",other
R01058,Fire at Queens Plaza Complex first floor.... Come quickly,"27-01 Queens Plaza North, Long Island City, 7th floor, Room 3",fire
R02150,Save us we are in Chelsea Heights 4th floor,"450 West 33rd Street, Chelsea, Manhattan, 4th floor, Room 5",explosion
R02972,"Road accident near Grand Concourse Tower, ambulance needed","861 Grand Concourse, The Bronx, 5th floor, Room 1",accident
R02324,"Car accident, people are injured, send help","88 Wall Street, Financial District, Manhattan, 2nd floor, Room 2",accident
R04444,Call doctor and ask for help,"432 Park Avenue, Midtown Manhattan, 7th floor, Room 2",medical
R06719,"Catch the criminal, close the gates","Riverdale, The Bronx",crime
R03057,"There has been an accident at Penn Plaza Tower, 2nd floor, emergency help needed","2 Penn Plaza, Midtown Manhattan, 2nd floor, Room 10",accident
R01032,LIC Plaza: help mee fire fire fire,"29-27 41st Avenue, Long Island City, 5th floor, Room 5",fire
R06311,"Flood situation in Greenwich Village, Manhattan, need relief ASAP!!","1 Edgewater Plaza, Staten Island, 4th floor, Room 12",flood
R04322,"Call 108 Wall Street Tower, 8th floor, Room 208 send guys","88 Wall Street, Financial District, Manhattan, 8th floor, Room 8",medical
R06840,"Someone is threatening people near Sunset Park, Brooklyn, call police ...","Sunset Park, Brooklyn",crime
R02928,"Crash happened outside Eighth Avenue Tower, send medical team","111 Eighth Avenue, Chelsea, Manhattan, 4th floor, Room 8",accident
R09365,"Street light is not working near Morningside Heights, Manhattan","861 Grand Concourse, The Bronx, 4th floor, Room 9",other
R06435,Blub blub blub,"2 Penn Plaza, Midtown Manhattan, 7th floor, Room 7",flood
R08946,The lift has stopped working. Save me!,"300 Ashland Place, Downtown Brooklyn, 6th floor, Room 6",other
R07402,"Catch the criminal, close the gates","1 Edgewater Plaza, Staten Island, 4th floor, Room 11",crime
R01648,MetroTech Center Room 3 Explosion,"15 MetroTech Center, Downtown Brooklyn, 8th floor, Room 3",explosion
R06865,Call the emergency helpline number! ASAP!!,"Park Slope, Brooklyn",crime
R07417,Call police come fast,"29-27 41st Avenue, Long Island City, 1st floor, Room 2",crime
R03040,"Auto accident at Grand Concourse Tower 5th floor, please help","861 Grand Concourse, The Bronx, 5th floor, Room 5",accident
R09631,Run for your life,"Astoria, Queens",other
R08981,"Something unusual is happening near Grand Concourse Tower, 5th floor, Room 505, please check","861 Grand Concourse, The Bronx, 5th floor, Room 5",other
R09120,A large tree has fallen across the road,"Greenwich Village, Manhattan",other
R00436,Save me I am trapped in fire,"Sunset Park, Brooklyn",fire
R00691,AHHHHHHHH 😭,"111 Eighth Avenue, Chelsea, Manhattan, 6th floor, Room 8",fire
R04305,"Chest pain, LIC Plaza need to go to the hospital fast","15 MetroTech Center, Downtown Brooklyn, 6th floor, Room 1",medical
R04182,Save meeeee save meeeee injured injured,"620 Atlantic Avenue, Brooklyn, ground floor, Room 7",medical
R01182,There has been an explosion in Queens Plaza Complex there fire everywhere help,"27-01 Queens Plaza North, Long Island City, 7th floor, Room 7",explosion
R09021,"No electricity in Midtown Tower, please send maintenance","Flushing, Queens",other
R01612,"Huge explosion at MetroTech Center, smoke everywhere","15 MetroTech Center, Downtown Brooklyn, 1st floor, Room 1",explosion
R05746,"The ground is flooded, send help, lifeboat and first aid","Washington Heights, Manhattan",flood
R05964,Please evacuate the lower floors of Grand Concourse Tower as soon as possible,"861 Grand Concourse, The Bronx, 2nd floor, Room 1",flood
R03186,A person got hit by a vehicle near Queens Plaza Complex 407,"Greenwich Village, Manhattan",accident
R06086,"The ground is flooded, send helpppp, lifeboat and first aid","Bushwick, Brooklyn",flood
R09779,"Something unusual is happening near Queens Plaza Complex, 7th floor, Room Room 4, please check","27-01 Queens Plaza North, Long Island City, 7th floor, Room 4",other
R00055,bro fire 7th floor,"300 Ashland Place, Downtown Brooklyn, 7th floor, Room 8",fire
R05868,"Flood water is entering the ground floor of Grand Concourse Tower, please send help immediately","Sunset Park, Brooklyn",flood
R04727,Run under the table,"Flushing, Queens",collapse
R06863,"Help me.. there's robbery near Morningside Heights, Manhattan.","Park Slope, Brooklyn",crime
R09669,"Something unusual is happening near Eighth Avenue Tower 607, please check","111 Eighth Avenue, Chelsea, Manhattan, ground floor, Room 3",other
R04735,No wayyy building falling,"Bushwick, Brooklyn",collapse
R05407,"Building collapsed of Edgewater Plaza, need help","1 Edgewater Plaza, Staten Island, 4th floor, Room 4",collapse
R06965,"Gunmen in. Wall Street Tower main office, need immediate hlp","88 Wall Street, Financial District, Manhattan, 6th floor, Room 6",crime
R09270,Gas leakage here don't switch bulb on,"111 Eighth Avenue, Chelsea, Manhattan, 4th floor, Room 2",other
R07735,A person with a weapon is causing danger at Midtown Tower 703,"432 Park Avenue, Midtown Manhattan, 3rd floor, Room 8",crime
R00657,"Oh no, fire has started","300 Ashland Place, Downtown Brooklyn, 6th floor, Room 10",fire
R03264,Bike and car collided near Queens Plaza Complex 1st floor 😭,"27-01 Queens Plaza North, Long Island City, 1st floor, Room 1",accident
R03666,Save meeeee save meeeee injured injured,"450 West 33rd Street, Chelsea, Manhattan, 1st floor, Room 1",medical
R02934,"Accident!!! people hurt, call ambulance","27-01 Queens Plaza North, Long Island City, 6th floor, Room 7",accident
R06025,Flood. Help ..,"111 Eighth Avenue, Chelsea, Manhattan, 3rd floor, Room 9",flood
R04568,Building collapsing run run,"450 West 33rd Street, Chelsea, Manhattan, 1st floor, Room 1",collapse
R03015,"Auto accident at Edgewater Plaza, 5th floor Room Room 6, please help","1 Edgewater Plaza, Staten Island, 5th floor, Room 4",accident
R02658,A vehicle crashed near LIC Plaza G00,"Riverdale, The Bronx",accident
R00838,Fireeeeee helpppppp,"111 Eighth Avenue, Chelsea, Manhattan, 3rd floor, Room 11",fire
R07030,"Crime happening here, need police immediately","450 West 33rd Street, Chelsea, Manhattan, 2nd floor, Room 11",crime
R01291,Something just burst around me. Send rescue squad ASAP,"Park Slope, Brooklyn",explosion
R02755,"Car accident, people are injured, send help","111 Eighth Avenue, Chelsea, Manhattan, 6th floor, Room 2",accident
R01611,Something exploded we need to run,"88 Wall Street, Financial District, Manhattan, 8th floor, Room 4",explosion
R04312,Helpp it's medical emergency,"27-01 Queens Plaza North, Long Island City, 4th floor, Room 5",medical
R00452,Save me I am trapped in fire,"88 Wall Street, Financial District, Manhattan, 6th floor, Room 6",fire
R00842,Stay away there's a fire!!,"Flushing, Queens",fire
R09934,Lift is stuck between floors at Ashland Place Tower,"300 Ashland Place, Downtown Brooklyn, 2nd floor, Room 2",other
R07451,"A person with a weapon is causing danger at Queens Plaza Complex, 7th floor","27-01 Queens Plaza North, Long Island City, 7th floor, Room 12",crime
R00509,Help there is fire in Grand Concourse Tower 2nd floor help,"Washington Heights, Manhattan",fire
R01106,Call fire emergency,"300 Ashland Place, Downtown Brooklyn, 7th floor, Room 7",fire
R00684,bro fire 6th floor,"861 Grand Concourse, The Bronx, 6th floor, Room 1",fire
R04487,EVACUATE,"Flushing, Queens",collapse
R01742,"Explosion at 3rd floor, Penn Plaza Tower Save!!!","Morningside Heights, Manhattan",explosion
R07561,"Help me.. there's robbery near Astoria, Queens.","15 MetroTech Center, Downtown Brooklyn, 8th floor, Room 8",crime
R02600,"A person got hit by a vehicle near Queens Plaza Complex, 6th floor, Room Room 9","27-01 Queens Plaza North, Long Island City, 6th floor, Room 9",accident
R04734,Leave the building quickly,"27-01 Queens Plaza North, Long Island City, 5th floor, Room 5",collapse
R01300,Loud sound. Was that a bomb?,"27-01 Queens Plaza North, Long Island City, 8th floor, Room 5",explosion
R09572,Lift is stuck between floors at Midtown Tower,"432 Park Avenue, Midtown Manhattan, 4th floor, Room 7",other
R07074,police come fast,"Greenwich Village, Manhattan",crime
R04315,"Someone needs urgent medical help at Edgewater Plaza, 8th floor, Room 808","1 Edgewater Plaza, Staten Island, 8th floor, Room 8",medical
R05593,Please evacuate the lower floors of Eighth Avenue Tower as soon as possible,"111 Eighth Avenue, Chelsea, Manhattan, 1st floor, Room 3",flood
R03969,Hospital!!! Emergency! Cash! Vehicle needed,"432 Park Avenue, Midtown Manhattan, 2nd floor, Room 2",medical
R03815,Call ambulance,"88 Wall Street, Financial District, Manhattan, 7th floor, Room 3",medical
R04301,Call doctor and ask for help,"620 Atlantic Avenue, Brooklyn, 8th floor, Room 5",medical
R00102,"Fire on 1st floor Edgewater Plaza, please send help immediately","1 Edgewater Plaza, Staten Island, 1st floor, Room 7",fire
R07671,"Bank robbery, help, 6th floor Edgewater Plaza","Flushing, Queens",crime
R05023,"Building collapsed of Atlantic Terminal, need help","620 Atlantic Avenue, Brooklyn, 3rd floor, Room 7",collapse
R03560,Save meeeee save meeeee injured injured,"Flushing, Queens",medical
R08991,"The lift stopped suddenly, people are inside","861 Grand Concourse, The Bronx, 7th floor, Room 9",other
R09520,Run for your life,"29-27 41st Avenue, Long Island City, 1st floor, Room 2",other
R01342,"Explosion help , 3rd floor Grand Concourse Tower","Chinatown, Manhattan",explosion
R09320,"In case of gas leak, don't switch on the bulb pls","88 Wall Street, Financial District, Manhattan, 2nd floor, Room 9",other
R02302,Bike and car collided near Ashland Place Tower 4th floor,"300 Ashland Place, Downtown Brooklyn, 4th floor, Room 11",accident
R01322,"Huge explosion at Wall Street Tower, smoke everywhere","88 Wall Street, Financial District, Manhattan, 6th floor, Room 4",explosion
R04375,Hospital emergency. Help,"450 West 33rd Street, Chelsea, Manhattan, 2nd floor, Room 2",medical
R03804,Please send an ambulance to Queens Plaza Complex G00,"27-01 Queens Plaza North, Long Island City, ground floor, Room 1",medical
R09937,Run for your life,"Astoria, Queens",other
R03433,Call an ambulance! Call an ambulance!,"15 MetroTech Center, Downtown Brooklyn, 5th floor, Room 2",medical
R02403,"There has been an accident at Riverdale, The Bronx, emergency help needed","Riverdale, The Bronx",accident
R01906,"Explosion at 8th floor, Edgewater Plaza Save!!!","1 Edgewater Plaza, Staten Island, 8th floor, Room 7",explosion
R00821,Stay away there's a fire!!,"15 MetroTech Center, Downtown Brooklyn, 4th floor, Room 4",fire
R04437,Hospital emergency. Help,"27-01 Queens Plaza North, Long Island City, ground floor, Room 10",medical
R02292,"Traffic accident near Riverdale, The Bronx, need immediate assistance 😭","620 Atlantic Avenue, Brooklyn, 8th floor, Room 5",accident
R02523,"Auto accident at Eighth Avenue Tower 5th floor, please help","Riverdale, The Bronx",accident
R01481,"Explosion help , ground floor LIC Plaza ASAP!!","29-27 41st Avenue, Long Island City, ground floor, Room 9",explosion
R03566,Call doctor and ask for help 😭,"Greenwich Village, Manhattan",medical
R04059,Save meeeee save meeeee injured injured,"1 Edgewater Plaza, Staten Island, 2nd floor, Room 4",medical
R06876,"Something serious is happening here, hurry","861 Grand Concourse, The Bronx, 5th floor, Room 3",crime
R09321,Run for your life,"2 Penn Plaza, Midtown Manhattan, 3rd floor, Room 3",other
R04870,Building has been collapsed!,"861 Grand Concourse, The Bronx, 3rd floor, Room 11",collapse
R07399,Call the police right now!! ...,"Greenwich Village, Manhattan",crime
R03056,"Traffic accident near Flushing, Queens, need immediate assistance","Washington Heights, Manhattan",accident
R09827,"Something unusual is happening near Chelsea Heights, ground floor Room Room 1, please check","450 West 33rd Street, Chelsea, Manhattan, ground floor, Room 1",other
R05876,there is a flood in our hostel rn. helpppp,"1 Edgewater Plaza, Staten Island, 5th floor, Room 8",flood
R09235,The lift has stopped working. Save me!,"861 Grand Concourse, The Bronx, 8th floor, Room 1",other
R09665,"Street light is not working near Riverdale, The Bronx","15 MetroTech Center, Downtown Brooklyn, 2nd floor, Room 6",other
R03046,"Auto accident at MetroTech Center 8th floor, pls help","15 MetroTech Center, Downtown Brooklyn, 8th floor, Room 11",accident
R07534,"Help me.. there's robbery near Sunset Park, Brooklyn.","861 Grand Concourse, The Bronx, 5th floor, Room 6",crime
R09602,"Street light is not working near Washington Heights, Manhattan","861 Grand Concourse, The Bronx, 8th floor, Room 6",other
R03890,Call 108 fasttttt there is an emergency ASAP!!,"Park Slope, Brooklyn",medical
R04918,"Someone get me out, building collapsed","432 Park Avenue, Midtown Manhattan, 7th floor, Room 3",collapse
R09106,Power is gone and people are stuck in the lift,"861 Grand Concourse, The Bronx, 4th floor, Room 10",other
R09811,Help mee,"1 Edgewater Plaza, Staten Island, ground floor, Room 8",other
R00117,"Eighth Avenue Tower, ground floor, Room G00 FIREEEEEE HELP","111 Eighth Avenue, Chelsea, Manhattan, ground floor, Room 10",fire
R03138,Someone got injured in a road accident at Queens Plaza Complex 2nd floor,"27-01 Queens Plaza North, Long Island City, 2nd floor, Room 7",accident
R04784,EVACUATE,"Washington Heights, Manhattan",collapse
R04261,"Someone needs urgent medical help at Grand Concourse Tower, 2nd floor Room Room 1 😭","861 Grand Concourse, The Bronx, 2nd floor, Room 1",medical
R07631,Call the police right now!!,"88 Wall Street, Financial District, Manhattan, 3rd floor, Room 2",crime
R07228,Bomb blast Chelsea Heights 1st floor. Save me,"450 West 33rd Street, Chelsea, Manhattan, 1st floor, Room 8",crime
R04111,Call ambulance,"Riverdale, The Bronx",medical
R03464,I need urgent medical help please,"432 Park Avenue, Midtown Manhattan, 1st floor, Room 8",medical
R01312,Save us we are in Ashland Place Tower ground floor,"300 Ashland Place, Downtown Brooklyn, ground floor, Room 5",explosion
R05749,Water everywhere helpppp me,"15 MetroTech Center, Downtown Brooklyn, 3rd floor, Room 3",flood
R01623,Save us we are in Atlantic Terminal 8th floor,"Astoria, Queens",explosion
R04346,Doctor where is he,"620 Atlantic Avenue, Brooklyn, 1st floor, Room 1",medical
R06473,"Flood situation in Greenwich Village, Manhattan, need relief ASAP!!","620 Atlantic Avenue, Brooklyn, 8th floor, Room 6",flood
R03975,Save meeeee save meeeee injured injured,"29-27 41st Avenue, Long Island City, 4th floor, Room 4",medical
R03237,"Someone got injured in a road accident at Chinatown, Manhattan","Chinatown, Manhattan",accident
R05670,Helpppp i am drowning helpppp,"300 Ashland Place, Downtown Brooklyn, 8th floor, Room 8",flood
R07209,I am in dangerrr idk what to do,"1 Edgewater Plaza, Staten Island, 5th floor, Room 1",crime
R09950,"The lift stopped suddenly, people are inside","1 Edgewater Plaza, Staten Island, 4th floor, Room 2",other
R07551,Am I that unlucky pls,"111 Eighth Avenue, Chelsea, Manhattan, 6th floor, Room 4",crime
R00640,AHHHHHHHH!!!,"861 Grand Concourse, The Bronx, 2nd floor, Room 9",fire
R03715,"I think I'm dying, please help","Flushing, Queens",medical
R07656,"Someone is threatening people near LIC Plaza, 2nd floor Room Room 11, call police","Sunset Park, Brooklyn",crime
R07706,Call the police right now!!,"27-01 Queens Plaza North, Long Island City, 4th floor, Room 3",crime
R06620,HELP US!!! we are stuck in the flood prone area pls,"Sunset Park, Brooklyn",flood
R09116,"Something unusual is happening near Queens Plaza Complex, 3rd floor, Room 303, please check","27-01 Queens Plaza North, Long Island City, 3rd floor, Room 3",other
R00131,bro fire 1st floor,"Bushwick, Brooklyn",fire
R03408,Hospital!!! Emergency! Cash! Vehicle needed,"450 West 33rd Street, Chelsea, Manhattan, 8th floor, Room 7",medical
R09756,"Emergency situation, please send helpppp immediately","15 MetroTech Center, Downtown Brooklyn, 2nd floor, Room 8",other
R06066,Please evacuate the lower floors of MetroTech Center as soon as possible,"15 MetroTech Center, Downtown Brooklyn, 7th floor, Room 4",flood
R06528,Blub blub blub,"Park Slope, Brooklyn",flood
R02376,"Vehicle overturned near MetroTech Center, need rescue","15 MetroTech Center, Downtown Brooklyn, 2nd floor, Room 1",accident
R06426,Let's move to the higher ground.,"111 Eighth Avenue, Chelsea, Manhattan, 6th floor, Room 6",flood
R03796,"Chest pain, LIC Plaza need to go to the hospital fast","Flushing, Queens",medical
R03077,"bike hit someone at Atlantic Terminal, 6th floor Room Room 11, please send help!!","620 Atlantic Avenue, Brooklyn, 6th floor, Room 1",accident
R01991,"Grand Concourse Tower, 1st floor Room Room 6 Explosion!!","861 Grand Concourse, The Bronx, 1st floor, Room 12",explosion
R01810,Loud sound. Was that a bomb?,"88 Wall Street, Financial District, Manhattan, 4th floor, Room 11",explosion
R00862,"Fire has started in Edgewater Plaza 404, need urgent help ASAP!!","1 Edgewater Plaza, Staten Island, 4th floor, Room 11",fire
R03014,A person got hit by a vehicle near Grand Concourse Tower Room 7,"Flushing, Queens",accident
R04388,Hospital!!! Emergency! Cash! Vehicle needed,"15 MetroTech Center, Downtown Brooklyn, 8th floor, Room 8",medical
R01272,Something just burst around me. Send rescue squad ASAP,"1 Edgewater Plaza, Staten Island, 6th floor, Room 4",explosion
R00599,AHHHHHHHH,"111 Eighth Avenue, Chelsea, Manhattan, ground floor, Room 4",fire
R00804,Fire!! 1st floor Grand Concourse Tower !!!! 506!!,"861 Grand Concourse, The Bronx, 7th floor, Room 6",fire
R01515,It will blasttt,"Sunset Park, Brooklyn",explosion
R05852,Flood. Help ..,"450 West 33rd Street, Chelsea, Manhattan, 7th floor, Room 1",flood
R01833,Shit!! huge blast,"15 MetroTech Center, Downtown Brooklyn, 8th floor, Room 8",explosion
R09310,Water pipe burst near Atlantic Terminal,"620 Atlantic Avenue, Brooklyn, 2nd floor, Room 8",other
R00997,Fireeeeee helpppppp!!,"2 Penn Plaza, Midtown Manhattan, 6th floor, Room 6",fire
R08942,"The lift stopped suddenly, people are inside","300 Ashland Place, Downtown Brooklyn, 3rd floor, Room 3",other
R00432,THIS IS NOT A DRILL. THERE'S A FIRE IN THE BUILDING. SEND HELP!,"15 MetroTech Center, Downtown Brooklyn, 7th floor, Room 1",fire
R07190,police come fast,"Riverdale, The Bronx",crime
R03840,Call ambulance,"300 Ashland Place, Downtown Brooklyn, 4th floor, Room 1",medical
R03082,"Accident!!! people hurt, call ambulance","111 Eighth Avenue, Chelsea, Manhattan, 1st floor, Room 11",accident
R02442,"There has been an accident at LIC Plaza, 3rd floor Room Room 9, emergency help needed","29-27 41st Avenue, Long Island City, 3rd floor, Room 9",accident
R06586,TAKE HIGH GROUND flood ASAP!!,"620 Atlantic Avenue, Brooklyn, 5th floor, Room 11",flood
R03265,Bike and car collided near MetroTech Center 8th floor,"15 MetroTech Center, Downtown Brooklyn, 8th floor, Room 6",accident
R00579,Firee fireee at LIC Plaza saveee mee,"29-27 41st Avenue, Long Island City, 8th floor, Room 2",fire
R00773,Firee fireee at Penn Plaza Tower saveee mee ...,"Flushing, Queens",fire
R04557,Leave the building quickly,"88 Wall Street, Financial District, Manhattan, 6th floor, Room 8",collapse
R04036,Call ambulance,"Riverdale, The Bronx",medical
R00034,"FIRE. HELP!!!!! Ashland Place Tower, 4th floor Room 708","300 Ashland Place, Downtown Brooklyn, 4th floor, Room 11",fire
R05839,"Flood, I am stuck, save me!","15 MetroTech Center, Downtown Brooklyn, 5th floor, Room 5",flood
R05050,Leave the building quickly,"15 MetroTech Center, Downtown Brooklyn, 1st floor, Room 11",collapse
R01968,Explosion in building run away.....,"Park Slope, Brooklyn",explosion
R04020,Call an ambulance! Call an ambulance!,"Greenwich Village, Manhattan",medical
R03870,"I have a medical emergency at Eighth Avenue Tower, 8th floor","111 Eighth Avenue, Chelsea, Manhattan, 8th floor, Room 7",medical
R09968,Lift is stuck between floors at Ashland Place Tower,"300 Ashland Place, Downtown Brooklyn, 5th floor, Room 7",other
R05313,Go run fast. the building is collapsing,"Flushing, Queens",collapse
R03976,I need urgent medical help please,"29-27 41st Avenue, Long Island City, 8th floor, Room 5",medical
R01593,Helpppp there is a huge explosion helpppp,"Astoria, Queens",explosion
R07409,Am I that unlucky,"300 Ashland Place, Downtown Brooklyn, 2nd floor, Room 6",crime
R07085,Call police come fast,"88 Wall Street, Financial District, Manhattan, 7th floor, Room 9",crime
R02776,"Two vehicles collided, Chelsea Heights, ground floor, Room G00","450 West 33rd Street, Chelsea, Manhattan, ground floor, Room 5",accident
R04370,"I think I'm dying, please help","27-01 Queens Plaza North, Long Island City, 4th floor, Room 3",medical
R00434,Queens Plaza Complex: help mee fire fire fire,"27-01 Queens Plaza North, Long Island City, 8th floor, Room 3",fire
R07632,Am I that unlucky,"Washington Heights, Manhattan",crime
R09202,Lift is stuck between floors at Queens Plaza Complex,"27-01 Queens Plaza North, Long Island City, 1st floor, Room 11",other
R02103,Penn Plaza Tower: something exploded nearby help,"2 Penn Plaza, Midtown Manhattan, 6th floor, Room 6",explosion
R07134,Somebody please call 112 there is a crime going on,"450 West 33rd Street, Chelsea, Manhattan, 6th floor, Room 4",crime
R09642,"Something unusual is happening near Edgewater Plaza, ground floor, Room G00, please check","1 Edgewater Plaza, Staten Island, ground floor, Room 7",other
R07626,"Help me.. there's robbery near Park Slope, Brooklyn.!!","450 West 33rd Street, Chelsea, Manhattan, 2nd floor, Room 2",crime
R07036,"Help me.. there's robbery near Greenwich Village, Manhattan.","Park Slope, Brooklyn",crime
R00738,Call fire emergency ...,"432 Park Avenue, Midtown Manhattan, 7th floor, Room 7",fire
R06810,I am in dangerrr idk what to do,"432 Park Avenue, Midtown Manhattan, 4th floor, Room 4",crime
R00141,bro fire 1st floor,"Bushwick, Brooklyn",fire
R06654,Get to higher ground now!!,"Riverdale, The Bronx",flood
R09224,"Emergency situation at Midtown Tower, 6th floor Room 605, please send help!!!","432 Park Avenue, Midtown Manhattan, 6th floor, Room 5",other
R02290,"There has been an accident at Greenwich Village, Manhattan, emergency help needed","Greenwich Village, Manhattan",accident
R05777,Blub blub blub,"2 Penn Plaza, Midtown Manhattan, 4th floor, Room 6",flood
R06624,Savee me from the floodd 😭,"Chinatown, Manhattan",flood
R04688,5th floor Eighth Avenue Tower building collapsed I’m stuck please help,"111 Eighth Avenue, Chelsea, Manhattan, 5th floor, Room 4",collapse
R07304,I am in dangerrr idk what to do,"450 West 33rd Street, Chelsea, Manhattan, 3rd floor, Room 3",crime
R01966,"EXPLOSION 3rd floor, Edgewater Plaza, HELP MEEE!!!","1 Edgewater Plaza, Staten Island, 3rd floor, Room 2",explosion
R04724,"Part of the building has collapsed at Edgewater Plaza, and students may need rescue.","1 Edgewater Plaza, Staten Island, 1st floor, Room 1",collapse
R06006,"Flood water is entering the ground floor of Queens Plaza Complex, please send help immediately","27-01 Queens Plaza North, Long Island City, 7th floor, Room 6",flood
R03251,"Accident!!! people hurt, call ambulance","15 MetroTech Center, Downtown Brooklyn, 7th floor, Room 12",accident
R04109,"Open wound, and concussion emergency first aid and ambulance required ASAP!","Sunset Park, Brooklyn",medical
R05671,Stuck in a flood 8th floor Atlantic Terminal,"620 Atlantic Avenue, Brooklyn, 8th floor, Room 2",flood
R02762,"Accident!!! people hurt, call ambulance","27-01 Queens Plaza North, Long Island City, 5th floor, Room 2",accident
R00532,Call fire emergency,"432 Park Avenue, Midtown Manhattan, 1st floor, Room 5",fire
R04106,Urgent help needed hereee!!,"15 MetroTech Center, Downtown Brooklyn, 5th floor, Room 3",medical
R02835,Bike and car collided near Chelsea Heights 6th floor,"Bushwick, Brooklyn",accident
R00959,Firee fireee at Penn Plaza Tower saveee mee,"Greenwich Village, Manhattan",fire
R08994,"Emergency situation at Grand Concourse Tower 105, please send help","861 Grand Concourse, The Bronx, 8th floor, Room 8",other
R09770,A large tree has fallen across the road,"450 West 33rd Street, Chelsea, Manhattan, 2nd floor, Room 2",other
R05630,there is a flood in our hostel rn. helpppp,"Flushing, Queens",flood
R08891,The lift has stopped working. Save me!,"Sunset Park, Brooklyn",other
R00490,Fireeeeee helpppppp,"27-01 Queens Plaza North, Long Island City, ground floor, Room 6",fire
R03362,Urgent help needed hereee!! pls,"88 Wall Street, Financial District, Manhattan, ground floor, Room 3",medical
R07287,police come fast,"Washington Heights, Manhattan",crime
R01414,There's been an explosion at Atlantic Terminal 606. Call the emergency services!,"620 Atlantic Avenue, Brooklyn, 6th floor, Room 6",explosion
R09609,Power is gone and people are stuck in the lift,"1 Edgewater Plaza, Staten Island, ground floor, Room 4",other
R06197,"The ground is flooded, send help, lifeboat and first aid","111 Eighth Avenue, Chelsea, Manhattan, 3rd floor, Room 5",flood
R03816,Helpp it's medical emergency,"432 Park Avenue, Midtown Manhattan, 7th floor, Room 9",medical
R07723,"Bomb blast Queens Plaza Complex, 8th floor Room 808. Save me","27-01 Queens Plaza North, Long Island City, 8th floor, Room 8",crime
R06132,Stuck in a flood 2nd floor LIC Plaza,"29-27 41st Avenue, Long Island City, 2nd floor, Room 2",flood
R04097,Call 108 fasttttt there is an emergency,"111 Eighth Avenue, Chelsea, Manhattan, 1st floor, Room 1",medical
R07461,Bomb blast Grand Concourse Tower 202. Save me,"861 Grand Concourse, The Bronx, 1st floor, Room 1",crime
R05739,Move to safe area,"Morningside Heights, Manhattan",flood
R09082,"Street light is not working near Riverdale, The Bronx","111 Eighth Avenue, Chelsea, Manhattan, 5th floor, Room 2",other
R00063,Save me I am trapped in fire,"Washington Heights, Manhattan",fire
R05272,The building has collapsed. Save me!,"Bushwick, Brooklyn",collapse
R09309,"Road is blocked by a fallen tree near Eighth Avenue Tower, 8th floor Room 808","111 Eighth Avenue, Chelsea, Manhattan, 8th floor, Room 8",other
R01825,It will blasttt pls,"432 Park Avenue, Midtown Manhattan, 1st floor, Room 7",explosion
R04007,Urgent helpppp needed hereee!!,"Morningside Heights, Manhattan",medical
R01762,Save us we are in Atlantic Terminal 3rd floor,"620 Atlantic Avenue, Brooklyn, 3rd floor, Room 11",explosion
R05171,Run under the table,"Chinatown, Manhattan",collapse
R00488,Fire save me,"300 Ashland Place, Downtown Brooklyn, 3rd floor, Room 5",fire
R05413,this builidng is collapsing ... send help!!,"300 Ashland Place, Downtown Brooklyn, 4th floor, Room 2",collapse
R03857,Call hospital fast pls,"300 Ashland Place, Downtown Brooklyn, 2nd floor, Room 1",medical
R09165,Lift is stuck between floors at Queens Plaza Complex,"27-01 Queens Plaza North, Long Island City, 4th floor, Room 9",other
R03010,"Auto accident at Edgewater Plaza 601, please help","Park Slope, Brooklyn",accident
R01409,"Quickly save us from explosion, ground floor, Penn Plaza Tower","2 Penn Plaza, Midtown Manhattan, ground floor, Room 6",explosion
R03730,Helpp it's medical emergency,"1 Edgewater Plaza, Staten Island, 6th floor, Room 2",medical
R05830,"Water level rising rapidly near Bushwick, Brooklyn 😭","Astoria, Queens",flood
R03651,"I think I'm dying, please help","300 Ashland Place, Downtown Brooklyn, 1st floor, Room 7",medical
R06377,Move to safe area!!!,"450 West 33rd Street, Chelsea, Manhattan, 4th floor, Room 6",flood
R04172,Someone needs urgent medical help at Eighth Avenue Tower 106 ASAP!!,"111 Eighth Avenue, Chelsea, Manhattan, 3rd floor, Room 9",medical
R01038,Save me I am trapped in fire,"432 Park Avenue, Midtown Manhattan, 3rd floor, Room 3",fire
R03374,Urgent help needed hereee!!!!!,"27-01 Queens Plaza North, Long Island City, 1st floor, Room 1",medical
R00020,Edgewater Plaza: help mee fire fire fire,"1 Edgewater Plaza, Staten Island, 4th floor, Room 9",fire
R00493,"Ashland Place Tower, ground floor Room Room 8 FIREEEEEE HELP","300 Ashland Place, Downtown Brooklyn, ground floor, Room 8",fire
R01915,Something just burst around me. Send rescue squad ASAP,"1 Edgewater Plaza, Staten Island, ground floor, Room 8",explosion
R06002,"The ground is flooded, send help, lifeboat and first aid","Sunset Park, Brooklyn",flood
R04627,Run under the table,"29-27 41st Avenue, Long Island City, 6th floor, Room 4",collapse
R01868,"BLAST. HELP ME!!!! In Eighth Avenue Tower, 2nd floor Room 304","111 Eighth Avenue, Chelsea, Manhattan, 2nd floor, Room 4",explosion
R04653,this builidng is collapsing ... send help,"111 Eighth Avenue, Chelsea, Manhattan, 3rd floor, Room 5",collapse
R05822,Stuck in a flood 7th floor Grand Concourse Tower pls,"861 Grand Concourse, The Bronx, 7th floor, Room 7",flood
R01213,Shit!! huge blast,"432 Park Avenue, Midtown Manhattan, 8th floor, Room 3",explosion
R09294,"Emergency situation, please send help immediately","Greenwich Village, Manhattan",other
R03704,Save meeeee save meeeee injured injured,"2 Penn Plaza, Midtown Manhattan, 1st floor, Room 6",medical
R01285,There has been an explosionnn in Ashland Place Tower there fire everywhere help,"300 Ashland Place, Downtown Brooklyn, 1st floor, Room 2",explosion
R01268,"Explosion at 1st floor, Edgewater Plaza Save!!!","1 Edgewater Plaza, Staten Island, 1st floor, Room 6",explosion
R02831,Accident hereeee help fast,"27-01 Queens Plaza North, Long Island City, 1st floor, Room 1",accident
R01331,"BLAST. HELP ME!!!! In Park Slope, Brooklyn","Park Slope, Brooklyn",explosion
R06103,flood has come,"Greenwich Village, Manhattan",flood
R03849,"Chest pain, LIC Plaza need to go to the hospital fast","Astoria, Queens",medical
R00837,Help there is fire in Queens Plaza Complex 5th floor help,"27-01 Queens Plaza North, Long Island City, 5th floor, Room 4",fire
R00726,"Fire has started in Queens Plaza Complex Room 4, need urgent help","27-01 Queens Plaza North, Long Island City, 2nd floor, Room 4",fire
R00870,Fire!! 1st floor Penn Plaza Tower !!!! 606!!,"Washington Heights, Manhattan",fire
R07515,"Something serious is happening here, hurry","861 Grand Concourse, The Bronx, 8th floor, Room 4",crime
R04605,"The roof just collapsed at Penn Plaza Tower, people are trapped","Flushing, Queens",collapse
R01869,"Huge explosion at Atlantic Terminal, smoke everywhere","620 Atlantic Avenue, Brooklyn, 7th floor, Room 8",explosion
R04077,Call an ambulance! Call an ambulance!,"Riverdale, The Bronx",medical
R07577,Call the emergency helpline number!,"Morningside Heights, Manhattan",crime
R00968,AHHHHHHHH,"88 Wall Street, Financial District, Manhattan, 3rd floor, Room 3",fire
R03491,"Chest pain, LIC Plaza need to go to the hospital fast","432 Park Avenue, Midtown Manhattan, 1st floor, Room 12",medical
R00183,"Fire on 2nd floor Atlantic Terminal, please send help immediately","620 Atlantic Avenue, Brooklyn, 2nd floor, Room 1",fire
R01101,Firee fireee at Ashland Place Tower saveee mee,"300 Ashland Place, Downtown Brooklyn, 8th floor, Room 10",fire
R00955,Fire at Ashland Place Tower first floor.... Come quickly ASAP!!,"300 Ashland Place, Downtown Brooklyn, ground floor, Room 8",fire
R01265,Helpppp there is a huge explosion helpppp,"2 Penn Plaza, Midtown Manhattan, 4th floor, Room 6",explosion
R01717,"EXPLOSION 7th floor, Chelsea Heights, HELP MEEE!","450 West 33rd Street, Chelsea, Manhattan, 7th floor, Room 7",explosion
R03893,Call doctor and ask for help,"Washington Heights, Manhattan",medical
R03681,"Someone needs urgent medical help at Atlantic Terminal, ground floor Room G00","Astoria, Queens",medical
R06621,Move to top floor,"27-01 Queens Plaza North, Long Island City, 1st floor, Room 4",flood
R09215,"In case of gas leak, don't switch on the bulb","1 Edgewater Plaza, Staten Island, 7th floor, Room 12",other
R09755,The lift has stopped working. Save me!,"Park Slope, Brooklyn",other
R05706,Blub blub blub,"432 Park Avenue, Midtown Manhattan, 3rd floor, Room 6",flood
R07744,"Help, there is a robbery happening at the bank on Main Road, please contact the police.","15 MetroTech Center, Downtown Brooklyn, 4th floor, Room 5",crime
R02907,"Vehicle overturned near Chelsea Heights, need rescue","Bushwick, Brooklyn",accident
R03934,Call hospital fast pls,"Greenwich Village, Manhattan",medical
R03446,Call ambulance,"432 Park Avenue, Midtown Manhattan, ground floor, Room 9",medical
R04377,I have a medical emergency at Grand Concourse Tower 603,"861 Grand Concourse, The Bronx, 5th floor, Room 3",medical
R00608,Fireeeeee helpppppp,"2 Penn Plaza, Midtown Manhattan, 5th floor, Room 1",fire
R03448,Call ambulance,"29-27 41st Avenue, Long Island City, 8th floor, Room 4",medical
R00743,THIS IS NOT A DRILL. THERE'S A FIRE IN THE BUILDING. SEND HELP!,"Park Slope, Brooklyn",fire
R03013,"Road accident near Ashland Place Tower, ambulance needed","300 Ashland Place, Downtown Brooklyn, 5th floor, Room 5",accident
R01763,"Explosion help , 2nd floor Atlantic Terminal","620 Atlantic Avenue, Brooklyn, 2nd floor, Room 4",explosion
R03471,Hospital emergency. Help,"27-01 Queens Plaza North, Long Island City, 3rd floor, Room 3",medical
R02757,"Accident!!! people hurt, call ambulance ASAP!!","Bushwick, Brooklyn",accident
R02063,It will blasttt,"111 Eighth Avenue, Chelsea, Manhattan, 1st floor, Room 1",explosion
R00614,FIREEEEEE HELPPPPPPPP USSS OUTTTTTTTT. Atlantic Terminal !!!,"620 Atlantic Avenue, Brooklyn, 5th floor, Room 5",fire
R03039,"bike hit someone at Flushing, Queens, please send help ...","Flushing, Queens",accident
R05787,HELP US!!! we are stuck in the flood prone area,"15 MetroTech Center, Downtown Brooklyn, 4th floor, Room 4",flood
R00371,Fireeeeee helpppppp,"2 Penn Plaza, Midtown Manhattan, 3rd floor, Room 8",fire
R09976,Water pipe burst near Atlantic Terminal,"620 Atlantic Avenue, Brooklyn, 1st floor, Room 9",other
R02611,"A person got hit by a vehicle near LIC Plaza, 4th floor, Room 404","29-27 41st Avenue, Long Island City, 4th floor, Room 4",accident
R02449,A person got hit by a vehicle near Grand Concourse Tower 4th floor,"Riverdale, The Bronx",accident
R02875,"Vehicle overturned near LIC Plaza, need rescue","29-27 41st Avenue, Long Island City, 4th floor, Room 8",accident
R09338,Water pipe burst near Queens Plaza Complex,"Flushing, Queens",other
R06271,flood has come,"Park Slope, Brooklyn",flood
R00814,Save me I am trapped in fire,"Park Slope, Brooklyn",fire
R03675,Hospital emergency. Help,"300 Ashland Place, Downtown Brooklyn, 5th floor, Room 5",medical
R06629,flood has come,"Sunset Park, Brooklyn",flood
R00396,FIREEEEEE HELPPPPPPPP USSS OUTTTTTTTT. Edgewater Plaza !!! ...,"Morningside Heights, Manhattan",fire
R09925,Lift is stuck between floors at Queens Plaza Complex,"27-01 Queens Plaza North, Long Island City, ground floor, Room 7",other
R02725,A person got hit by a vehicle near Ashland Place Tower 105,"300 Ashland Place, Downtown Brooklyn, 3rd floor, Room 5",accident
R01036,Help there is fire in Penn Plaza Tower 6th floor help,"Flushing, Queens",fire
R06350,Blub blub blub,"620 Atlantic Avenue, Brooklyn, 1st floor, Room 3",flood
R03373,"I think I'm dying, please help","Flushing, Queens",medical
R02624,"There has been an accident at Bushwick, Brooklyn, emergency help needed","Bushwick, Brooklyn",accident
R06835,Am I that unlucky,"Chinatown, Manhattan",crime
R00344,bro fire 5th floor,"Greenwich Village, Manhattan",fire
R07019,"Armed robbery happening right now at the bank, call the police 😭","2 Penn Plaza, Midtown Manhattan, 2nd floor, Room 2",crime
R01814,"Huge explosion at Grand Concourse Tower, smoke everywhere","861 Grand Concourse, The Bronx, 8th floor, Room 8",explosion
R05596,Helpppp i am drowning helpppp,"2 Penn Plaza, Midtown Manhattan, ground floor, Room 5",flood
R07571,Somebody please call 112 there is a crime going on,"15 MetroTech Center, Downtown Brooklyn, 3rd floor, Room 3",crime
R07206,I am in dangerrr idk what to do,"27-01 Queens Plaza North, Long Island City, 8th floor, Room 1",crime
R06897,"Help, there is a robbery happening at the bank on Main Road, please contact the police.","15 MetroTech Center, Downtown Brooklyn, ground floor, Room 9",crime
R00110,AHHHHHHHH,"Washington Heights, Manhattan",fire
R01375,Helpppp there is a huge explosion helppppppp,"861 Grand Concourse, The Bronx, 2nd floor, Room 2",explosion
R09985,A large tree has fallen across the road,"450 West 33rd Street, Chelsea, Manhattan, 8th floor, Room 8",other
R00627,Help!!!!! fire here,"620 Atlantic Avenue, Brooklyn, 8th floor, Room 2",fire
R07455,"Catch the criminal, close the gates","1 Edgewater Plaza, Staten Island, 8th floor, Room 4",crime
R03257,"Crash happened outside MetroTech Center, send medical team","Riverdale, The Bronx",accident
R07778,"Someone is threatening people near Ashland Place Tower Room 4, call police","300 Ashland Place, Downtown Brooklyn, 1st floor, Room 4",crime
R03117,"Vehicle overturned near Ashland Place Tower, need rescue","300 Ashland Place, Downtown Brooklyn, 6th floor, Room 10",accident
R04896,"Part of the building has collapsed at Ashland Place Tower, and students may need rescue.","Bushwick, Brooklyn",collapse
R00573,Help!!!!! fire here,"Sunset Park, Brooklyn",fire
R03063,"Traffic accident near Morningside Heights, Manhattan, need immediate assistance","300 Ashland Place, Downtown Brooklyn, 6th floor, Room 4",accident
R09744,"Emergency situation at Midtown Tower, 2nd floor Room 202, please send help 😭","432 Park Avenue, Midtown Manhattan, 2nd floor, Room 2",other
R02410,"A vehicle crashed near MetroTech Center, 1st floor, Room Room 9","15 MetroTech Center, Downtown Brooklyn, 1st floor, Room 9",accident
R04227,"I think I'm dying, please help!!!","111 Eighth Avenue, Chelsea, Manhattan, ground floor, Room 4",medical
R05575,"Flood water is entering the ground floor of Grand Concourse Tower, please send help immediately","861 Grand Concourse, The Bronx, 2nd floor, Room 6",flood
R01892,"EXPLOSION 1st floor, Queens Plaza Complex, HELP MEEE!","27-01 Queens Plaza North, Long Island City, 1st floor, Room 4",explosion
R03428,I have a medical emergency at Edgewater Plaza 307,"1 Edgewater Plaza, Staten Island, 8th floor, Room 9",medical
R03872,"Please send an ambulance to Edgewater Plaza, 7th floor Room Room 10","Greenwich Village, Manhattan",medical
R06903,"Gunmen in. Wall Street Tower main office, need immediate hlp","88 Wall Street, Financial District, Manhattan, ground floor, Room 4",crime
R01164,"BLAST. HELP ME!!!! In Penn Plaza Tower, 4th floor Room 404","2 Penn Plaza, Midtown Manhattan, 4th floor, Room 4",explosion
R07408,"there is a man with black mask and gun in the bank, please help","27-01 Queens Plaza North, Long Island City, 4th floor, Room 2",crime
R09125,"No electricity in Atlantic Terminal, please send maintenance","620 Atlantic Avenue, Brooklyn, 3rd floor, Room 6",other
R01435,Explosion in building run away.....,"111 Eighth Avenue, Chelsea, Manhattan, 1st floor, Room 7",explosion
R04563,SOS! BUILDING COLLAPSE! LOCATION SENT,"620 Atlantic Avenue, Brooklyn, 1st floor, Room 7",collapse
R00392,Penn Plaza Tower 6th floor is on flames.. send help ASAP,"Washington Heights, Manhattan",fire
R06457,Water everywhere helpppp me,"2 Penn Plaza, Midtown Manhattan, 2nd floor, Room 2",flood
R02759,"Traffic accident near Flushing, Queens, need immediate assistance","432 Park Avenue, Midtown Manhattan, 6th floor, Room 8",accident
R05736,"Flood, I am stuck, save me!","2 Penn Plaza, Midtown Manhattan, 5th floor, Room 5",flood
R02469,"Major accident at Ashland Place Tower, 7th floor Room 705, need help!!","300 Ashland Place, Downtown Brooklyn, 7th floor, Room 5",accident
R02623,"bike hit someone at Bushwick, Brooklyn, please send help","Bushwick, Brooklyn",accident
R01608,Something exploded we need to run,"861 Grand Concourse, The Bronx, 5th floor, Room 2",explosion
R06133,there is a flood in our hostel rn. help,"Morningside Heights, Manhattan",flood
R00834,FIRE. HELP!!!!! Grand Concourse Tower 7th floor,"Flushing, Queens",fire
R08894,"Something unusual is happening near Atlantic Terminal 601, please check","Washington Heights, Manhattan",other
R01965,"Quickly save us from explosion, 1st floor, Eighth Avenue Tower","111 Eighth Avenue, Chelsea, Manhattan, 1st floor, Room 1",explosion
R04598,SOS! BUILDING COLLAPSE! LOCATION SENT!!!,"620 Atlantic Avenue, Brooklyn, 2nd floor, Room 3",collapse
R09640,Run for your life,"27-01 Queens Plaza North, Long Island City, 3rd floor, Room 5",other
R06437,Stuck in a flood 4th floor LIC Plaza,"29-27 41st Avenue, Long Island City, 4th floor, Room 1",flood
R09859,"There is a gas smell in the building, please check!!","1 Edgewater Plaza, Staten Island, ground floor, Room 8",other
R03612,Helpp it's medical emergency,"300 Ashland Place, Downtown Brooklyn, 3rd floor, Room 3",medical
R02158,Explosion in building run away.....,"620 Atlantic Avenue, Brooklyn, 4th floor, Room 11",explosion
R03556,I need urgent medical help please,"Riverdale, The Bronx",medical
R02325,"bike hit someone at Chelsea Heights, 5th floor Room 505, please send help 😭","Park Slope, Brooklyn",accident
R05668,Flood. Help ..,"Park Slope, Brooklyn",flood
R03561,Urgent help needed hereee!!,"15 MetroTech Center, Downtown Brooklyn, 4th floor, Room 10",medical
R00252,Help!!!!! fire here,"Sunset Park, Brooklyn",fire
R04894,Run under the table,"88 Wall Street, Financial District, Manhattan, 1st floor, Room 9",collapse
R04750,SOS! BUILDING COLLAPSE! LOCATION SENT,"15 MetroTech Center, Downtown Brooklyn, ground floor, Room 7",collapse
R07482,"there is a man with black mask and gun in the bank, please help","620 Atlantic Avenue, Brooklyn, 4th floor, Room 1",crime
R09881,Lift is stuck between floors at Atlantic Terminal,"620 Atlantic Avenue, Brooklyn, 1st floor, Room 1",other
R09567,Help mee,"300 Ashland Place, Downtown Brooklyn, 8th floor, Room 8",other
R03244,"Auto accident at Grand Concourse Tower, ground floor Room 606, please help ASAP!!","861 Grand Concourse, The Bronx, ground floor, Room 5",accident
R06705,Am I that unlucky,"1 Edgewater Plaza, Staten Island, ground floor, Room 10",crime
R04304,Urgent help needed hereee!!,"Astoria, Queens",medical
R07533,"Bank robbery, help, 8th floor Atlantic Terminal","620 Atlantic Avenue, Brooklyn, 8th floor, Room 8",crime
R09981,Lift is stuck between floors at Penn Plaza Tower!!!,"2 Penn Plaza, Midtown Manhattan, 6th floor, Room 10",other
R07606,Call the police right now!!,"Flushing, Queens",crime
R07481,"A person with a weapon is causing danger at LIC Plaza, 7th floor Room 707","29-27 41st Avenue, Long Island City, 7th floor, Room 6",crime
R07661,A person with a weapon is causing danger at LIC Plaza 103,"29-27 41st Avenue, Long Island City, 5th floor, Room 3",crime
R06852,"Armed robbery happening right now at the bank, call the police","Riverdale, The Bronx",crime
R04390,Hospital emergency. Help,"861 Grand Concourse, The Bronx, 8th floor, Room 9",medical
R00667,Fireeeeee helpppppp,"27-01 Queens Plaza North, Long Island City, 5th floor, Room 2",fire
R02815,"Traffic accident near Bushwick, Brooklyn, need immediate assistance ASAP!!","Morningside Heights, Manhattan",accident
R09840,"Something unusual is happening near Flushing, Queens, pls check","Flushing, Queens",other
R06864,Call the emergency helpline number!,"111 Eighth Avenue, Chelsea, Manhattan, 4th floor, Room 4",crime
R03263,"Auto accident at Washington Heights, Manhattan, please help","Washington Heights, Manhattan",accident
R04949,Go run fast. the building is collapsing,"Sunset Park, Brooklyn",collapse
R02316,A person got hit by a vehicle near Edgewater Plaza 8th floor,"1 Edgewater Plaza, Staten Island, 8th floor, Room 9",accident
R07436,Call the police right now!!,"88 Wall Street, Financial District, Manhattan, ground floor, Room 9",crime
R01138,Save us we are in Edgewater Plaza 5th floor,"1 Edgewater Plaza, Staten Island, 5th floor, Room 11",explosion
R07195,"Bank robbery, help, 8th floor Wall Street Tower","Riverdale, The Bronx",crime
R06486,Move to safe area,"1 Edgewater Plaza, Staten Island, 8th floor, Room 3",flood
R04914,"Part of the building has collapsed at LIC Plaza, and students may need rescue.","29-27 41st Avenue, Long Island City, ground floor, Room 7",collapse
R03514,"Open wound, and concussion emergency first aid and ambulance required ASAP!","432 Park Avenue, Midtown Manhattan, 1st floor, Room 7",medical
R01598,"Explosion at 4th floor, Eighth Avenue Tower Save!!!!!","111 Eighth Avenue, Chelsea, Manhattan, 4th floor, Room 7",explosion
R03345,I need urgent medical help pls,"111 Eighth Avenue, Chelsea, Manhattan, 4th floor, Room 1",medical
R07450,Am I that unlucky,"450 West 33rd Street, Chelsea, Manhattan, 2nd floor, Room 11",crime
R00016,Fireeeeee helpppppp,"88 Wall Street, Financial District, Manhattan, ground floor, Room 8",fire
R03728,"SOS I am having an attack!!!! LIC Plaza, 6th floor, Room 906","29-27 41st Avenue, Long Island City, 6th floor, Room 6",medical
R01723,Shit!! huge blast,"861 Grand Concourse, The Bronx, 6th floor, Room 3",explosion
R03884,Call hospital fast pls,"2 Penn Plaza, Midtown Manhattan, 1st floor, Room 4",medical
R07064,Call the emergency helpline number!,"Flushing, Queens",crime
R04781,Building has been collapsed!,"88 Wall Street, Financial District, Manhattan, ground floor, Room 6",collapse
R02687,"Major accident at LIC Plaza 4th floor, need helpppp","29-27 41st Avenue, Long Island City, 4th floor, Room 3",accident
R09690,"In case of gas leak, don't switch on the bulb","Astoria, Queens",other
R07540,police come fast,"Morningside Heights, Manhattan",crime
R05186,Go run fast. the building is collapsing,"450 West 33rd Street, Chelsea, Manhattan, 1st floor, Room 1",collapse
R00806,Help!!!!! fire here,"450 West 33rd Street, Chelsea, Manhattan, 1st floor, Room 1",fire
R02148,Explosion in building run away.....,"Washington Heights, Manhattan",explosion
R02178,"BLAST. HELP ME!!!! In Greenwich Village, Manhattan","Greenwich Village, Manhattan",explosion
R05730,flood has come pls,"1 Edgewater Plaza, Staten Island, 3rd floor, Room 7",flood
R03955,Call ambulance,"1 Edgewater Plaza, Staten Island, 3rd floor, Room 3",medical
R05465,4th floor LIC Plaza building collapsed I’m stuck please help,"29-27 41st Avenue, Long Island City, 4th floor, Room 4",collapse
R00178,"Fire has started in MetroTech Center 808, need urgent help","Riverdale, The Bronx",fire
R03954,Call ambulance,"2 Penn Plaza, Midtown Manhattan, 5th floor, Room 7",medical
R00409,Save me I am trapped in fire,"2 Penn Plaza, Midtown Manhattan, ground floor, Room 2",fire
R01136,"There's been an explosion at Wall Street Tower, 5th floor Room 406. Call the emergency services!","88 Wall Street, Financial District, Manhattan, 5th floor, Room 6",explosion
R03722,"Please send an ambulance to Atlantic Terminal, 7th floor, Room 707","620 Atlantic Avenue, Brooklyn, 7th floor, Room 7",medical
R02565,"Crash happened outside Chelsea Heights, send medical team","450 West 33rd Street, Chelsea, Manhattan, 6th floor, Room 6",accident
R04150,Save meeeee save meeeee injured injured,"15 MetroTech Center, Downtown Brooklyn, 4th floor, Room 11",medical
R00709,Midtown Tower 404 FIREEEEEE HELP,"432 Park Avenue, Midtown Manhattan, 6th floor, Room 6",fire
R04726,Atlantic Terminal under shreds! Building collapse,"Bushwick, Brooklyn",collapse
R04618,8th floor Queens Plaza Complex building collapsed I’m stuck please help,"27-01 Queens Plaza North, Long Island City, 8th floor, Room 8",collapse
R05638,Get to higher ground now!!,"300 Ashland Place, Downtown Brooklyn, 8th floor, Room 11",flood
R01244,Queens Plaza Complex: something exploded nearby help ...,"27-01 Queens Plaza North, Long Island City, 6th floor, Room 8",explosion
R03474,"Call 108 MetroTech Center, 8th floor, Room Room 7 send guys","15 MetroTech Center, Downtown Brooklyn, 8th floor, Room 7",medical
R09949,"The lift stopped suddenly, people are inside","300 Ashland Place, Downtown Brooklyn, 4th floor, Room 2",other
R07057,"Crime happening here, need police immediately","861 Grand Concourse, The Bronx, 8th floor, Room 2",crime
R01215,"BLAST. HELP ME!!!! In Greenwich Village, Manhattan","Greenwich Village, Manhattan",explosion
R02823,"bike hit someone at Chelsea Heights 505, please send helpppp","450 West 33rd Street, Chelsea, Manhattan, 5th floor, Room 4",accident
R06869,"A person with a weapon is causing danger at Grand Concourse Tower, ground floor","861 Grand Concourse, The Bronx, ground floor, Room 6",crime
R03298,"Major accident at Chelsea Heights Room 6, need help","450 West 33rd Street, Chelsea, Manhattan, 5th floor, Room 11",accident
R06032,"Flood situation in Greenwich Village, Manhattan, need relief ASAP!!","Astoria, Queens",flood
R09872,Run for your life,"Park Slope, Brooklyn",other
R06159,"The ground is flooded, send help, lifeboat and first aid","Park Slope, Brooklyn",flood
R01403,Room 12! Fire!!!!! blast MetroTech Center 1st floor,"Morningside Heights, Manhattan",explosion
R03073,Accident hereeee help fast,"27-01 Queens Plaza North, Long Island City, 2nd floor, Room 2",accident
R07316,"Armed robbery happening right now at the bank, call the police","Greenwich Village, Manhattan",crime
R01388,There's been an explosion at Midtown Tower 806. Call the emergency services!,"Sunset Park, Brooklyn",explosion
R03525,Hospital emergency. Help,"620 Atlantic Avenue, Brooklyn, 5th floor, Room 10",medical
R03103,"Crash happened outside Chelsea Heights, send medical team","450 West 33rd Street, Chelsea, Manhattan, 3rd floor, Room 1",accident
R09885,"There is a gas smell in the building, please check","Morningside Heights, Manhattan",other
R02016,307! Fire!!!!! blast Edgewater Plaza 5th floor,"1 Edgewater Plaza, Staten Island, 5th floor, Room 7",explosion
R05517,this builidng is collapsing ... send help,"Park Slope, Brooklyn",collapse
R01770,"Explosion help , 6th floor LIC Plaza","29-27 41st Avenue, Long Island City, 6th floor, Room 7",explosion
R04497,"Part of the building has collapsed at Eighth Avenue Tower, and students may need rescue.","111 Eighth Avenue, Chelsea, Manhattan, 7th floor, Room 7",collapse
R09133,The lift has stopped working. Save me!,"620 Atlantic Avenue, Brooklyn, 7th floor, Room 7",other
R04849,Building collapsing run run,"29-27 41st Avenue, Long Island City, 4th floor, Room 2",collapse
R04359,"Someone needs urgent medical help at Midtown Tower, 1st floor Room 801","432 Park Avenue, Midtown Manhattan, 1st floor, Room 1",medical
R00173,FIRE. HELP!!!!! Atlantic Terminal 6th floor,"620 Atlantic Avenue, Brooklyn, 6th floor, Room 6",fire
R05844,"The ground is flooded, send help, lifeboat and first aid","300 Ashland Place, Downtown Brooklyn, 6th floor, Room 1",flood
R03981,"Please send an ambulance to Eighth Avenue Tower, 6th floor Room 606","111 Eighth Avenue, Chelsea, Manhattan, 6th floor, Room 6",medical
R07352,Call police come fast,"Astoria, Queens",crime
R09263,"Emergency situation, please send help immediately","Riverdale, The Bronx",other
R06309,TAKE HIGH GROUND flood,"620 Atlantic Avenue, Brooklyn, 6th floor, Room 10",flood
R05178,The building has collapsed. Save me!,"27-01 Queens Plaza North, Long Island City, 4th floor, Room 8",collapse
R04479,Run under the table,"Astoria, Queens",collapse
R04932,Ashland Place Tower under shreds! Building collapse,"300 Ashland Place, Downtown Brooklyn, 7th floor, Room 7",collapse
R00151,Help!!!!! fire here,"29-27 41st Avenue, Long Island City, 4th floor, Room 1",fire
R09486,"Street light is not working near Astoria, Queens","15 MetroTech Center, Downtown Brooklyn, ground floor, Room 1",other
R01597,"Wall Street Tower, 3rd floor Room 303 Explosion","88 Wall Street, Financial District, Manhattan, 3rd floor, Room 3",explosion
R04202,Doctor where is he,"Flushing, Queens",medical
R01745,Helpppp there is a huge explosion helpppp,"1 Edgewater Plaza, Staten Island, 1st floor, Room 1",explosion
R00969,FIRE. HELP!!!!! Ashland Place Tower 205,"300 Ashland Place, Downtown Brooklyn, 1st floor, Room 5",fire
R00548,"Fire has started in LIC Plaza 808, need urgent help","Washington Heights, Manhattan",fire
R09980,"Street light is not working near Greenwich Village, Manhattan","2 Penn Plaza, Midtown Manhattan, ground floor, Room 1",other
R03398,Save meeeee save meeeee injured injured,"111 Eighth Avenue, Chelsea, Manhattan, ground floor, Room 3",medical
R07768,"Bomb blast Ashland Place Tower, 6th floor Room 807. Save me","300 Ashland Place, Downtown Brooklyn, 6th floor, Room 7",crime
R00524,Help!!!!! fire here,"Astoria, Queens",fire
R05627,Flood. Help ..,"2 Penn Plaza, Midtown Manhattan, 1st floor, Room 12",flood
R01354,It will blasttt,"Astoria, Queens",explosion
R01020,AHHHHHHHH,"Park Slope, Brooklyn",fire
R09570,"The lift stopped suddenly, people are inside","Riverdale, The Bronx",other
R03818,"Chest pain, LIC Plaza need to go to the hospital fast","432 Park Avenue, Midtown Manhattan, 6th floor, Room 6",medical
R07464,"Help, there is a robbery happening at the bank on Main Road, please contact the police.","29-27 41st Avenue, Long Island City, 4th floor, Room 1",crime
R00993,Ashland Place Tower 5th floor is on flames.. send help ASAP,"Flushing, Queens",fire
R03877,Helpp it's medical emergency pls,"1 Edgewater Plaza, Staten Island, 5th floor, Room 5",medical
R06622,"Flood water is entering the ground floor of Queens Plaza Complex, pls send help immediately","27-01 Queens Plaza North, Long Island City, ground floor, Room 11",flood
R07104,Call the police right now!!,"1 Edgewater Plaza, Staten Island, 1st floor, Room 1",crime
R05545,Go run fast. the building is collapsing,"432 Park Avenue, Midtown Manhattan, 6th floor, Room 9",collapse
R03920,I need urgent medical help please,"300 Ashland Place, Downtown Brooklyn, 1st floor, Room 9",medical
R09317,"Street light is not working near Greenwich Village, Manhattan","Flushing, Queens",other
R01467,"Quickly save us from explosion, 2nd floor, Queens Plaza Complex","27-01 Queens Plaza North, Long Island City, 2nd floor, Room 4",explosion
R02734,Someone got injured in a road accident at Midtown Tower 507,"432 Park Avenue, Midtown Manhattan, ground floor, Room 6",accident
R01198,Save us we are in Wall Street Tower 3rd floor,"Morningside Heights, Manhattan",explosion
R07112,"Something serious is happening here, hurry","861 Grand Concourse, The Bronx, 2nd floor, Room 9",crime
R06808,"Crime happening here, need police immediately","Washington Heights, Manhattan",crime
R03869,I need urgent medical help please,"Washington Heights, Manhattan",medical
R09373,Gas leakage here don't switch bulb on,"88 Wall Street, Financial District, Manhattan, 2nd floor, Room 2",other
R02411,"Traffic accident near Riverdale, The Bronx, need immediate assistance","1 Edgewater Plaza, Staten Island, 6th floor, Room 3",accident
R05855,there is a flood in our hostel rn. help,"1 Edgewater Plaza, Staten Island, ground floor, Room 7",flood
R00378,"Fire on 2nd floor Atlantic Terminal, please send help immediately","620 Atlantic Avenue, Brooklyn, 2nd floor, Room 8",fire
R02468,"Vehicle overturned near Wall Street Tower, need rescue","88 Wall Street, Financial District, Manhattan, 2nd floor, Room 7",accident
R00067,Fire save me,"450 West 33rd Street, Chelsea, Manhattan, 2nd floor, Room 2",fire
R09618,Power is gone and people are stuck in the lift,"Washington Heights, Manhattan",other
R07722,Call the police right now!!,"Morningside Heights, Manhattan",crime
R03942,Call 108 fasttttt there is an emergency 😭,"432 Park Avenue, Midtown Manhattan, 8th floor, Room 7",medical
R06941,Call police come fast,"88 Wall Street, Financial District, Manhattan, 1st floor, Room 3",crime
R06449,Stuck in a flood 2nd floor Edgewater Plaza,"1 Edgewater Plaza, Staten Island, 2nd floor, Room 2",flood
R06101,Flood. Help ..,"300 Ashland Place, Downtown Brooklyn, 5th floor, Room 2",flood
R04633,"Someone get me out, building collapsed!!!","Sunset Park, Brooklyn",collapse
R04498,Building has been collapsed!,"Bushwick, Brooklyn",collapse
R05166,Hellllppppppp!!!! This building is falling!!,"88 Wall Street, Financial District, Manhattan, 8th floor, Room 1",collapse
R05753,Helpppp i am drowning helppppppp,"2 Penn Plaza, Midtown Manhattan, 4th floor, Room 9",flood
R02395,"There has been an accident at Queens Plaza Complex, ground floor Room 107, emergency help needed","27-01 Queens Plaza North, Long Island City, ground floor, Room 7",accident
R01642,Helpppp there is a huge explosion helpppp,"300 Ashland Place, Downtown Brooklyn, 3rd floor, Room 3",explosion
R01872,"EXPLOSION 2nd floor, Ashland Place Tower, HELP MEEE!","Chinatown, Manhattan",explosion
R04104,Call 108 fasttttt there is an emergency,"Morningside Heights, Manhattan",medical
R05969,"Flood water is entering the ground floor of MetroTech Center, please send help immediately","15 MetroTech Center, Downtown Brooklyn, 8th floor, Room 8",flood
R06992,"Catch the criminal, close the gates","432 Park Avenue, Midtown Manhattan, 1st floor, Room 1",crime
R00534,"Oh no, fire has started","Park Slope, Brooklyn",fire
R09029,Help mee,"2 Penn Plaza, Midtown Manhattan, 4th floor, Room 6",other
R02207,"Explosion help , 4th floor Penn Plaza Tower","2 Penn Plaza, Midtown Manhattan, 4th floor, Room 8",explosion
R05896,"Flood situation in Park Slope, Brooklyn, need relief ASAP!!","27-01 Queens Plaza North, Long Island City, 6th floor, Room 2",flood
R05008,Hellllppppppp!!!! This building is falling!!,"27-01 Queens Plaza North, Long Island City, 8th floor, Room 8",collapse
R00007,Fire!! 1st floor Midtown Tower !!!! 708!!,"432 Park Avenue, Midtown Manhattan, 1st floor, Room 8",fire
R09362,Power is gone and people are stuck in the lift,"111 Eighth Avenue, Chelsea, Manhattan, 6th floor, Room 3",other
R04365,Call ambulance,"Chinatown, Manhattan",medical
R06003,"Water level rising rapidly near Flushing, Queens ...","Morningside Heights, Manhattan",flood
R04539,Run under the table,"300 Ashland Place, Downtown Brooklyn, 5th floor, Room 3",collapse
R07757,Bomb blast Eighth Avenue Tower 8th floor. Save me!!,"111 Eighth Avenue, Chelsea, Manhattan, 8th floor, Room 5",crime
R06326,there is a flood in our hostel rn. help,"300 Ashland Place, Downtown Brooklyn, ground floor, Room 1",flood
R09041,Run for your life,"300 Ashland Place, Downtown Brooklyn, 5th floor, Room 3",other
R02549,"Major accident at Flushing, Queens, need help","Flushing, Queens",accident
R05425,Oh no! The building! It's falling!,"Park Slope, Brooklyn",collapse
R03357,Urgent help needed hereee!!,"300 Ashland Place, Downtown Brooklyn, 3rd floor, Room 3",medical
R04744,Oh no! The building! It's falling! ASAP!!,"Washington Heights, Manhattan",collapse
R06706,Am I that unlucky,"861 Grand Concourse, The Bronx, 5th floor, Room 5",crime
R06236,HELP US!!! we are stuck in the flood prone area,"Bushwick, Brooklyn",flood
R04554,EVACUATE,"88 Wall Street, Financial District, Manhattan, 5th floor, Room 5",collapse
R00851,"Fire on 5th floor Eighth Avenue Tower, please send help immediately","111 Eighth Avenue, Chelsea, Manhattan, 5th floor, Room 12",fire
R05504,this builidng is collapsing ... send helpppp,"15 MetroTech Center, Downtown Brooklyn, 5th floor, Room 9",collapse
R02265,"Major accident at Midtown Tower, 6th floor Room 606, need help","432 Park Avenue, Midtown Manhattan, 6th floor, Room 6",accident
R09297,A large tree has fallen across the road ASAP!!,"432 Park Avenue, Midtown Manhattan, 4th floor, Room 9",other
R04938,Run,"88 Wall Street, Financial District, Manhattan, 2nd floor, Room 4",collapse
R06054,flood has come,"861 Grand Concourse, The Bronx, 7th floor, Room 6",flood
R04816,Go run fast. the building is collapsing,"15 MetroTech Center, Downtown Brooklyn, 4th floor, Room 5",collapse
R05489,Run under the table,"2 Penn Plaza, Midtown Manhattan, 2nd floor, Room 8",collapse
R02955,"Auto accident at MetroTech Center, 3rd floor Room Room 2, please help","15 MetroTech Center, Downtown Brooklyn, 3rd floor, Room 2",accident
R09256,"Road is blocked by a fallen tree near Atlantic Terminal, 2nd floor Room 803 ...","620 Atlantic Avenue, Brooklyn, 2nd floor, Room 3",other
R03623,"I think I'm dying, please help","27-01 Queens Plaza North, Long Island City, 4th floor, Room 12",medical
R03949,Call doctor and ask for help,"Sunset Park, Brooklyn",medical
R03397,Hospital!!! Emergency! Cash! Vehicle needed,"Riverdale, The Bronx",medical
R07732,"Someone is threatening people near Midtown Tower, 2nd floor, call police","432 Park Avenue, Midtown Manhattan, 2nd floor, Room 5",crime
R09231,Water pipe burst near Penn Plaza Tower!!,"2 Penn Plaza, Midtown Manhattan, 1st floor, Room 2",other
R04290,Call ambulance,"88 Wall Street, Financial District, Manhattan, 7th floor, Room 6",medical
R05016,EVACUATE,"450 West 33rd Street, Chelsea, Manhattan, 2nd floor, Room 1",collapse
R09731,"Emergency situation, please send help immediately","300 Ashland Place, Downtown Brooklyn, 6th floor, Room 12",other
R07383,police come fast ...,"27-01 Queens Plaza North, Long Island City, 4th floor, Room 6",crime
R03563,Someone needs urgent medical helpppp at Wall Street Tower 805,"88 Wall Street, Financial District, Manhattan, 3rd floor, Room 12",medical
R02574,"Someone got injured in a road accident at Grand Concourse Tower, 7th floor","861 Grand Concourse, The Bronx, 7th floor, Room 7",accident
R06724,I am in dangerrr idk what to do,"Flushing, Queens",crime
R01987,Loud sound. Was that a bomb?,"Washington Heights, Manhattan",explosion
R06360,Please evacuate the lower floors of Grand Concourse Tower as soon as possible,"861 Grand Concourse, The Bronx, 1st floor, Room 7",flood
R03172,"Major accident at Wall Street Tower, 3rd floor, Room 303, need help ASAP!!","88 Wall Street, Financial District, Manhattan, 3rd floor, Room 3",accident
R02796,"Car accident, people are injured, send help","1 Edgewater Plaza, Staten Island, 8th floor, Room 1",accident
R02333,"Someone got injured in a road accident at Grand Concourse Tower, 5th floor Room Room 11","861 Grand Concourse, The Bronx, 5th floor, Room 6",accident
R00581,Fire save me!!,"Astoria, Queens",fire
R08948,"In case of gas leak, don't switch on the bulb","1 Edgewater Plaza, Staten Island, 8th floor, Room 9",other
R06928,police come fast,"Greenwich Village, Manhattan",crime
R02043,Wall Street Tower 301 Explosion,"88 Wall Street, Financial District, Manhattan, 5th floor, Room 4",explosion
R06456,"The ground is flooded, send help, lifeboat and first aid","Washington Heights, Manhattan",flood
R09103,"Something unusual is happening near Eighth Avenue Tower 1st floor, please check","111 Eighth Avenue, Chelsea, Manhattan, 1st floor, Room 1",other
R02858,A vehicle crashed near Chelsea Heights 4th floor!!!,"450 West 33rd Street, Chelsea, Manhattan, 4th floor, Room 3",accident
R06914,"Bank robbery, help, 4th floor Eighth Avenue Tower","111 Eighth Avenue, Chelsea, Manhattan, 4th floor, Room 1",crime
R02151,"EXPLOSION ground floor, Eighth Avenue Tower, HELP MEEE!","111 Eighth Avenue, Chelsea, Manhattan, ground floor, Room 3",explosion
R03544,"Please send an ambulance to Atlantic Terminal, 4th floor, Room 404","620 Atlantic Avenue, Brooklyn, 4th floor, Room 4",medical
R09138,"Something unusual is happening near MetroTech Center 8th floor, please check!!!","Flushing, Queens",other
R02295,"Accident!!! people hurt, call ambulance","Washington Heights, Manhattan",accident
R06578,Helpppp i am drowning helpppp pls,"300 Ashland Place, Downtown Brooklyn, 6th floor, Room 3",flood
R07121,Call the police right now!! pls,"620 Atlantic Avenue, Brooklyn, 3rd floor, Room 3",crime
R05807,"Flood water is entering the ground floor of Penn Plaza Tower, please send help immediately","2 Penn Plaza, Midtown Manhattan, 1st floor, Room 12",flood
R09443,The lift has stopped working. Save me!,"29-27 41st Avenue, Long Island City, 8th floor, Room 8",other
R00768,Help!!!!! fire here,"Sunset Park, Brooklyn",fire
R00736,THIS IS NOT A DRILL. THERE'S A FIRE IN THE BUILDING. SEND HELP!!!!,"1 Edgewater Plaza, Staten Island, 8th floor, Room 1",fire
R03486,I need urgent medical help please,"111 Eighth Avenue, Chelsea, Manhattan, 1st floor, Room 7",medical
R00150,Fire save me,"432 Park Avenue, Midtown Manhattan, 6th floor, Room 7",fire
R03790,Urgent help needed hereee!!,"1 Edgewater Plaza, Staten Island, 2nd floor, Room 11",medical
R07538,I am in dangerrr idk what to do,"432 Park Avenue, Midtown Manhattan, 3rd floor, Room 3",crime
R01553,"Quickly save us from explosion, 3rd floor, Grand Concourse Tower","861 Grand Concourse, The Bronx, 3rd floor, Room 6",explosion
R04417,Doctor where is he pls,"88 Wall Street, Financial District, Manhattan, 7th floor, Room 2",medical
R03916,"Open wound, and concussion emergency first aid and ambulance required ASAP!","300 Ashland Place, Downtown Brooklyn, 1st floor, Room 5",medical
R05662,Move to safe area,"15 MetroTech Center, Downtown Brooklyn, 6th floor, Room 1",flood
R05395,EVACUATE,"450 West 33rd Street, Chelsea, Manhattan, 6th floor, Room 5",collapse
R01319,"Explosion at 4th floor, LIC Plaza Save!!!","29-27 41st Avenue, Long Island City, 4th floor, Room 7",explosion
R00227,Fire at Grand Concourse Tower first floor.... Come quickly,"861 Grand Concourse, The Bronx, ground floor, Room 2",fire
R07354,Call police come fast,"432 Park Avenue, Midtown Manhattan, 8th floor, Room 8",crime
R03932,"I think I'm dying, please help","Riverdale, The Bronx",medical
R03414,"I think I'm dying, please help","111 Eighth Avenue, Chelsea, Manhattan, 2nd floor, Room 2",medical
R00934,"Fire has started in Edgewater Plaza 106, need urgent help","Morningside Heights, Manhattan",fire
R04003,Call an ambulance! Call an ambulance!,"88 Wall Street, Financial District, Manhattan, ground floor, Room 8",medical
R02182,"Huge explosion at Chelsea Heights, smoke everywhere","Park Slope, Brooklyn",explosion
R00592,AHHHHHHHH,"1 Edgewater Plaza, Staten Island, 6th floor, Room 4",fire
R06568,Move to safe area,"Morningside Heights, Manhattan",flood
R05993,"Flood situation in Washington Heights, Manhattan, need relief ASAP!! ASAP!!","861 Grand Concourse, The Bronx, ground floor, Room 6",flood
R09548,Run for your life,"Sunset Park, Brooklyn",other
R03567,Hospital emergency. Help,"Flushing, Queens",medical
R07175,"Bank robbery, help, 1st floor Midtown Tower","432 Park Avenue, Midtown Manhattan, 1st floor, Room 9",crime
R01654,Helpppp there is a huge explosion helppppppp,"1 Edgewater Plaza, Staten Island, ground floor, Room 11",explosion
R04980,SOS! BUILDING COLLAPSE! LOCATION SENT ...,"27-01 Queens Plaza North, Long Island City, 2nd floor, Room 6",collapse
R02649,"Accident!!! people hurt, call ambulance","450 West 33rd Street, Chelsea, Manhattan, 2nd floor, Room 2",accident
R05650,there is a flood in our hostel rn. help,"2 Penn Plaza, Midtown Manhattan, ground floor, Room 9",flood
R00648,Call fire emergency,"Astoria, Queens",fire
R02626,Accident hereeee helpppp fast,"1 Edgewater Plaza, Staten Island, 6th floor, Room 1",accident
R03240,"Someone got injured in a road accident at Sunset Park, Brooklyn","Sunset Park, Brooklyn",accident
R06351,Move to top floor,"432 Park Avenue, Midtown Manhattan, 3rd floor, Room 3",flood
R06960,"Something serious is happening here, hurry","Sunset Park, Brooklyn",crime
R09250,Lift is stuck between floors at Chelsea Heights,"450 West 33rd Street, Chelsea, Manhattan, 3rd floor, Room 3",other
R02918,Accident hereeee help fast,"15 MetroTech Center, Downtown Brooklyn, 3rd floor, Room 3",accident
R07605,"there is a man with black mask and gun in the bank, please helpppp","Sunset Park, Brooklyn",crime
R06321,Blub blub blub ...,"Sunset Park, Brooklyn",flood
R04278,Please send an ambulance to Eighth Avenue Tower 704,"111 Eighth Avenue, Chelsea, Manhattan, 5th floor, Room 4",medical
R01112,bro fire 5th floor,"88 Wall Street, Financial District, Manhattan, 5th floor, Room 5",fire
R04309,"I think I'm dying, please help","Washington Heights, Manhattan",medical
R02355,Accident hereeee help fast,"Chinatown, Manhattan",accident
R02531,"A vehicle crashed near Atlantic Terminal, 5th floor, Room 901","620 Atlantic Avenue, Brooklyn, 5th floor, Room 1",accident
R05391,Run under the table,"432 Park Avenue, Midtown Manhattan, 3rd floor, Room 4",collapse
R06169,Please evacuate the lower floors of Midtown Tower as soon as possible,"432 Park Avenue, Midtown Manhattan, 8th floor, Room 1",flood
R06467,"Flood situation in Washington Heights, Manhattan, need relief ASAP!!","Morningside Heights, Manhattan",flood
R00450,Fireeeeee helppppppppp,"300 Ashland Place, Downtown Brooklyn, 5th floor, Room 7",fire
R09582,"The lift stopped suddenly, people are inside 😭","861 Grand Concourse, The Bronx, 7th floor, Room 1",other
R05616,Please evacuate the lower floors of Grand Concourse Tower as soon as possible!!,"861 Grand Concourse, The Bronx, 4th floor, Room 4",flood
R01296,Something exploded we need to run,"Flushing, Queens",explosion
R06260,"Flood water is entering the ground floor of Wall Street Tower, please send help immediately","88 Wall Street, Financial District, Manhattan, 5th floor, Room 9",flood
R03672,Helpp it's medical emergency,"Washington Heights, Manhattan",medical
R09718,A large tree has fallen across the road,"111 Eighth Avenue, Chelsea, Manhattan, 4th floor, Room 9",other
R06757,"Help me.. there's robbery near Washington Heights, Manhattan.","Greenwich Village, Manhattan",crime
R05114,"Someone get me out, building collapsed","432 Park Avenue, Midtown Manhattan, 8th floor, Room 1",collapse
R04238,"SOS I am having an attack!!!! Flushing, Queens pls","Flushing, Queens",medical
R05802,Savee me from the floodd,"29-27 41st Avenue, Long Island City, 2nd floor, Room 7",flood
R00345,Penn Plaza Tower 8th floor is on flames.. send help ASAP,"2 Penn Plaza, Midtown Manhattan, 8th floor, Room 7",fire
R07590,Call police come fast,"Flushing, Queens",crime
R00357,THIS IS NOT A DRILL. THERE'S A FIRE IN THE BUILDING. SEND HELP!,"Chinatown, Manhattan",fire
R05952,Move to top floor 😭,"15 MetroTech Center, Downtown Brooklyn, 4th floor, Room 9",flood
R05399,Building has been collapsed!,"88 Wall Street, Financial District, Manhattan, 7th floor, Room 4",collapse
R06312,Please evacuate the lower floors of Chelsea Heights as soon as possible,"450 West 33rd Street, Chelsea, Manhattan, 3rd floor, Room 6",flood
R05664,Stuck in a flood 3rd floor Queens Plaza Complex,"27-01 Queens Plaza North, Long Island City, 3rd floor, Room 3",flood
R02006,Loud sound. Was that a bomb?,"Washington Heights, Manhattan",explosion
R09155,The lift has stopped working. Save me!,"620 Atlantic Avenue, Brooklyn, 6th floor, Room 12",other
R06196,Flood. Help ..,"300 Ashland Place, Downtown Brooklyn, 6th floor, Room 5",flood
R04294,"Someone needs urgent medical helpppp at Midtown Tower, ground floor, Room 107","432 Park Avenue, Midtown Manhattan, ground floor, Room 7",medical
R06405,Please evacuate the lower floors of Chelsea Heights as soon as possible,"Riverdale, The Bronx",flood
R06248,"Flood, I am stuck, save me!","15 MetroTech Center, Downtown Brooklyn, 3rd floor, Room 9",flood
R00822,Fire!! 1st floor Atlantic Terminal !!!! 605!!,"620 Atlantic Avenue, Brooklyn, 7th floor, Room 5",fire
R04063,Hospital!!! Emergency! Cash! Vehicle needed,"15 MetroTech Center, Downtown Brooklyn, 7th floor, Room 7",medical
R02345,"Accident!!! people hurt, call ambulance","29-27 41st Avenue, Long Island City, 5th floor, Room 6",accident
R04431,"Chest pain, LIC Plaza need to go to the hospital fast","27-01 Queens Plaza North, Long Island City, 5th floor, Room 2",medical
R07082,"Something serious is happening here, hurry","1 Edgewater Plaza, Staten Island, 3rd floor, Room 5",crime
R07288,"Robbery happening near Eighth Avenue Tower, send police","111 Eighth Avenue, Chelsea, Manhattan, 6th floor, Room 1",crime
R06494,"Water level rising rapidly near Morningside Heights, Manhattan","111 Eighth Avenue, Chelsea, Manhattan, 7th floor, Room 3",flood
R02320,"There has been an accident at Midtown Tower 707, emergency help needed","Washington Heights, Manhattan",accident
R09704,Gas leakage here don't switch bulb on,"432 Park Avenue, Midtown Manhattan, 1st floor, Room 1",other
R05677,Savee me from the floodd,"Chinatown, Manhattan",flood
R01820,"Huge explosion at Grand Concourse Tower, smoke everywhere","861 Grand Concourse, The Bronx, 3rd floor, Room 2",explosion
R07598,"Robbery happening near Atlantic Terminal, send police","Astoria, Queens",crime
R00190,AHHHHHHHH,"620 Atlantic Avenue, Brooklyn, 5th floor, Room 5",fire
R06546,"Flood water is entering the ground floor of Wall Street Tower, please send help immediately","88 Wall Street, Financial District, Manhattan, 3rd floor, Room 3",flood
R02800,Accident hereeee help fast,"111 Eighth Avenue, Chelsea, Manhattan, 6th floor, Room 4",accident
R03685,"Please send an ambulance to Midtown Tower, 1st floor, Room 101","432 Park Avenue, Midtown Manhattan, 1st floor, Room 1",medical
R04187,Helpp it's medical emergency,"Morningside Heights, Manhattan",medical
R05502,Go run fast. the building is collapsing,"432 Park Avenue, Midtown Manhattan, 6th floor, Room 6",collapse
R01620,Shit!! huge blast,"Washington Heights, Manhattan",explosion
R05071,Leave the building quickly,"111 Eighth Avenue, Chelsea, Manhattan, 5th floor, Room 4",collapse
R09436,"Road is blocked by a fallen tree near Atlantic Terminal, 3rd floor","620 Atlantic Avenue, Brooklyn, 3rd floor, Room 5",other
R01896,Loud sound. Was that a bomb?,"29-27 41st Avenue, Long Island City, 4th floor, Room 6",explosion
R06739,Am I that unlucky,"2 Penn Plaza, Midtown Manhattan, 3rd floor, Room 8",crime
R02828,A person got hit by a vehicle near Edgewater Plaza 308,"Chinatown, Manhattan",accident
R01557,There has been an explosion in Queens Plaza Complex there fire everywhere help,"27-01 Queens Plaza North, Long Island City, 5th floor, Room 10",explosion
R06264,TAKE HIGH GROUND flood ...,"111 Eighth Avenue, Chelsea, Manhattan, ground floor, Room 1",flood
R09539,Water pipe burst near Chelsea Heights,"450 West 33rd Street, Chelsea, Manhattan, 8th floor, Room 8",other
R09372,A large tree has fallen across the road,"620 Atlantic Avenue, Brooklyn, ground floor, Room 3",other
R01408,Helpppp there is a huge explosion helpppp,"Greenwich Village, Manhattan",explosion
R02569,"bike hit someone at Washington Heights, Manhattan, please send help","Washington Heights, Manhattan",accident
R07499,Call the emergency helpline number!,"Washington Heights, Manhattan",crime
R01344,"Explosion at 1st floor, Penn Plaza Tower Save!!!","2 Penn Plaza, Midtown Manhattan, 1st floor, Room 1",explosion
R07560,"Someone is threatening people near Riverdale, The Bronx, call police","Riverdale, The Bronx",crime
R03304,"Car accident, people are injured, send helpppp","Greenwich Village, Manhattan",accident
R07294,"Help, there is a robbery happening at the bank on Main Road, please contact the police.","111 Eighth Avenue, Chelsea, Manhattan, 6th floor, Room 8",crime
R03569,"Chest pain, LIC Plaza need to go to the hospital fast","1 Edgewater Plaza, Staten Island, ground floor, Room 6",medical
R06412,Flood. Help ..,"111 Eighth Avenue, Chelsea, Manhattan, 8th floor, Room 6",flood
R06231,Move to safe area,"15 MetroTech Center, Downtown Brooklyn, 1st floor, Room 3",flood
R06245,Please evacuate the lower floors of Wall Street Tower as soon as possible,"Astoria, Queens",flood
R03698,Please send an ambulance to LIC Plaza 209,"Washington Heights, Manhattan",medical
R05788,Stuck in a flood 5th floor LIC Plaza,"29-27 41st Avenue, Long Island City, 5th floor, Room 6",flood
R02819,"Someone got injured in a road accident at Eighth Avenue Tower, 2nd floor Room 102","111 Eighth Avenue, Chelsea, Manhattan, 2nd floor, Room 2",accident
R00877,Call fire emergency,"861 Grand Concourse, The Bronx, 1st floor, Room 2",fire
R03445,Helpp it's medical emergency,"29-27 41st Avenue, Long Island City, 7th floor, Room 6",medical
R09711,The lift has stopped working. Save me! pls,"Bushwick, Brooklyn",other
R06430,Move to top floor,"29-27 41st Avenue, Long Island City, 6th floor, Room 2",flood
R02750,"Two vehicles collided, Grand Concourse Tower 902","861 Grand Concourse, The Bronx, 4th floor, Room 2",accident
R00082,"Oh no, fire has started","450 West 33rd Street, Chelsea, Manhattan, 7th floor, Room 7",fire
R05519,Run!!!,"Flushing, Queens",collapse
R04587,6th floor Eighth Avenue Tower building collapsed I’m stuck please help,"111 Eighth Avenue, Chelsea, Manhattan, 6th floor, Room 1",collapse
R05534,SOS! BUILDING COLLAPSE! LOCATION SENT,"861 Grand Concourse, The Bronx, 2nd floor, Room 3",collapse
R01543,"EXPLOSION 7th floor, Edgewater Plaza, HELP MEEE!","Bushwick, Brooklyn",explosion
R07192,police come fast,"861 Grand Concourse, The Bronx, 7th floor, Room 5",crime
R04122,Helpp it's medical emergency,"Bushwick, Brooklyn",medical
R07054,"Robbery happening near Chelsea Heights, send police","Flushing, Queens",crime
R03676,"Open wound, and concussion emergency first aid and ambulance required ASAP!","15 MetroTech Center, Downtown Brooklyn, 6th floor, Room 6",medical
R09697,Lift is stuck between floors at Eighth Avenue Tower,"Park Slope, Brooklyn",other
R07359,"Help, there is a robbery happening at the bank on Main Road, please contact the police.","27-01 Queens Plaza North, Long Island City, 2nd floor, Room 3",crime
R05470,Oh no! The building! It's falling!,"300 Ashland Place, Downtown Brooklyn, 2nd floor, Room 11",collapse
R05548,The building has collapsed. Save me!,"Park Slope, Brooklyn",collapse
R05956,"Flood situation in Morningside Heights, Manhattan, need relief ASAP!!","2 Penn Plaza, Midtown Manhattan, 5th floor, Room 5",flood
R03170,Bike and car collided near Chelsea Heights 3rd floor,"Sunset Park, Brooklyn",accident
R01941,There's been an explosion at Ashland Place Tower 701. Call the emergency services!,"Chinatown, Manhattan",explosion
R04655,"Part of the building has collapsed at Edgewater Plaza, and students may need rescue.","1 Edgewater Plaza, Staten Island, 1st floor, Room 12",collapse
R05556,"Someone get me out, building collapsed","300 Ashland Place, Downtown Brooklyn, 6th floor, Room 6",collapse
R04828,this builidng is collapsing ... send help,"29-27 41st Avenue, Long Island City, 6th floor, Room 5",collapse
R06454,"Water level rising rapidly near Astoria, Queens","88 Wall Street, Financial District, Manhattan, ground floor, Room 6",flood
R06383,Flood. Help ..,"Washington Heights, Manhattan",flood
R04982,2nd floor Edgewater Plaza building collapsed I’m stuck please help!!!,"Flushing, Queens",collapse
R07501,I am in dangerrr idk what to do,"620 Atlantic Avenue, Brooklyn, 6th floor, Room 3",crime
R03892,I need urgent medical help please,"27-01 Queens Plaza North, Long Island City, 3rd floor, Room 5",medical
R06361,HELP US!!! we are stuck in the flood prone area,"88 Wall Street, Financial District, Manhattan, 1st floor, Room 5",flood
R04898,Go run fast. the building is collapsing,"300 Ashland Place, Downtown Brooklyn, 7th floor, Room 6",collapse
R04101,Call an ambulance! Call an ambulance!,"15 MetroTech Center, Downtown Brooklyn, 6th floor, Room 7",medical
R06402,Savee me from the floodd,"861 Grand Concourse, The Bronx, 5th floor, Room 7",flood
R06102,Savee me from the floodd,"Astoria, Queens",flood
R04374,Call ambulance,"2 Penn Plaza, Midtown Manhattan, 7th floor, Room 2",medical
R00692,FIRE. HELP!!!!! Chelsea Heights 608,"450 West 33rd Street, Chelsea, Manhattan, 4th floor, Room 4",fire
R02437,"Someone got injured in a road accident at Astoria, Queens","Astoria, Queens",accident
R03523,"I have a medical emergency at Penn Plaza Tower, 5th floor Room Room 1","2 Penn Plaza, Midtown Manhattan, 5th floor, Room 1",medical
R02294,"Auto accident at LIC Plaza, 5th floor Room Room 12, please help","29-27 41st Avenue, Long Island City, 5th floor, Room 2",accident
R00953,Fire at Midtown Tower first floor.... Come quickly,"432 Park Avenue, Midtown Manhattan, 2nd floor, Room 7",fire
R09438,The lift has stopped working. Save me!,"Riverdale, The Bronx",other
R03361,"Call 108 Eighth Avenue Tower, 7th floor Room 903 send guys","111 Eighth Avenue, Chelsea, Manhattan, 7th floor, Room 2",medical
R07262,Call the emergency helpline number!,"300 Ashland Place, Downtown Brooklyn, 7th floor, Room 4",crime
R03247,"Someone got injured in a road accident at LIC Plaza, 3rd floor, Room 904!!","29-27 41st Avenue, Long Island City, 3rd floor, Room 4",accident
R04506,"Someone get me out, building collapsed","111 Eighth Avenue, Chelsea, Manhattan, 3rd floor, Room 2",collapse
R06784,I am in dangerrr idk what to do,"Park Slope, Brooklyn",crime
R02471,"Car accident, people are injured, send help","2 Penn Plaza, Midtown Manhattan, ground floor, Room 12",accident
R05431,Building collapsing run run,"Astoria, Queens",collapse
R03065,"Someone got injured in a road accident at Grand Concourse Tower, 4th floor, Room 404","861 Grand Concourse, The Bronx, 4th floor, Room 4",accident
R03604,Hospital!!! Emergency! Cash! Vehicle needed,"29-27 41st Avenue, Long Island City, 3rd floor, Room 5",medical
R05075,Run under the table,"1 Edgewater Plaza, Staten Island, 6th floor, Room 6",collapse
R07150,Call police come fast,"861 Grand Concourse, The Bronx, ground floor, Room 5",crime
R02857,"There has been an accident at Midtown Tower, 1st floor Room 507, emergency help needed","Park Slope, Brooklyn",accident
R04338,Doctor where is he 😭,"27-01 Queens Plaza North, Long Island City, 3rd floor, Room 7",medical
R02524,"Vehicle overturned near Midtown Tower, need rescue","432 Park Avenue, Midtown Manhattan, 5th floor, Room 7",accident
R04361,Save meeeee save meeeee injured injured,"450 West 33rd Street, Chelsea, Manhattan, 7th floor, Room 4",medical
R03440,Call an ambulance! Call an ambulance!,"88 Wall Street, Financial District, Manhattan, ground floor, Room 9",medical
R00198,Midtown Tower: help mee fire fire fire,"Flushing, Queens",fire
R06333,Let's move to the higher ground. 😭,"Astoria, Queens",flood
R07645,Somebody please call 112 there is a crime going on,"Park Slope, Brooklyn",crime
R00312,Fire save me 😭,"Flushing, Queens",fire
R01601,There has been an explosion in MetroTech Center there fire everywhere help pls,"15 MetroTech Center, Downtown Brooklyn, 6th floor, Room 6",explosion
R09685,"Emergency situation at Edgewater Plaza, 1st floor Room 101, please send help","Sunset Park, Brooklyn",other
R05208,"Building collapsed of Midtown Tower, need help","Chinatown, Manhattan",collapse
R04191,"Open wound, and concussion emergency first aid and ambulance required ASAP!","861 Grand Concourse, The Bronx, 5th floor, Room 5",medical
R08986,Lift is stuck between floors at Midtown Tower,"432 Park Avenue, Midtown Manhattan, 6th floor, Room 11",other
R04075,Doctor where is he!!!,"111 Eighth Avenue, Chelsea, Manhattan, 5th floor, Room 5",medical
R09020,"Something unusual is happening near Atlantic Terminal, 6th floor Room 606, please check","620 Atlantic Avenue, Brooklyn, 6th floor, Room 6",other
R02779,"There has been an accident at Grand Concourse Tower, 3rd floor Room Room 6, emergency helpppp needed","Flushing, Queens",accident
R05158,Go run fast. the building is collapsing,"450 West 33rd Street, Chelsea, Manhattan, 4th floor, Room 4",collapse
R09417,"Something unusual is happening near Queens Plaza Complex, 8th floor, please check","27-01 Queens Plaza North, Long Island City, 8th floor, Room 10",other
R09286,"The lift stopped suddenly, people are inside","Park Slope, Brooklyn",other
R04666,Building collapsing run run,"Park Slope, Brooklyn",collapse
R00892,MetroTech Center 5th floor is on flames.. send help ASAP,"15 MetroTech Center, Downtown Brooklyn, 5th floor, Room 5",fire
R07588,"A person with a weapon is causing danger at Edgewater Plaza, 7th floor","1 Edgewater Plaza, Staten Island, 7th floor, Room 5",crime
R02946,"Vehicle overturned near LIC Plaza, need rescue","29-27 41st Avenue, Long Island City, 5th floor, Room 5",accident
R01729,There's been an explosion at Midtown Tower 505. Call the emergency services!,"Flushing, Queens",explosion
R03757,Hospital!!! Emergency! Cash! Vehicle needed,"Sunset Park, Brooklyn",medical
R02012,"Explosion at 2nd floor, Queens Plaza Complex Save!!!","27-01 Queens Plaza North, Long Island City, 2nd floor, Room 2",explosion
R00696,"Fire has started in Eighth Avenue Tower 505, need urgent help","111 Eighth Avenue, Chelsea, Manhattan, 5th floor, Room 5",fire
R01641,Shit!! huge blast,"Washington Heights, Manhattan",explosion
R09012,Run for your life,"450 West 33rd Street, Chelsea, Manhattan, 2nd floor, Room 1",other
R00975,Firee fireee at Queens Plaza Complex saveee mee,"27-01 Queens Plaza North, Long Island City, ground floor, Room 9",fire
R06854,Somebody please call 112 there is a crime going on,"2 Penn Plaza, Midtown Manhattan, ground floor, Room 3",crime
R01794,"EXPLOSION 4th floor, MetroTech Center, HELP MEEE!","15 MetroTech Center, Downtown Brooklyn, 4th floor, Room 4",explosion
R03214,Someone got injured in a road accident at Atlantic Terminal 1st floor,"Park Slope, Brooklyn",accident
R06275,Let's move to the higher ground.,"27-01 Queens Plaza North, Long Island City, 5th floor, Room 7",flood
R03068,"Road accident near Atlantic Terminal, ambulance needed","620 Atlantic Avenue, Brooklyn, 7th floor, Room 7",accident
R00433,bro fire 8th floor,"450 West 33rd Street, Chelsea, Manhattan, 8th floor, Room 6",fire
R09927,"Emergency situation at LIC Plaza 907, please send help","29-27 41st Avenue, Long Island City, 1st floor, Room 7",other
R07077,"Crime happening here, need police immediately!!!","88 Wall Street, Financial District, Manhattan, 1st floor, Room 4",crime
R07669,"Gunmen in. MetroTech Center main office, need immediate hlp","15 MetroTech Center, Downtown Brooklyn, 8th floor, Room 8",crime
R03295,"Two vehicles collided, Chelsea Heights, 4th floor Room 404","450 West 33rd Street, Chelsea, Manhattan, 4th floor, Room 8",accident
R03311,"Road accident near LIC Plaza, ambulance needed","29-27 41st Avenue, Long Island City, 7th floor, Room 7",accident
R06191,Flood. Help ..,"29-27 41st Avenue, Long Island City, 8th floor, Room 1",flood
R01365,"Flushing, Queens Explosion ASAP!!","Flushing, Queens",explosion
R05219,Building has been collapsed!,"111 Eighth Avenue, Chelsea, Manhattan, 1st floor, Room 12",collapse
R01129,"BLAST. HELP ME!!!! In Grand Concourse Tower, 5th floor Room 505","Greenwich Village, Manhattan",explosion
R04412,Hospital emergency. Help ASAP!!,"Riverdale, The Bronx",medical
R07254,police come fast,"432 Park Avenue, Midtown Manhattan, 8th floor, Room 2",crime
R04875,Oh no! The building! It's falling!,"27-01 Queens Plaza North, Long Island City, 7th floor, Room 7",collapse
R03054,"There has been an accident at Eighth Avenue Tower, 3rd floor Room 306, emergency help needed","111 Eighth Avenue, Chelsea, Manhattan, 3rd floor, Room 6",accident
R00790,Help!!!!! fire here,"Riverdale, The Bronx",fire
R00966,Fire at Midtown Tower first floor.... Come quickly,"432 Park Avenue, Midtown Manhattan, 2nd floor, Room 7",fire
R03401,I need urgent medical help please,"15 MetroTech Center, Downtown Brooklyn, 3rd floor, Room 3",medical
R02453,"Traffic accident near Greenwich Village, Manhattan, need immediate assistance","29-27 41st Avenue, Long Island City, 4th floor, Room 5",accident
R00924,"Oh no, fire has started","450 West 33rd Street, Chelsea, Manhattan, 6th floor, Room 12",fire
R09923,Please send maintenance team to Midtown Tower,"Flushing, Queens",other
R09525,"Road is blocked by a fallen tree near Sunset Park, Brooklyn","Sunset Park, Brooklyn",other
R04222,"Open wound, and concussion emergency first aid and ambulance required ASAP!","Astoria, Queens",medical
R01159,"Explosion at 3rd floor, MetroTech Center Save!!!!!!","Bushwick, Brooklyn",explosion
R07151,Call police come fast,"27-01 Queens Plaza North, Long Island City, 5th floor, Room 2",crime
R05056,"Part of the building has collapsed at Grand Concourse Tower, and students may need rescue.","861 Grand Concourse, The Bronx, 5th floor, Room 5",collapse
R04970,Building has been collapsed!,"861 Grand Concourse, The Bronx, 8th floor, Room 8",collapse
R06761,"Gunmen in. LIC Plaza main office, need immediate hlp","29-27 41st Avenue, Long Island City, 1st floor, Room 6",crime
R01457,Save us we are in Chelsea Heights 8th floor pls,"450 West 33rd Street, Chelsea, Manhattan, 8th floor, Room 8",explosion
R06078,"The ground is flooded, send help, lifeboat and first aid","Flushing, Queens",flood
R06368,flood has come,"1 Edgewater Plaza, Staten Island, 8th floor, Room 2",flood
R00990,AHHHHHHHH,"Greenwich Village, Manhattan",fire
R03558,"Chest pain, LIC Plaza need to go to the hospital fast pls","300 Ashland Place, Downtown Brooklyn, 5th floor, Room 5",medical
R04683,"Building collapsed of Wall Street Tower, need help","88 Wall Street, Financial District, Manhattan, 6th floor, Room 8",collapse
R02542,"A person got hit by a vehicle near Penn Plaza Tower, 6th floor Room 502","2 Penn Plaza, Midtown Manhattan, 6th floor, Room 2",accident
R03999,Helpp it's medical emergency,"29-27 41st Avenue, Long Island City, 4th floor, Room 8",medical
R00365,Help there is fire in Wall Street Tower 4th floor help,"88 Wall Street, Financial District, Manhattan, 4th floor, Room 7",fire
R04048,Call hospital fast pls,"861 Grand Concourse, The Bronx, 6th floor, Room 5",medical
R05450,Hellllppppppp!!!! This building is falling!!,"450 West 33rd Street, Chelsea, Manhattan, 2nd floor, Room 2",collapse
R00294,AHHHHHHHH,"111 Eighth Avenue, Chelsea, Manhattan, 4th floor, Room 4",fire
R02744,"Road accident near Eighth Avenue Tower, ambulance needed","111 Eighth Avenue, Chelsea, Manhattan, 7th floor, Room 2",accident
R05473,Building has been collapsed!,"Chinatown, Manhattan",collapse
R06716,"Catch the criminal, close the gates","15 MetroTech Center, Downtown Brooklyn, 1st floor, Room 8",crime
R06686,Am I that unlucky,"Flushing, Queens",crime
R09146,Run for your life,"1 Edgewater Plaza, Staten Island, 7th floor, Room 7",other
R01670,Shit!! huge blast ...,"861 Grand Concourse, The Bronx, 7th floor, Room 6",explosion
R00256,FIRE. HELP!!!!! Penn Plaza Tower ground floor,"Astoria, Queens",fire
R06124,Let's move to the higher ground.,"450 West 33rd Street, Chelsea, Manhattan, 6th floor, Room 5",flood
R05210,"Building collapsed of Grand Concourse Tower, need help!!","861 Grand Concourse, The Bronx, 2nd floor, Room 2",collapse
R06323,"Water level rising rapidly near Washington Heights, Manhattan","27-01 Queens Plaza North, Long Island City, 8th floor, Room 12",flood
R01180,"Explosion help , ground floor LIC Plaza!!!","Flushing, Queens",explosion
R03344,"SOS I am having an attack!!!! MetroTech Center, 1st floor Room 409","15 MetroTech Center, Downtown Brooklyn, 1st floor, Room 9",medical
R00884,"Oh no, fire has started","2 Penn Plaza, Midtown Manhattan, 5th floor, Room 9",fire
R00415,"Eighth Avenue Tower, 3rd floor Room 303 FIREEEEEE HELP","111 Eighth Avenue, Chelsea, Manhattan, 3rd floor, Room 3",fire
R09961,"No electricity in Penn Plaza Tower, please send maintenance 😭","2 Penn Plaza, Midtown Manhattan, 7th floor, Room 2",other
R04408,"I think I'm dying, please help","1 Edgewater Plaza, Staten Island, 4th floor, Room 7",medical
R01874,"Atlantic Terminal, 2nd floor Room 202 Explosion!!!","620 Atlantic Avenue, Brooklyn, 2nd floor, Room 2",explosion
R09067,"Something unusual is happening near MetroTech Center, 1st floor Room 101, please check","15 MetroTech Center, Downtown Brooklyn, 1st floor, Room 1",other
R05859,"Flood situation in Morningside Heights, Manhattan, need relief ASAP!!","861 Grand Concourse, The Bronx, 1st floor, Room 9",flood
R05756,"The ground is flooded, send helpppp, lifeboat and first aid","Flushing, Queens",flood
R01675,"Huge explosion at Edgewater Plaza, smoke everywhere","1 Edgewater Plaza, Staten Island, 1st floor, Room 2",explosion
R09723,"Emergency situation at Washington Heights, Manhattan, please send help","Washington Heights, Manhattan",other
R04446,The building has collapsed. Save me!,"1 Edgewater Plaza, Staten Island, 6th floor, Room 7",collapse
R00350,"Wall Street Tower, 4th floor, Room Room 7 FIREEEEEE HELP","88 Wall Street, Financial District, Manhattan, 4th floor, Room 7",fire
R02085,"Quickly save us from explosion, 2nd floor, Penn Plaza Tower","2 Penn Plaza, Midtown Manhattan, 2nd floor, Room 2",explosion
R05152,Go run fast. the building is collapsing,"27-01 Queens Plaza North, Long Island City, 8th floor, Room 4",collapse
R00753,Help!!!!! fire here,"Bushwick, Brooklyn",fire
R05200,Run under the table,"432 Park Avenue, Midtown Manhattan, 8th floor, Room 8",collapse
R08929,The lift has stopped working. Save me!,"88 Wall Street, Financial District, Manhattan, ground floor, Room 7",other
R01221,It will blasttt,"Morningside Heights, Manhattan",explosion
R07763,"Help me.. there's robbery near Flushing, Queens.","88 Wall Street, Financial District, Manhattan, 5th floor, Room 2",crime
R09081,"The lift stopped suddenly, people are inside","Sunset Park, Brooklyn",other
R07114,"Bank robbery, help, 7th floor Edgewater Plaza","Morningside Heights, Manhattan",crime
R06285,"Water level rising rapidly near Flushing, Queens","432 Park Avenue, Midtown Manhattan, 1st floor, Room 1",flood
R00601,Firee fireee at Queens Plaza Complex saveee mee ASAP!!,"27-01 Queens Plaza North, Long Island City, 2nd floor, Room 2",fire
R02276,"bike hit someone at Sunset Park, Brooklyn, please send help pls","Sunset Park, Brooklyn",accident
R06217,there is a flood in our hostel rn. help,"620 Atlantic Avenue, Brooklyn, 8th floor, Room 2",flood
R09974,Lift is stuck between floors at Chelsea Heights,"450 West 33rd Street, Chelsea, Manhattan, ground floor, Room 3",other
R03498,Helpp it's medical emergency,"620 Atlantic Avenue, Brooklyn, 7th floor, Room 7",medical
R04345,Call 108 fasttttt there is an emergency,"Riverdale, The Bronx",medical
R06212,"Flood water is entering the ground floor of Queens Plaza Complex, pls send help immediately","27-01 Queens Plaza North, Long Island City, 7th floor, Room 7",flood
R00941,"FIRE. HELP!!!!! Wall Street Tower, 7th floor Room Room 2","88 Wall Street, Financial District, Manhattan, 7th floor, Room 2",fire
R02067,808! Fire!!!!! blast Edgewater Plaza 8th floor,"Washington Heights, Manhattan",explosion
R06884,I am in dangerrr idk what to do,"1 Edgewater Plaza, Staten Island, 3rd floor, Room 1",crime
R09179,Power is gone and people are stuck in the lift,"300 Ashland Place, Downtown Brooklyn, 1st floor, Room 9",other
R03294,"Car accident, people are injured, send help","861 Grand Concourse, The Bronx, 5th floor, Room 5",accident
R03223,"A vehicle crashed near Grand Concourse Tower, ground floor Room Room 5","861 Grand Concourse, The Bronx, ground floor, Room 5",accident
R05419,Leave the building quickly,"450 West 33rd Street, Chelsea, Manhattan, 5th floor, Room 9",collapse
R03248,"There has been an accident at Eighth Avenue Tower Room 12, emergency help needed","Morningside Heights, Manhattan",accident
R09901,Gas leakage here don't switch bulb on,"15 MetroTech Center, Downtown Brooklyn, 3rd floor, Room 2",other
R07480,Call the emergency helpline number!,"Washington Heights, Manhattan",crime
R03020,"Someone got injured in a road accident at Greenwich Village, Manhattan","Greenwich Village, Manhattan",accident
R03620,Helpp it's medical emergency!!!,"2 Penn Plaza, Midtown Manhattan, 6th floor, Room 6",medical
R02866,"Road accident near Ashland Place Tower, ambulance needed","Washington Heights, Manhattan",accident
R00224,Midtown Tower: help mee fire fire fire,"432 Park Avenue, Midtown Manhattan, 7th floor, Room 7",fire
R03589,Call 108 fasttttt there is an emergency,"450 West 33rd Street, Chelsea, Manhattan, 7th floor, Room 7",medical
R04919,Go run fast. the building is collapsing,"450 West 33rd Street, Chelsea, Manhattan, 5th floor, Room 2",collapse
R05675,Move to top floor,"2 Penn Plaza, Midtown Manhattan, 8th floor, Room 4",flood
R01562,Helpppp there is a huge explosion helpppp,"300 Ashland Place, Downtown Brooklyn, 5th floor, Room 4",explosion
R02791,"Car accident, people are injured, send helpppp","1 Edgewater Plaza, Staten Island, 4th floor, Room 9",accident
R09173,"In case of gas leak, don't switch on the bulb","2 Penn Plaza, Midtown Manhattan, 8th floor, Room 8",other
R01254,503! Fire!!!!! blast Midtown Tower 4th floor,"Washington Heights, Manhattan",explosion
R05578,"Water level rising rapidly near Chinatown, Manhattan","300 Ashland Place, Downtown Brooklyn, 1st floor, Room 6",flood
R09046,A large tree has fallen across the road,"Astoria, Queens",other
R07496,"Something serious is happening here, hurry!!","111 Eighth Avenue, Chelsea, Manhattan, 8th floor, Room 9",crime
R09600,"Something unusual is happening near Wall Street Tower, 8th floor Room 808, please check","88 Wall Street, Financial District, Manhattan, 8th floor, Room 8",other
R04047,"Chest pain, LIC Plaza need to go to the hospital fast","27-01 Queens Plaza North, Long Island City, 6th floor, Room 8",medical
R04687,8th floor Penn Plaza Tower building collapsed I’m stuck please helpppp,"2 Penn Plaza, Midtown Manhattan, 8th floor, Room 1",collapse
R09684,The lift has stopped working. Save me! 😭,"Astoria, Queens",other
R06957,"Bank robbery, help, ground floor Eighth Avenue Tower ...","Morningside Heights, Manhattan",crime
R01470,"Quickly save us from explosion, 7th floor, Atlantic Terminal","620 Atlantic Avenue, Brooklyn, 7th floor, Room 2",explosion
R00916,Firee fireee at LIC Plaza saveee mee!!,"Washington Heights, Manhattan",fire
R07016,"Crime happening here, need police immediately","29-27 41st Avenue, Long Island City, 7th floor, Room 9",crime
R01888,Grand Concourse Tower: something exploded nearby help,"861 Grand Concourse, The Bronx, 4th floor, Room 8",explosion
R05930,"Water level rising rapidly near Chinatown, Manhattan","15 MetroTech Center, Downtown Brooklyn, 2nd floor, Room 3",flood
R07333,"Robbery happening near Grand Concourse Tower, send police","861 Grand Concourse, The Bronx, 7th floor, Room 7",crime
R05919,"Flood, I am stuck, save me!","111 Eighth Avenue, Chelsea, Manhattan, 4th floor, Room 3",flood
R03437,Hospital!!! Emergency! Cash! Vehicle needed,"29-27 41st Avenue, Long Island City, 6th floor, Room 6",medical
R05523,Go run fast. the building is collapsing pls,"Astoria, Queens",collapse
R03187,"Major accident at Chelsea Heights, 2nd floor Room 202, need help","Riverdale, The Bronx",accident
R01077,"Atlantic Terminal, 5th floor Room Room 7 FIREEEEEE HELP","620 Atlantic Avenue, Brooklyn, 5th floor, Room 7",fire
R05134,this builidng is collapsing ... send helpppp,"300 Ashland Place, Downtown Brooklyn, 1st floor, Room 5",collapse
R09527,Power is gone and people are stuck in the lift,"15 MetroTech Center, Downtown Brooklyn, 5th floor, Room 12",other
R06313,TAKE HIGH GROUND flood,"861 Grand Concourse, The Bronx, 2nd floor, Room 2",flood
R04678,Run,"Bushwick, Brooklyn",collapse
R03657,"I think I'm dying, please help","2 Penn Plaza, Midtown Manhattan, 7th floor, Room 10",medical
R06325,Please evacuate the lower floors of Queens Plaza Complex as soon as possible,"Flushing, Queens",flood
R01558,Shit!! huge blast,"450 West 33rd Street, Chelsea, Manhattan, 2nd floor, Room 11",explosion
R04974,3rd floor Ashland Place Tower building collapsed I’m stuck please help,"300 Ashland Place, Downtown Brooklyn, 3rd floor, Room 4",collapse
R07326,Am I that unlucky,"450 West 33rd Street, Chelsea, Manhattan, 1st floor, Room 1",crime
R04561,"Part of the building has collapsed at Eighth Avenue Tower, and students may need rescue.","111 Eighth Avenue, Chelsea, Manhattan, ground floor, Room 7",collapse
R06997,"Robbery happening near Queens Plaza Complex, send police ASAP!!","Riverdale, The Bronx",crime
R02500,"Auto accident at Queens Plaza Complex, 8th floor Room Room 10, pls help","27-01 Queens Plaza North, Long Island City, 8th floor, Room 5",accident
R06537,HELP US!!! we are stuck in the flood prone area,"29-27 41st Avenue, Long Island City, 7th floor, Room 4",flood
R05776,Move to top floor,"2 Penn Plaza, Midtown Manhattan, 8th floor, Room 5",flood
R00971,"Atlantic Terminal, 7th floor FIREEEEEE HELP!!","620 Atlantic Avenue, Brooklyn, 7th floor, Room 12",fire
R09392,Power is gone and people are stuck in the lift,"620 Atlantic Avenue, Brooklyn, 8th floor, Room 3",other
R05797,"Flood water is entering the ground floor of Atlantic Terminal, please send help immediately","620 Atlantic Avenue, Brooklyn, 7th floor, Room 3",flood
R03220,"A person got hit by a vehicle near Edgewater Plaza, 4th floor Room Room 5","1 Edgewater Plaza, Staten Island, 4th floor, Room 5",accident
R09044,Help mee,"15 MetroTech Center, Downtown Brooklyn, 1st floor, Room 1",other
R07458,I am in dangerrr idk what to do,"2 Penn Plaza, Midtown Manhattan, 3rd floor, Room 7",crime
R06782,"Bank robbery, help, 2nd floor Penn Plaza Tower","2 Penn Plaza, Midtown Manhattan, 2nd floor, Room 3",crime
R01634,"Quickly save us from explosion, ground floor, Atlantic Terminal ...","620 Atlantic Avenue, Brooklyn, ground floor, Room 3",explosion
R06290,TAKE HIGH GROUND flood,"Washington Heights, Manhattan",flood
R00492,"Fire has started in Penn Plaza Tower Room 1, need urgent help","2 Penn Plaza, Midtown Manhattan, 5th floor, Room 1",fire
R06202,Stuck in a flood 3rd floor Eighth Avenue Tower,"111 Eighth Avenue, Chelsea, Manhattan, 3rd floor, Room 6",flood
R07003,"Help, there is a robbery happening at the bank on Main Road, please contact the police.","2 Penn Plaza, Midtown Manhattan, 4th floor, Room 4",crime
R05328,Building collapsing run run,"432 Park Avenue, Midtown Manhattan, 7th floor, Room 1",collapse
R05128,Building collapsing run run,"15 MetroTech Center, Downtown Brooklyn, 6th floor, Room 9",collapse
R03984,Hospital emergency. Help,"Washington Heights, Manhattan",medical
R02238,"bike hit someone at Midtown Tower 202, please send help","432 Park Avenue, Midtown Manhattan, 2nd floor, Room 2",accident
R04169,"Chest pain, LIC Plaza need to go to the hospital fast","300 Ashland Place, Downtown Brooklyn, 4th floor, Room 4",medical
R03992,Hospital!!! Emergency! Cash! Vehicle needed pls,"450 West 33rd Street, Chelsea, Manhattan, ground floor, Room 5",medical
R07263,"Armed robbery happening right now at the bank, call the police","Bushwick, Brooklyn",crime
R00495,Midtown Tower 404 FIREEEEEE HELP,"432 Park Avenue, Midtown Manhattan, 4th floor, Room 4",fire
R02812,"Vehicle overturned near Edgewater Plaza, need rescue","Bushwick, Brooklyn",accident
R01151,Loud sound. Was that a bomb?,"Washington Heights, Manhattan",explosion
R07251,"Armed robbery happening right now at the bank, call the police!!!","15 MetroTech Center, Downtown Brooklyn, 7th floor, Room 7",crime
R07422,"Bomb blast Edgewater Plaza, 7th floor Room Room 11. Save me!!!","1 Edgewater Plaza, Staten Island, 7th floor, Room 7",crime
R07159,"Robbery happening near Eighth Avenue Tower, send police","111 Eighth Avenue, Chelsea, Manhattan, 3rd floor, Room 4",crime
R01440,505! Fire!!!!! blast MetroTech Center 5th floor,"Washington Heights, Manhattan",explosion
R09596,Water pipe burst near Penn Plaza Tower,"Riverdale, The Bronx",other
R07186,A person with a weapon is causing danger at Chelsea Heights Room 1 ASAP!!,"450 West 33rd Street, Chelsea, Manhattan, 2nd floor, Room 1",crime
R02924,A person got hit by a vehicle near Edgewater Plaza G00,"1 Edgewater Plaza, Staten Island, ground floor, Room 9",accident
R03206,"Road accident near Grand Concourse Tower, ambulance needed","861 Grand Concourse, The Bronx, 5th floor, Room 5",accident
R01529,"Queens Plaza Complex, 5th floor Room 505 Explosion","Chinatown, Manhattan",explosion
R04615,Ashland Place Tower under shreds! Building collapse,"300 Ashland Place, Downtown Brooklyn, 1st floor, Room 8",collapse
R09271,Power is gone and people are stuck in the lift,"15 MetroTech Center, Downtown Brooklyn, 8th floor, Room 1",other
R03215,"Road accident near Penn Plaza Tower, ambulance needed","2 Penn Plaza, Midtown Manhattan, 4th floor, Room 6",accident
R01230,"Sunset Park, Brooklyn Explosion","Sunset Park, Brooklyn",explosion
R05334,"Part of the building has collapsed at Wall Street Tower, and students may need rescue.","88 Wall Street, Financial District, Manhattan, 6th floor, Room 7",collapse
R05615,Blub blub blub,"Sunset Park, Brooklyn",flood
R05197,"The roof just collapsed at Ashland Place Tower, people are trapped","Chinatown, Manhattan",collapse
R02399,"Crash happened outside Grand Concourse Tower, send medical team","861 Grand Concourse, The Bronx, 4th floor, Room 7",accident
R09817,Help mee,"Morningside Heights, Manhattan",other
R04100,Doctor where is he,"300 Ashland Place, Downtown Brooklyn, 3rd floor, Room 3",medical
R04859,this builidng is collapsing ... send help,"450 West 33rd Street, Chelsea, Manhattan, 5th floor, Room 5",collapse
R03617,Call an ambulance! Call an ambulance!,"Park Slope, Brooklyn",medical
R06981,"Help me.. there's robbery near Park Slope, Brooklyn.","620 Atlantic Avenue, Brooklyn, 1st floor, Room 8",crime
R04283,Hospital emergency. Help,"Park Slope, Brooklyn",medical
R05481,Run under the table,"432 Park Avenue, Midtown Manhattan, 3rd floor, Room 1",collapse
R09781,"No electricity in Ashland Place Tower, please send maintenance","Astoria, Queens",other
R05043,SOS! BUILDING COLLAPSE! LOCATION SENT,"Chinatown, Manhattan",collapse
R09142,"In case of gas leak, don't switch on the bulb","Flushing, Queens",other
R01273,Something just burst around me. Send rescue squad ASAP,"Sunset Park, Brooklyn",explosion
R06112,"Water level rising rapidly near Park Slope, Brooklyn","Sunset Park, Brooklyn",flood
R05115,The building has collapsed. Save me!,"Riverdale, The Bronx",collapse
R00797,"Fire has started in Midtown Tower Room 8, need urgent help","432 Park Avenue, Midtown Manhattan, 8th floor, Room 8",fire
R03915,Call 108 Atlantic Terminal 708 send guys,"620 Atlantic Avenue, Brooklyn, 4th floor, Room 4",medical
R00615,Stay away there's a fire!!,"88 Wall Street, Financial District, Manhattan, ground floor, Room 4",fire
R00127,Help!!!!! fire here,"111 Eighth Avenue, Chelsea, Manhattan, 3rd floor, Room 3",fire
R03227,"Someone got injured in a road accident at Queens Plaza Complex, 5th floor, Room Room 11 😭","27-01 Queens Plaza North, Long Island City, 5th floor, Room 1",accident
R05991,Let's move to the higher ground.,"27-01 Queens Plaza North, Long Island City, 4th floor, Room 4",flood
R01947,"Huge explosion at Edgewater Plaza, smoke everywhere","1 Edgewater Plaza, Staten Island, 1st floor, Room 4",explosion
R06958,"there is a man with black mask and gun in the bank, please help","29-27 41st Avenue, Long Island City, 6th floor, Room 10",crime
R06349,Please evacuate the lower floors of Chelsea Heights as soon as possible,"450 West 33rd Street, Chelsea, Manhattan, 2nd floor, Room 2",flood
R05464,"Someone get me out, building collapsed","15 MetroTech Center, Downtown Brooklyn, 3rd floor, Room 7",collapse
R04258,Hospital emergency. Help,"Bushwick, Brooklyn",medical
R09969,"Something unusual is happening near Grand Concourse Tower, ground floor Room 901, please check","861 Grand Concourse, The Bronx, ground floor, Room 1",other
R01669,"Explosion at 2nd floor, Wall Street Tower Save!!!","88 Wall Street, Financial District, Manhattan, 2nd floor, Room 1",explosion
R04959,No wayyy building falling,"2 Penn Plaza, Midtown Manhattan, 2nd floor, Room 2",collapse
R03634,Call hospital fast pls,"Park Slope, Brooklyn",medical
R00482,Fire!! 1st floor Edgewater Plaza !!!! G00!! ASAP!!,"1 Edgewater Plaza, Staten Island, ground floor, Room 3",fire
R03370,"Open wound, and concussion emergency first aid and ambulance required ASAP! 😭","Greenwich Village, Manhattan",medical
R07152,"Bank robbery, helpppp, 7th floor Grand Concourse Tower","861 Grand Concourse, The Bronx, 7th floor, Room 7",crime
R02964,"Accident!!! people hurt, call ambulance","27-01 Queens Plaza North, Long Island City, 7th floor, Room 1",accident
R01201,Something just burst around me. Send rescue squad ASAP,"Chinatown, Manhattan",explosion
R06129,"Water level rising rapidly near Flushing, Queens!!","88 Wall Street, Financial District, Manhattan, 8th floor, Room 5",flood
R09386,"There is a gas smell in the building, please check","Flushing, Queens",other
R03865,Someone needs urgent medical help at Edgewater Plaza Room 6,"1 Edgewater Plaza, Staten Island, ground floor, Room 6",medical
R03049,"Vehicle overturned near Eighth Avenue Tower, need rescue","111 Eighth Avenue, Chelsea, Manhattan, 3rd floor, Room 1",accident
R05139,Go run fast. the building is collapsing,"Sunset Park, Brooklyn",collapse
R04392,Call ambulance,"620 Atlantic Avenue, Brooklyn, 7th floor, Room 7",medical
R06777,Am I that unlucky,"300 Ashland Place, Downtown Brooklyn, 7th floor, Room 9",crime
R07079,"Help me.. there's robbery near Chinatown, Manhattan.","27-01 Queens Plaza North, Long Island City, 2nd floor, Room 11",crime
R03094,"Car accident, people are injured, send helpppp","Sunset Park, Brooklyn",accident
R05389,8th floor Queens Plaza Complex building collapsed I’m stuck please help,"27-01 Queens Plaza North, Long Island City, 8th floor, Room 2",collapse
R04521,No wayyy building falling,"88 Wall Street, Financial District, Manhattan, 5th floor, Room 10",collapse
R04659,EVACUATE,"2 Penn Plaza, Midtown Manhattan, 1st floor, Room 1",collapse
R00319,Help there is fire in Grand Concourse Tower 7th floor help 😭,"861 Grand Concourse, The Bronx, 7th floor, Room 8",fire
R09534,"Street light is not working near Bushwick, Brooklyn","Park Slope, Brooklyn",other
R03985,"I have a medical emergency at Edgewater Plaza, 8th floor Room Room 1","1 Edgewater Plaza, Staten Island, 8th floor, Room 1",medical
R06952,Somebody please call 112 there is a crime going on,"300 Ashland Place, Downtown Brooklyn, 2nd floor, Room 2",crime
R07711,"Robbery happening near Eighth Avenue Tower, send police","Sunset Park, Brooklyn",crime
R00416,Queens Plaza Complex: help mee fire fire fire,"Washington Heights, Manhattan",fire
R05705,"Water level rising rapidly near Park Slope, Brooklyn","Bushwick, Brooklyn",flood
R06556,Flood. Help ..,"2 Penn Plaza, Midtown Manhattan, 7th floor, Room 1",flood
R09000,"Street light is not working near Morningside Heights, Manhattan","29-27 41st Avenue, Long Island City, 8th floor, Room 7",other
R06104,Stuck in a flood 6th floor Queens Plaza Complex,"27-01 Queens Plaza North, Long Island City, 6th floor, Room 6",flood
R09326,"There is a gas smell in the building, please check","15 MetroTech Center, Downtown Brooklyn, 7th floor, Room 3",other
R05941,HELP US!!! we are stuck in the flood prone area,"861 Grand Concourse, The Bronx, 3rd floor, Room 2",flood
R01807,Something just burst around me. Send rescue squad ASAP,"300 Ashland Place, Downtown Brooklyn, 4th floor, Room 4",explosion
R06524,"Flood water is entering the ground floor of Midtown Tower, please send help immediately","432 Park Avenue, Midtown Manhattan, 6th floor, Room 6",flood
R07486,Somebody please call 112 there is a crime going on,"432 Park Avenue, Midtown Manhattan, 8th floor, Room 8",crime
R09395,Run for your life 😭,"432 Park Avenue, Midtown Manhattan, 7th floor, Room 2",other
R01385,Room 2! Fire!!!!! blast Midtown Tower 5th floor,"Riverdale, The Bronx",explosion
R00519,"FIRE. HELP!!!!! Chelsea Heights, ground floor Room 909","450 West 33rd Street, Chelsea, Manhattan, ground floor, Room 9",fire
R03769,Call hospital fast pls!!!,"450 West 33rd Street, Chelsea, Manhattan, 6th floor, Room 2",medical
R02352,"Vehicle overturned near MetroTech Center, need rescue","15 MetroTech Center, Downtown Brooklyn, 2nd floor, Room 2",accident
R06663,"Flood situation in Riverdale, The Bronx, need relief ASAP!!","2 Penn Plaza, Midtown Manhattan, 3rd floor, Room 3",flood
R02109,Shit!! huge blast 😭,"Washington Heights, Manhattan",explosion
R03016,"bike hit someone at MetroTech Center, 1st floor, Room 407, please send help!!","15 MetroTech Center, Downtown Brooklyn, 1st floor, Room 7",accident
R09423,"Road is blocked by a fallen tree near Ashland Place Tower, 1st floor","300 Ashland Place, Downtown Brooklyn, 1st floor, Room 4",other
R03670,"Open wound, and concussion emergency first aid and ambulance required ASAP!","432 Park Avenue, Midtown Manhattan, 1st floor, Room 1",medical
R02055,"Explosion helpppp , 1st floor LIC Plaza","Park Slope, Brooklyn",explosion
R04217,I need urgent medical help please,"450 West 33rd Street, Chelsea, Manhattan, 2nd floor, Room 4",medical
R04298,Urgent help needed hereee!!,"450 West 33rd Street, Chelsea, Manhattan, 3rd floor, Room 1",medical
R09190,The lift has stopped working. Save me!,"2 Penn Plaza, Midtown Manhattan, 8th floor, Room 9",other
R00097,Chelsea Heights: help mee fire fire fire,"Park Slope, Brooklyn",fire
R09163,"No electricity in Chelsea Heights, please send maintenance","450 West 33rd Street, Chelsea, Manhattan, ground floor, Room 2",other
R02872,"Someone got injured in a road accident at MetroTech Center, 2nd floor Room 209","Riverdale, The Bronx",accident
R02778,"A person got hit by a vehicle near Midtown Tower, 3rd floor, Room 303","432 Park Avenue, Midtown Manhattan, 3rd floor, Room 3",accident
R05648,Move to safe area,"15 MetroTech Center, Downtown Brooklyn, 4th floor, Room 9",flood
R04410,"I think I'm dying, please help","Bushwick, Brooklyn",medical
R02478,"There has been an accident at Atlantic Terminal, 1st floor Room Room 11, emergency help needed 😭","620 Atlantic Avenue, Brooklyn, 1st floor, Room 1",accident
R03050,"Accident!!! people hurt, call ambulance","Flushing, Queens",accident
R07334,Somebody please call 112 there is a crime going on,"432 Park Avenue, Midtown Manhattan, 2nd floor, Room 2",crime
R03515,"I have a medical emergency at Bushwick, Brooklyn","Bushwick, Brooklyn",medical
R05707,"Water level rising rapidly near Greenwich Village, Manhattan","29-27 41st Avenue, Long Island City, 4th floor, Room 8",flood
R01033,Help there is fire in Penn Plaza Tower 5th floor help,"Park Slope, Brooklyn",fire
R00121,"Fire has started in Eighth Avenue Tower 202, need urgent help","111 Eighth Avenue, Chelsea, Manhattan, 2nd floor, Room 2",fire
R08969,"Street light is not working near Flushing, Queens","1 Edgewater Plaza, Staten Island, 2nd floor, Room 6",other
R02435,"Auto accident at Atlantic Terminal, 4th floor Room 303, please help","Bushwick, Brooklyn",accident
R02987,"A person got hit by a vehicle near Wall Street Tower, 1st floor, Room 101","88 Wall Street, Financial District, Manhattan, 1st floor, Room 1",accident
R03738,I have a medical emergency at Ashland Place Tower 402,"300 Ashland Place, Downtown Brooklyn, ground floor, Room 2",medical
R05132,this builidng is collapsing ... send help ...,"15 MetroTech Center, Downtown Brooklyn, 2nd floor, Room 1",collapse
R09748,The lift has stopped working. Save me!,"2 Penn Plaza, Midtown Manhattan, 3rd floor, Room 5",other
R09726,Run for your life,"29-27 41st Avenue, Long Island City, 4th floor, Room 6",other
R04786,Hellllppppppp!!!! This building is falling!!,"29-27 41st Avenue, Long Island City, 8th floor, Room 11",collapse
R06525,Move to top floor,"620 Atlantic Avenue, Brooklyn, ground floor, Room 10",flood
R01821,Helpppp there is a huge explosion helpppp,"88 Wall Street, Financial District, Manhattan, 3rd floor, Room 10",explosion
R05276,Leave the building quickly,"29-27 41st Avenue, Long Island City, 8th floor, Room 9",collapse
R03965,Call ambulance,"300 Ashland Place, Downtown Brooklyn, 4th floor, Room 6",medical
R05327,Building collapsing run run ASAP!!,"15 MetroTech Center, Downtown Brooklyn, 8th floor, Room 4",collapse
R02177,It will blasttt,"Flushing, Queens",explosion
R06070,Water everywhere help me,"88 Wall Street, Financial District, Manhattan, 8th floor, Room 1",flood
R03772,Helpp it's medical emergency,"15 MetroTech Center, Downtown Brooklyn, 3rd floor, Room 7",medical
R05737,Move to top floor,"29-27 41st Avenue, Long Island City, 1st floor, Room 2",flood
R00543,Fire!! 1st floor Midtown Tower !!!! 102!!,"Greenwich Village, Manhattan",fire
R00264,AHHHHHHHH,"861 Grand Concourse, The Bronx, 6th floor, Room 4",fire
R04711,Oh no! The building! It's falling!,"Morningside Heights, Manhattan",collapse
R05725,"Water level rising rapidly near Greenwich Village, Manhattan","Washington Heights, Manhattan",flood
R07747,"Gunmen in. Penn Plaza Tower main office, need immediate hlp","Flushing, Queens",crime
R01145,"There's been an explosion at Edgewater Plaza, 8th floor Room Room 2. Call the emergency services!","1 Edgewater Plaza, Staten Island, 8th floor, Room 2",explosion
R07058,Call police come fast,"15 MetroTech Center, Downtown Brooklyn, 8th floor, Room 1",crime
R03638,"I think I'm dying, please help","Chinatown, Manhattan",medical
R06832,police come fast,"Morningside Heights, Manhattan",crime
R05453,Building has been collapsed! pls,"29-27 41st Avenue, Long Island City, 1st floor, Room 3",collapse
R03149,"A vehicle crashed near Queens Plaza Complex, 5th floor Room 109","Flushing, Queens",accident
R03230,"Auto accident at Atlantic Terminal, 1st floor Room 101, please helpppp","Greenwich Village, Manhattan",accident
R05017,The building has collapsed. Save me!,"27-01 Queens Plaza North, Long Island City, 8th floor, Room 1",collapse
R05351,Building has been collapsed!,"Astoria, Queens",collapse
R00638,Firee fireee at Queens Plaza Complex saveee mee,"27-01 Queens Plaza North, Long Island City, 8th floor, Room 3",fire
R09092,"Street light is not working near Chinatown, Manhattan","Flushing, Queens",other
R09432,The lift has stopped working. Save me!,"1 Edgewater Plaza, Staten Island, 3rd floor, Room 1",other
R02551,"Crash happened outside Midtown Tower, send medical team","Sunset Park, Brooklyn",accident
R00688,Fire save me,"Park Slope, Brooklyn",fire
R03807,"Someone needs urgent medical help at Chelsea Heights, 5th floor","450 West 33rd Street, Chelsea, Manhattan, 5th floor, Room 4",medical
R05396,No wayyy building falling,"Park Slope, Brooklyn",collapse
R03931,Save meeeee save meeeee injured injured,"111 Eighth Avenue, Chelsea, Manhattan, 2nd floor, Room 5",medical
R02088,It will blasttt,"861 Grand Concourse, The Bronx, 5th floor, Room 1",explosion
R07338,"Gunmen in. Grand Concourse Tower main office, need immediate hlp pls","861 Grand Concourse, The Bronx, 1st floor, Room 6",crime
R02639,"Road accident near Atlantic Terminal, ambulance needed","620 Atlantic Avenue, Brooklyn, 5th floor, Room 7",accident
R02612,"Two vehicles collided, LIC Plaza, 1st floor Room 303","Washington Heights, Manhattan",accident
R02775,"bike hit someone at MetroTech Center 808, pls send help","Washington Heights, Manhattan",accident
R01700,"EXPLOSION 7th floor, Penn Plaza Tower, HELP MEEE!","2 Penn Plaza, Midtown Manhattan, 7th floor, Room 4",explosion
R01595,Loud sound. Was that a bomb?,"Flushing, Queens",explosion
R05834,Blub blub blub,"Morningside Heights, Manhattan",flood
R09909,Run for your life,"Astoria, Queens",other
R03284,Bike and car collided near Penn Plaza Tower 6th floor,"2 Penn Plaza, Midtown Manhattan, 6th floor, Room 1",accident
R03729,Save meeeee save meeeee injured injured,"432 Park Avenue, Midtown Manhattan, ground floor, Room 10",medical
R05962,there is a flood in our hostel rn. help,"Morningside Heights, Manhattan",flood
R09552,Water pipe burst near Wall Street Tower,"Flushing, Queens",other
R07602,I am in dangerrr idk what to do,"15 MetroTech Center, Downtown Brooklyn, 2nd floor, Room 7",crime
R00747,Penn Plaza Tower 5th floor is on flames.. send helpppp ASAP,"Park Slope, Brooklyn",fire
R06801,"Armed robbery happening right now at the bank, call the police","Park Slope, Brooklyn",crime
R03363,Call 108 Wall Street Tower 101 send guys,"88 Wall Street, Financial District, Manhattan, 1st floor, Room 1",medical
R05643,there is a flood in our hostel rn. help,"Chinatown, Manhattan",flood
R06057,"Flood, I am stuck, save me!","450 West 33rd Street, Chelsea, Manhattan, 6th floor, Room 7",flood
R01555,"There's been an explosion at Queens Plaza Complex, 1st floor Room 101. Call the emergency services!","Sunset Park, Brooklyn",explosion
R02568,"Auto accident at Midtown Tower, 8th floor Room 808, please help","432 Park Avenue, Midtown Manhattan, 8th floor, Room 8",accident
R09990,"Emergency situation at Edgewater Plaza, 2nd floor Room Room 1, please send help","1 Edgewater Plaza, Staten Island, 2nd floor, Room 1",other
R05846,there is a flood in our hostel rn. help,"Flushing, Queens",flood
R01143,"Quickly save us from explosion, 7th floor, Ashland Place Tower","Sunset Park, Brooklyn",explosion
R07086,Call the emergency helpline number!,"27-01 Queens Plaza North, Long Island City, 1st floor, Room 7",crime
R04342,Save meeeee save meeeee injured injured,"15 MetroTech Center, Downtown Brooklyn, 3rd floor, Room 3",medical
R01760,Midtown Tower: something exploded nearby help 😭,"Bushwick, Brooklyn",explosion
R03927,Hospital emergency. Help,"Greenwich Village, Manhattan",medical
R02139,"Explosion help , 8th floor Queens Plaza Complex","27-01 Queens Plaza North, Long Island City, 8th floor, Room 2",explosion
R02571,"Auto accident at Queens Plaza Complex 5th floor, please help","Park Slope, Brooklyn",accident
R06609,Helpppp i am drowning helpppp,"300 Ashland Place, Downtown Brooklyn, 4th floor, Room 4",flood
R03863,"I think I'm dying, please help ASAP!!","432 Park Avenue, Midtown Manhattan, 8th floor, Room 6",medical
R05785,there is a flood in our hostel rn. help,"620 Atlantic Avenue, Brooklyn, 5th floor, Room 1",flood
R02336,"A vehicle crashed near Ashland Place Tower, 6th floor Room Room 6","300 Ashland Place, Downtown Brooklyn, 6th floor, Room 6",accident
R07119,Call police come fast pls,"450 West 33rd Street, Chelsea, Manhattan, ground floor, Room 4",crime
R01351,"Explosion help , 7th floor Atlantic Terminal","620 Atlantic Avenue, Brooklyn, 7th floor, Room 2",explosion
R01219,Explosion in building run away.....,"88 Wall Street, Financial District, Manhattan, ground floor, Room 7",explosion
R07245,"Gunmen in. Midtown Tower main office, need immediate hlp","Chinatown, Manhattan",crime
R05212,"Building collapsed of Atlantic Terminal, need help","620 Atlantic Avenue, Brooklyn, 3rd floor, Room 3",collapse
R02266,Bike and car collided near Wall Street Tower 3rd floor,"Flushing, Queens",accident
R00912,Fire at LIC Plaza first floor.... Come quickly,"29-27 41st Avenue, Long Island City, 4th floor, Room 3",fire
R01656,Shit!! huge blast,"88 Wall Street, Financial District, Manhattan, 1st floor, Room 1",explosion
R01831,"Atlantic Terminal, 3rd floor Room 303 Explosion","Bushwick, Brooklyn",explosion
R00865,"Wall Street Tower, 6th floor, Room 606 FIREEEEEE HELP","88 Wall Street, Financial District, Manhattan, 6th floor, Room 6",fire
R05774,"Flood situation in Morningside Heights, Manhattan, need relief ASAP!!","450 West 33rd Street, Chelsea, Manhattan, 3rd floor, Room 3",flood
R09094,"Emergency situation, please send help immediately","300 Ashland Place, Downtown Brooklyn, 8th floor, Room 4",other
R03817,"Open wound, and concussion emergency first aid and ambulance required ASAP! pls","450 West 33rd Street, Chelsea, Manhattan, 3rd floor, Room 3",medical
R09775,A large tree has fallen across the road,"300 Ashland Place, Downtown Brooklyn, 4th floor, Room 6",other
R01194,Shit!! huge blast,"29-27 41st Avenue, Long Island City, 1st floor, Room 2",explosion
R03081,Bike and car collided near Penn Plaza Tower 5th floor,"Sunset Park, Brooklyn",accident
R06388,Savee me from the floodd,"620 Atlantic Avenue, Brooklyn, 2nd floor, Room 3",flood
R00195,"Oh no, fire has started","27-01 Queens Plaza North, Long Island City, 2nd floor, Room 2",fire
R09815,"No electricity in Ashland Place Tower, please send maintenance","300 Ashland Place, Downtown Brooklyn, 2nd floor, Room 1",other
R05138,The building has collapsed. Save me!,"111 Eighth Avenue, Chelsea, Manhattan, 2nd floor, Room 2",collapse
R02239,"Someone got injured in a road accident at Wall Street Tower, 7th floor Room Room 12","88 Wall Street, Financial District, Manhattan, 7th floor, Room 2",accident
R06316,HELP US!!! we are stuck in the flood prone area 😭,"2 Penn Plaza, Midtown Manhattan, ground floor, Room 4",flood
R07268,Call the police right now!!,"861 Grand Concourse, The Bronx, 7th floor, Room 5",crime
R00160,"Penn Plaza Tower, 1st floor, Room 101 FIREEEEEE HELP","2 Penn Plaza, Midtown Manhattan, 1st floor, Room 1",fire
R03023,"Vehicle overturned near Chelsea Heights, need rescue","Morningside Heights, Manhattan",accident
R07663,"Something serious is happening here, hurry","300 Ashland Place, Downtown Brooklyn, 2nd floor, Room 8",crime
R01577,Shit!! huge blast,"432 Park Avenue, Midtown Manhattan, 3rd floor, Room 5",explosion
R03377,"I think I'm dying, please help","450 West 33rd Street, Chelsea, Manhattan, 2nd floor, Room 9",medical
R05460,Hellllppppppp!!!! This building is falling!! 😭,"2 Penn Plaza, Midtown Manhattan, 8th floor, Room 1",collapse
R07109,Call the police right now!!,"15 MetroTech Center, Downtown Brooklyn, 2nd floor, Room 6",crime
R00231,Stay away there's a fire!!!!!,"Greenwich Village, Manhattan",fire
R02604,"bike hit someone at Washington Heights, Manhattan, please send help","Washington Heights, Manhattan",accident
R01938,Explosion in building run away.....,"27-01 Queens Plaza North, Long Island City, 7th floor, Room 4",explosion
R02044,"Huge explosion at Atlantic Terminal, smoke everywhere","Morningside Heights, Manhattan",explosion
R02176,Save us we are in Grand Concourse Tower 7th floor,"861 Grand Concourse, The Bronx, 7th floor, Room 4",explosion
R00646,Help there is fire in Chelsea Heights 7th floor help!!!,"450 West 33rd Street, Chelsea, Manhattan, 7th floor, Room 9",fire
R05870,Move to top floor,"432 Park Avenue, Midtown Manhattan, 8th floor, Room 8",flood
R02193,Loud sound. Was that a bomb?!!!,"861 Grand Concourse, The Bronx, 1st floor, Room 1",explosion
R03845,Urgent help needed hereee!!,"300 Ashland Place, Downtown Brooklyn, ground floor, Room 5",medical
R07035,"Robbery happening near Grand Concourse Tower, send police","861 Grand Concourse, The Bronx, 5th floor, Room 2",crime
R01843,"Huge explosion at Midtown Tower, smoke everywhere","432 Park Avenue, Midtown Manhattan, 5th floor, Room 8",explosion
R07205,"Bank robbery, help, 2nd floor Queens Plaza Complex","27-01 Queens Plaza North, Long Island City, 2nd floor, Room 6",crime
R03536,"Someone needs urgent medical help at Atlantic Terminal, 1st floor Room 907","620 Atlantic Avenue, Brooklyn, 1st floor, Room 7",medical
R04119,Urgent help needed hereee!!,"111 Eighth Avenue, Chelsea, Manhattan, 5th floor, Room 1",medical
R05402,No wayyy building falling,"620 Atlantic Avenue, Brooklyn, 4th floor, Room 4",collapse
R02902,Bike and car collided near Chelsea Heights ground floor,"Riverdale, The Bronx",accident
R04154,Call hospital fast pls,"Chinatown, Manhattan",medical
R01759,MetroTech Center: something exploded nearby helpppp,"Park Slope, Brooklyn",explosion
R03885,"Chest pain, LIC Plaza need to go to the hospital fast","Astoria, Queens",medical
R01232,Loud sound. Was that a bomb? 😭,"432 Park Avenue, Midtown Manhattan, 1st floor, Room 1",explosion
R01697,There has been an explosion in LIC Plaza there fire everywhere help,"29-27 41st Avenue, Long Island City, 8th floor, Room 6",explosion
R06805,"Gunmen in. Ashland Place Tower main office, need immediate hlp","300 Ashland Place, Downtown Brooklyn, 7th floor, Room 1",crime
R07238,Call the police right now!!,"620 Atlantic Avenue, Brooklyn, 4th floor, Room 3",crime
R09517,Water pipe burst near Atlantic Terminal,"620 Atlantic Avenue, Brooklyn, 7th floor, Room 2",other
R00625,Help there is fire in Edgewater Plaza 8th floor help,"Greenwich Village, Manhattan",fire
R00275,FIREEEEEE HELPPPPPPPP USSS OUTTTTTTTT. Chelsea Heights !!!!!!,"Greenwich Village, Manhattan",fire
R04317,"Please send an ambulance to Midtown Tower, ground floor Room 605","432 Park Avenue, Midtown Manhattan, ground floor, Room 10",medical
R06400,HELP US!!! we are stuck in the flood prone area pls,"111 Eighth Avenue, Chelsea, Manhattan, 8th floor, Room 5",flood
R06730,"Crime happening here, need police immediately","450 West 33rd Street, Chelsea, Manhattan, 4th floor, Room 10",crime
R00872,"Fire has started in MetroTech Center Room 7, need urgent help","15 MetroTech Center, Downtown Brooklyn, 5th floor, Room 9",fire
R06304,"Flood situation in Park Slope, Brooklyn, need relief ASAP!!","88 Wall Street, Financial District, Manhattan, 5th floor, Room 1",flood
R05363,Building has been collapsed!,"450 West 33rd Street, Chelsea, Manhattan, 7th floor, Room 4",collapse
R05528,"Someone get me out, building collapsed","Chinatown, Manhattan",collapse
R02550,"Auto accident at Chelsea Heights, 6th floor, Room 606, please help","450 West 33rd Street, Chelsea, Manhattan, 6th floor, Room 6",accident
R02457,"Someone got injured in a road accident at Edgewater Plaza, 1st floor Room Room 5","Park Slope, Brooklyn",accident
R01176,Loud sound. Was that a bomb?,"620 Atlantic Avenue, Brooklyn, 7th floor, Room 1",explosion
R06385,TAKE HIGH GROUND flood,"300 Ashland Place, Downtown Brooklyn, 8th floor, Room 9",flood
R03528,Call doctor and ask for help,"Park Slope, Brooklyn",medical
R07751,"Something serious is happening here, hurry","620 Atlantic Avenue, Brooklyn, 3rd floor, Room 3",crime
R02137,Loud sound. Was that a bomb?,"2 Penn Plaza, Midtown Manhattan, 4th floor, Room 4",explosion
R04935,"The roof just collapsed at Midtown Tower, people are trapped","Sunset Park, Brooklyn",collapse
R05793,flood has come,"Washington Heights, Manhattan",flood
R00724,THIS IS NOT A DRILL. THERE'S A FIRE IN THE BUILDING. SEND HELP!,"300 Ashland Place, Downtown Brooklyn, 3rd floor, Room 3",fire
R00869,FIREEEEEE HELPPPPPPPP USSS OUTTTTTTTT. Grand Concourse Tower !!!,"861 Grand Concourse, The Bronx, 2nd floor, Room 1",fire
R01104,Firee fireee at Chelsea Heights saveee mee,"450 West 33rd Street, Chelsea, Manhattan, 1st floor, Room 1",fire
R07537,"Help me.. there's robbery near Flushing, Queens.","Greenwich Village, Manhattan",crime
R00029,AHHHHHHHH,"861 Grand Concourse, The Bronx, 8th floor, Room 8",fire
R07188,"A person with a weapon is causing danger at Queens Plaza Complex, 4th floor Room 404","27-01 Queens Plaza North, Long Island City, 4th floor, Room 4",crime
R01664,Save us we are in Queens Plaza Complex 6th floor,"Washington Heights, Manhattan",explosion
R04341,Call an ambulance! Call an ambulance!,"Park Slope, Brooklyn",medical
R03393,Call 108 fasttttt there is an emergency!!,"88 Wall Street, Financial District, Manhattan, 3rd floor, Room 10",medical
R00723,Edgewater Plaza 7th floor is on flames.. send help ASAP,"1 Edgewater Plaza, Staten Island, 7th floor, Room 7",fire
R02560,"Vehicle overturned near Ashland Place Tower, need rescue pls","300 Ashland Place, Downtown Brooklyn, 4th floor, Room 4",accident
R03940,Call hospital fast pls,"861 Grand Concourse, The Bronx, 1st floor, Room 5",medical
R06623,"Water level rising rapidly near Washington Heights, Manhattan!!!","1 Edgewater Plaza, Staten Island, 4th floor, Room 1",flood
R00277,Fire!! 1st floor Ashland Place Tower !!!! 904!! pls,"300 Ashland Place, Downtown Brooklyn, 5th floor, Room 4",fire
R06335,Get to higher ground now!!,"Morningside Heights, Manhattan",flood
R04511,this builidng is collapsing ... send help,"111 Eighth Avenue, Chelsea, Manhattan, 8th floor, Room 8",collapse
R09593,"Road is blocked by a fallen tree near LIC Plaza, 2nd floor, Room 909","29-27 41st Avenue, Long Island City, 2nd floor, Room 9",other
R06627,Savee me from the floodd,"432 Park Avenue, Midtown Manhattan, 7th floor, Room 4",flood
R03785,Someone needs urgent medical help at Grand Concourse Tower 5th floor,"Washington Heights, Manhattan",medical
R04336,"Someone needs urgent medical help at Chelsea Heights, 6th floor","450 West 33rd Street, Chelsea, Manhattan, 6th floor, Room 5",medical
R09007,Gas leakage here don't switch bulb on,"15 MetroTech Center, Downtown Brooklyn, 7th floor, Room 7",other
R04380,Save meeeee save meeeee injured injured,"27-01 Queens Plaza North, Long Island City, ground floor, Room 1",medical
R09111,"Road is blocked by a fallen tree near Ashland Place Tower, 6th floor Room Room 4 pls","300 Ashland Place, Downtown Brooklyn, 6th floor, Room 4",other
R04925,No wayyy building falling,"432 Park Avenue, Midtown Manhattan, 2nd floor, Room 5",collapse
R09176,Run for your life,"111 Eighth Avenue, Chelsea, Manhattan, 4th floor, Room 6",other
R02956,"Two vehicles collided, Chinatown, Manhattan","Chinatown, Manhattan",accident
R09064,"Street light is not working near Park Slope, Brooklyn","Chinatown, Manhattan",other
R03933,Call doctor and ask for help,"432 Park Avenue, Midtown Manhattan, 7th floor, Room 9",medical
R02685,"Road accident near Ashland Place Tower, ambulance needed","300 Ashland Place, Downtown Brooklyn, 7th floor, Room 10",accident
R02961,"Road accident near Wall Street Tower, ambulance needed","Riverdale, The Bronx",accident
R09343,Lift is stuck between floors at Ashland Place Tower,"Greenwich Village, Manhattan",other
R07580,Call the emergency helpline number!,"1 Edgewater Plaza, Staten Island, ground floor, Room 9",crime
R00279,"Eighth Avenue Tower, 5th floor FIREEEEEE HELP","111 Eighth Avenue, Chelsea, Manhattan, 5th floor, Room 4",fire
R02120,"BLAST. HELP ME!!!! In Queens Plaza Complex, 5th floor Room Room 9","27-01 Queens Plaza North, Long Island City, 5th floor, Room 9",explosion
R06393,"Water level rising rapidly near Astoria, Queens","88 Wall Street, Financial District, Manhattan, 7th floor, Room 3",flood
R05080,"The roof just collapsed at Edgewater Plaza, people are trapped","1 Edgewater Plaza, Staten Island, 2nd floor, Room 5",collapse
R05359,Building collapsing run run,"861 Grand Concourse, The Bronx, 2nd floor, Room 8",collapse
R04547,Hellllppppppp!!!! This building is falling!!,"1 Edgewater Plaza, Staten Island, 1st floor, Room 1",collapse
R01306,"explosionnn ground floor, Wall Street Tower, HELP MEEE!","88 Wall Street, Financial District, Manhattan, ground floor, Room 11",explosion
R04595,"Someone get me out, building collapsed","432 Park Avenue, Midtown Manhattan, 4th floor, Room 1",collapse
R04648,Run,"620 Atlantic Avenue, Brooklyn, 6th floor, Room 5",collapse
R06107,"The ground is flooded, send helpppp, lifeboat and first aid","29-27 41st Avenue, Long Island City, 1st floor, Room 7",flood
R03426,Call ambulance!!!,"111 Eighth Avenue, Chelsea, Manhattan, 5th floor, Room 7",medical
R05096,8th floor Queens Plaza Complex building collapsed I’m stuck please help,"27-01 Queens Plaza North, Long Island City, 8th floor, Room 9",collapse
R07355,"A person with a weapon is causing danger at Midtown Tower, 5th floor Room 505","432 Park Avenue, Midtown Manhattan, 5th floor, Room 12",crime
R06736,"Crime happening here, need police immediately","2 Penn Plaza, Midtown Manhattan, 2nd floor, Room 4",crime
R09762,Gas leakage here don't switch bulb on,"300 Ashland Place, Downtown Brooklyn, ground floor, Room 7",other
R02002,There has been an explosion in Midtown Tower there fire everywhere helpppp,"432 Park Avenue, Midtown Manhattan, 4th floor, Room 9",explosion
R04857,"Someone get me out, building collapsed ASAP!!","861 Grand Concourse, The Bronx, 7th floor, Room 10",collapse
R05609,Stuck in a flood 1st floor Eighth Avenue Tower,"111 Eighth Avenue, Chelsea, Manhattan, 1st floor, Room 8",flood
R00497,Call fire emergency,"Washington Heights, Manhattan",fire
R02037,"EXPLOSION 7th floor, Grand Concourse Tower, HELP MEEE!","861 Grand Concourse, The Bronx, 7th floor, Room 9",explosion
R03281,"A vehicle crashed near Midtown Tower, 6th floor Room Room 3","432 Park Avenue, Midtown Manhattan, 6th floor, Room 3",accident
R02701,"Road accident near Edgewater Plaza, ambulance needed","1 Edgewater Plaza, Staten Island, 1st floor, Room 2",accident
R06347,Helpppp i am drowning helpppp,"300 Ashland Place, Downtown Brooklyn, 8th floor, Room 4",flood
R03384,Call ambulance,"300 Ashland Place, Downtown Brooklyn, 7th floor, Room 7",medical
R04549,"Part of the building has collapsed at Ashland Place Tower, and students may need rescue.","Greenwich Village, Manhattan",collapse
R00752,Fire save me,"620 Atlantic Avenue, Brooklyn, ground floor, Room 9",fire
R04211,Call ambulance,"432 Park Avenue, Midtown Manhattan, 6th floor, Room 12",medical
R05235,EVACUATE,"29-27 41st Avenue, Long Island City, 6th floor, Room 2",collapse
R03793,Hospital!!! Emergency! Cash! Vehicle needed,"2 Penn Plaza, Midtown Manhattan, 6th floor, Room 3",medical
R01439,Something just burst around me. Send rescue squad ASAP,"Riverdale, The Bronx",explosion
R07154,Bomb blast Penn Plaza Tower 708. Save me,"2 Penn Plaza, Midtown Manhattan, ground floor, Room 3",crime
R04946,Run,"620 Atlantic Avenue, Brooklyn, 8th floor, Room 8",collapse
R00374,Firee fireee at Edgewater Plaza saveee mee,"Astoria, Queens",fire
R05728,there is a flood in our hostel rn. help,"432 Park Avenue, Midtown Manhattan, ground floor, Room 5",flood
R09013,"No electricity in Edgewater Plaza, please send maintenance","1 Edgewater Plaza, Staten Island, ground floor, Room 6",other
R09410,"Emergency situation, please send help immediately","1 Edgewater Plaza, Staten Island, 7th floor, Room 4",other
R03678,Call hospital fast pls,"27-01 Queens Plaza North, Long Island City, 4th floor, Room 4",medical
R05826,Get to higher ground now!!,"861 Grand Concourse, The Bronx, 7th floor, Room 7",flood
R02049,Something just burst around me. Send rescue squad ASAP ASAP!!,"27-01 Queens Plaza North, Long Island City, 7th floor, Room 8",explosion
R00578,Grand Concourse Tower: help mee firee firee firee,"861 Grand Concourse, The Bronx, 5th floor, Room 3",fire
R03157,"bike hit someone at Park Slope, Brooklyn, please send help","Park Slope, Brooklyn",accident
R03485,"I have a medical emergency at Chelsea Heights, ground floor Room Room 7","450 West 33rd Street, Chelsea, Manhattan, ground floor, Room 7",medical
R03216,"A person got hit by a vehicle near MetroTech Center, 7th floor Room 208","15 MetroTech Center, Downtown Brooklyn, 7th floor, Room 8",accident
R02960,"Two vehicles collided, Ashland Place Tower Room 12","300 Ashland Place, Downtown Brooklyn, ground floor, Room 9",accident
R01809,"BLAST. HELP ME!!!! In Edgewater Plaza, 2nd floor, Room Room 3","1 Edgewater Plaza, Staten Island, 2nd floor, Room 3",explosion
R01792,"EXPLOSION 6th floor, Wall Street Tower, HELP MEEE!","88 Wall Street, Financial District, Manhattan, 6th floor, Room 6",explosion
R06842,"Robbery happening near Wall Street Tower, send police","88 Wall Street, Financial District, Manhattan, 7th floor, Room 3",crime
R04274,"I have a medical emergency at Edgewater Plaza, 4th floor Room Room 6","1 Edgewater Plaza, Staten Island, 4th floor, Room 6",medical
R00197,"FIRE. HELP!!!!! MetroTech Center, 8th floor","15 MetroTech Center, Downtown Brooklyn, 8th floor, Room 6",fire
R09891,Gas leakage here don't switch bulb on,"300 Ashland Place, Downtown Brooklyn, 5th floor, Room 4",other
R01518,Save us we are in Ashland Place Tower 5th floor,"300 Ashland Place, Downtown Brooklyn, 5th floor, Room 4",explosion
R09381,"Road is blocked by a fallen tree near Edgewater Plaza, 5th floor Room 505 pls","1 Edgewater Plaza, Staten Island, 5th floor, Room 5",other
R05717,Move to top floor,"Sunset Park, Brooklyn",flood
R08962,Run for your life,"88 Wall Street, Financial District, Manhattan, 8th floor, Room 8",other
R00229,Save me I am trapped in fire,"Washington Heights, Manhattan",fire
R02602,"There has been an accident at Chelsea Heights 602, emergency help needed","450 West 33rd Street, Chelsea, Manhattan, 1st floor, Room 6",accident
R03246,"Traffic accident near Chinatown, Manhattan, need immediate assistance","27-01 Queens Plaza North, Long Island City, 7th floor, Room 3",accident
R09061,Road is blocked by a fallen tree near Atlantic Terminal 101,"620 Atlantic Avenue, Brooklyn, 1st floor, Room 1",other
R09160,"In case of gas leak, don't switch on the bulb","Greenwich Village, Manhattan",other
R00347,Fireeeeee helpppppp pls,"300 Ashland Place, Downtown Brooklyn, ground floor, Room 6",fire
R00636,Fire save me,"88 Wall Street, Financial District, Manhattan, 8th floor, Room 1",fire
R07259,Bomb blast Wall Street Tower 106. Save me,"Flushing, Queens",crime
R03922,"I have a medical emergency at Wall Street Tower, 1st floor, Room Room 5","88 Wall Street, Financial District, Manhattan, 1st floor, Room 5",medical
R05634,"Flood situation in Riverdale, The Bronx, need relief ASAP!!","Morningside Heights, Manhattan",flood
R01289,Save us we are in MetroTech Center 8th floor,"15 MetroTech Center, Downtown Brooklyn, 8th floor, Room 8",explosion
R06745,"Robbery happening near Midtown Tower, send police","Bushwick, Brooklyn",crime
R03439,Doctor where is he,"15 MetroTech Center, Downtown Brooklyn, 7th floor, Room 8",medical
R05044,Oh no! The building! It's falling!,"Bushwick, Brooklyn",collapse
R04385,Hospital emergency. Help,"Morningside Heights, Manhattan",medical
R09873,Lift is stuck between floors at Edgewater Plaza,"1 Edgewater Plaza, Staten Island, 2nd floor, Room 2",other
R06517,"Flood, I am stuck, save me!","432 Park Avenue, Midtown Manhattan, 7th floor, Room 5",flood
R06433,Helpppp i am drowning helpppp,"432 Park Avenue, Midtown Manhattan, 8th floor, Room 1",flood
R06795,Call the emergency helpline number!,"450 West 33rd Street, Chelsea, Manhattan, ground floor, Room 3",crime
R09887,"There is a gas smell in the building, please check","88 Wall Street, Financial District, Manhattan, 6th floor, Room 9",other
R01315,"Quickly save us from explosion, 1st floor, Eighth Avenue Tower","Sunset Park, Brooklyn",explosion
R03768,"Call 108 MetroTech Center, 7th floor, Room 904 send guys","15 MetroTech Center, Downtown Brooklyn, 7th floor, Room 4",medical
R01660,There's been an explosion at Ashland Place Tower 606. Call the emergency services!,"300 Ashland Place, Downtown Brooklyn, 6th floor, Room 6",explosion
R04610,Midtown Tower under shreds! Building collapse,"432 Park Avenue, Midtown Manhattan, 5th floor, Room 2",collapse
R01765,"BLAST. HELP ME!!!! In Grand Concourse Tower, 3rd floor Room Room 9","861 Grand Concourse, The Bronx, 3rd floor, Room 9",explosion
R01779,It will blasttt,"Flushing, Queens",explosion
R05226,this builidng is collapsing ... send help,"Greenwich Village, Manhattan",collapse
R05060,Leave the building quickly,"29-27 41st Avenue, Long Island City, 3rd floor, Room 9",collapse
R03814,Call 108 fasttttt there is an emergency,"432 Park Avenue, Midtown Manhattan, 1st floor, Room 5",medical
R02774,A vehicle crashed near Queens Plaza Complex Room 10,"27-01 Queens Plaza North, Long Island City, ground floor, Room 3",accident
R03571,"SOS I am having an attack!!!! Queens Plaza Complex, 6th floor Room Room 1","27-01 Queens Plaza North, Long Island City, 6th floor, Room 1",medical
R08974,Help mee,"300 Ashland Place, Downtown Brooklyn, 6th floor, Room 6",other
R00793,"Oh no, fire has started","1 Edgewater Plaza, Staten Island, 5th floor, Room 6",fire
R07107,"Crime happening here, need police immediately","300 Ashland Place, Downtown Brooklyn, 8th floor, Room 7",crime
R03697,Call ambulance!!!,"Morningside Heights, Manhattan",medical
R06905,"Crime happening here, need police immediately","88 Wall Street, Financial District, Manhattan, 6th floor, Room 6",crime
R09096,Lift is stuck between floors at Edgewater Plaza,"1 Edgewater Plaza, Staten Island, 7th floor, Room 7",other
R04994,Go run fast. the building is collapsing!!!,"Park Slope, Brooklyn",collapse
R04851,EVACUATE,"27-01 Queens Plaza North, Long Island City, 3rd floor, Room 4",collapse
R02406,"Road accident near Chelsea Heights, ambulance needed","Sunset Park, Brooklyn",accident
R01751,"EXPLOSION ground floor, Penn Plaza Tower, HELP MEEE!","2 Penn Plaza, Midtown Manhattan, ground floor, Room 12",explosion
R01431,Penn Plaza Tower: something exploded nearby help ...,"2 Penn Plaza, Midtown Manhattan, 7th floor, Room 4",explosion
R06150,Get to higher ground now!!,"450 West 33rd Street, Chelsea, Manhattan, 8th floor, Room 9",flood
R06022,TAKE HIGH GROUND flood pls,"29-27 41st Avenue, Long Island City, ground floor, Room 11",flood
R05434,Run under the table,"111 Eighth Avenue, Chelsea, Manhattan, 7th floor, Room 7",collapse
R04686,"Part of the building has collapsed at Midtown Tower, and students may need rescue.","432 Park Avenue, Midtown Manhattan, 6th floor, Room 7",collapse
R01042,Fire!! 1st floor Ashland Place Tower !!!! 707!!,"300 Ashland Place, Downtown Brooklyn, 7th floor, Room 7",fire
R06790,"Robbery happening near Queens Plaza Complex, send police!!","27-01 Queens Plaza North, Long Island City, 5th floor, Room 5",crime
R09899,Water pipe burst near Atlantic Terminal,"620 Atlantic Avenue, Brooklyn, 3rd floor, Room 11",other
R01355,Loud sound. Was that a bomb?,"1 Edgewater Plaza, Staten Island, 3rd floor, Room 6",explosion
R03252,"Traffic accident near Astoria, Queens, need immediate assistance","27-01 Queens Plaza North, Long Island City, 7th floor, Room 1",accident
R01341,Helpppp there is a huge explosion helpppp,"432 Park Avenue, Midtown Manhattan, 3rd floor, Room 3",explosion
R00977,Firee fireee at Penn Plaza Tower saveee mee ...,"2 Penn Plaza, Midtown Manhattan, 6th floor, Room 6",fire
R01867,Something just burst around me. Send rescue squad ASAP,"27-01 Queens Plaza North, Long Island City, ground floor, Room 3",explosion
R08987,"In case of gas leak, don't switch on the bulb","300 Ashland Place, Downtown Brooklyn, ground floor, Room 12",other
R03078,"There has been an accident at Penn Plaza Tower Room 4, emergency helpppp needed","2 Penn Plaza, Midtown Manhattan, 2nd floor, Room 7",accident
R07169,Call police come fast,"Greenwich Village, Manhattan",crime
R05743,"Flood water is entering the ground floor of Queens Plaza Complex, please send help immediately!!!","Riverdale, The Bronx",flood
R05293,Run under the table,"88 Wall Street, Financial District, Manhattan, 5th floor, Room 7",collapse
R06885,"Bank robbery, help, 1st floor Grand Concourse Tower","861 Grand Concourse, The Bronx, 1st floor, Room 6",crime
R09708,Road is blocked by a fallen tree near Edgewater Plaza 8th floor,"Washington Heights, Manhattan",other
R09405,"Road is blocked by a fallen tree near Penn Plaza Tower, 3rd floor Room 303","Chinatown, Manhattan",other
R02642,"There has been an accident at Penn Plaza Tower ground floor, emergency help needed","Sunset Park, Brooklyn",accident
R05191,No wayyy building falling,"432 Park Avenue, Midtown Manhattan, 8th floor, Room 6",collapse
R06491,"Water level rising rapidly near Riverdale, The Bronx","861 Grand Concourse, The Bronx, 7th floor, Room 12",flood
R01548,"EXPLOSION 1st floor, Grand Concourse Tower, HELP MEEE! ASAP!!","861 Grand Concourse, The Bronx, 1st floor, Room 12",explosion
R02727,"Road accident near LIC Plaza, ambulance needed","Bushwick, Brooklyn",accident
R06552,Move to top floor,"1 Edgewater Plaza, Staten Island, 3rd floor, Room 3",flood
R06121,"The ground is flooded, send help, lifeboat and first aid!!!","Bushwick, Brooklyn",flood
R00664,"Grand Concourse Tower, 2nd floor Room 107 FIREEEEEE HELP","Astoria, Queens",fire
R00933,Atlantic Terminal: help mee fire fire fire,"620 Atlantic Avenue, Brooklyn, 6th floor, Room 6",fire
R00910,Fireeeeee helpppppp,"Riverdale, The Bronx",fire
R01187,G00! Fire!!!!! blast MetroTech Center ground floor ASAP!!,"15 MetroTech Center, Downtown Brooklyn, ground floor, Room 12",explosion
R07070,"Crime happening here, need police immediately","2 Penn Plaza, Midtown Manhattan, 3rd floor, Room 3",crime
R08954,Run for your life,"2 Penn Plaza, Midtown Manhattan, 8th floor, Room 1",other
R03017,"Traffic accident near Chinatown, Manhattan, need immediate assistance","861 Grand Concourse, The Bronx, 4th floor, Room 4",accident
R02293,"A person got hit by a vehicle near Eighth Avenue Tower, 5th floor Room Room 3","111 Eighth Avenue, Chelsea, Manhattan, 5th floor, Room 3",accident
R04752,EVACUATE!!!,"88 Wall Street, Financial District, Manhattan, 2nd floor, Room 1",collapse
R06227,Water everywhere help me,"861 Grand Concourse, The Bronx, 1st floor, Room 12",flood
R05304,Oh no! The building! It's falling!,"300 Ashland Place, Downtown Brooklyn, 7th floor, Room 6",collapse
R01705,"Huge explosion at Edgewater Plaza, smoke everywhere","1 Edgewater Plaza, Staten Island, ground floor, Room 7",explosion
R01329,"Huge explosionnn at MetroTech Center, smoke everywhere","Sunset Park, Brooklyn",explosion
R03308,Bike and car collided near Eighth Avenue Tower 3rd floor,"111 Eighth Avenue, Chelsea, Manhattan, 3rd floor, Room 9",accident
R07386,"Bank robbery, helpppp, 6th floor Eighth Avenue Tower","Washington Heights, Manhattan",crime
R02770,Someone got injured in a road accident at Eighth Avenue Tower 707,"111 Eighth Avenue, Chelsea, Manhattan, 7th floor, Room 7",accident
R03235,Bike and car collided near Edgewater Plaza 5th floor 😭,"Sunset Park, Brooklyn",accident
R00855,AHHHHHHHH,"15 MetroTech Center, Downtown Brooklyn, 4th floor, Room 2",fire
R06051,there is a flood in our hostel rn. help,"27-01 Queens Plaza North, Long Island City, 8th floor, Room 8",flood
R02925,"bike hit someone at Penn Plaza Tower, 2nd floor Room 202, please send help","Morningside Heights, Manhattan",accident
R07526,Somebody please call 112 there is a crime going on,"Sunset Park, Brooklyn",crime
R04660,EVACUATE,"Riverdale, The Bronx",collapse
R00052,Fire save me,"Chinatown, Manhattan",fire
R02820,A vehicle crashed near Ashland Place Tower 5th floor ASAP!!,"300 Ashland Place, Downtown Brooklyn, 5th floor, Room 5",accident
R06826,"Someone is threatening people near Chelsea Heights, 7th floor, call police","450 West 33rd Street, Chelsea, Manhattan, 7th floor, Room 11",crime
R06892,"Help me.. there's robbery near Chinatown, Manhattan.","15 MetroTech Center, Downtown Brooklyn, 6th floor, Room 4",crime
R07508,"Robbery happening near Atlantic Terminal, send police","Riverdale, The Bronx",crime
R09084,"Road is blocked by a fallen tree near Eighth Avenue Tower, 3rd floor Room Room 12","111 Eighth Avenue, Chelsea, Manhattan, 3rd floor, Room 2",other
R09115,"Something unusual is happening near Wall Street Tower, 7th floor, please check","88 Wall Street, Financial District, Manhattan, 7th floor, Room 8",other
R05349,this builidng is collapsing ... send help,"620 Atlantic Avenue, Brooklyn, 1st floor, Room 10",collapse
R01939,Room 8! Fire!!!!! blast Edgewater Plaza 8th floor,"1 Edgewater Plaza, Staten Island, 8th floor, Room 8",explosion
R06239,Water everywhere help me,"Riverdale, The Bronx",flood
R07547,"Catch the criminal, close the gates","15 MetroTech Center, Downtown Brooklyn, 1st floor, Room 12",crime
R07652,Am I that unlucky,"432 Park Avenue, Midtown Manhattan, ground floor, Room 9",crime
R04254,Call 108 fasttttt there is an emergency,"Greenwich Village, Manhattan",medical
R01108,Midtown Tower 3rd floor is on flames.. send help ASAP,"432 Park Avenue, Midtown Manhattan, 3rd floor, Room 3",fire
R02769,"Vehicle overturned near Chelsea Heights, need rescue","450 West 33rd Street, Chelsea, Manhattan, ground floor, Room 10",accident
R07241,"Bank robbery, help, 8th floor Midtown Tower","432 Park Avenue, Midtown Manhattan, 8th floor, Room 6",crime
R00771,Help!!!!! fire here,"27-01 Queens Plaza North, Long Island City, 4th floor, Room 4",fire
R04432,"Someone needs urgent medical helpppp at Sunset Park, Brooklyn","Sunset Park, Brooklyn",medical
R09042,"Something unusual is happening near Queens Plaza Complex 402, please check","27-01 Queens Plaza North, Long Island City, 6th floor, Room 9",other
R06139,HELP US!!! we are stuck in the flood prone area,"Flushing, Queens",flood
R05377,"Part of the building has collapsed at Grand Concourse Tower, and students may need rescue.","Chinatown, Manhattan",collapse
R03720,"Call 108 Grand Concourse Tower, 2nd floor, Room Room 1 send guys","861 Grand Concourse, The Bronx, 2nd floor, Room 1",medical
R01886,Loud sound. Was that a bomb? ASAP!!,"15 MetroTech Center, Downtown Brooklyn, 7th floor, Room 4",explosion
R09608,Gas leakage here don't switch bulb on,"Greenwich Village, Manhattan",other
R09419,"Something unusual is happening near Eighth Avenue Tower 201, please check","Washington Heights, Manhattan",other
R09453,"Street light is not working near Bushwick, Brooklyn","861 Grand Concourse, The Bronx, 4th floor, Room 4",other
R07459,Bomb blast LIC Plaza 708. Save me ...,"Chinatown, Manhattan",crime
R02622,"Someone got injured in a road accident at Edgewater Plaza, 3rd floor","1 Edgewater Plaza, Staten Island, 3rd floor, Room 7",accident
R04608,Oh no! The building! It's falling!!!,"Morningside Heights, Manhattan",collapse
R05122,EVACUATE,"27-01 Queens Plaza North, Long Island City, 1st floor, Room 11",collapse
R09957,Gas leakage here don't switch bulb on pls,"29-27 41st Avenue, Long Island City, 2nd floor, Room 10",other
R03207,"A person got hit by a vehicle near Grand Concourse Tower, 5th floor Room 701","861 Grand Concourse, The Bronx, 5th floor, Room 1",accident
R00918,Call fire emergency,"Riverdale, The Bronx",fire
R05059,Run,"2 Penn Plaza, Midtown Manhattan, 1st floor, Room 7",collapse
R06204,"Flood water is entering the ground floor of Midtown Tower, please send help immediately","Bushwick, Brooklyn",flood
R09152,Run for your life,"1 Edgewater Plaza, Staten Island, ground floor, Room 8",other
R05518,Go run fast. the building is collapsing,"Sunset Park, Brooklyn",collapse
R00061,Stay away there's a fire!!,"Washington Heights, Manhattan",fire
R01666,"Quickly save us from explosion, ground floor, Penn Plaza Tower","Bushwick, Brooklyn",explosion
R07413,Somebody please call 112 there is a crime going on,"Park Slope, Brooklyn",crime
R00513,"Fire on 7th floor Atlantic Terminal, please send help immediately ...","Flushing, Queens",fire
R01290,Atlantic Terminal: something exploded nearby help,"Greenwich Village, Manhattan",explosion
R04652,Leave the building quickly,"15 MetroTech Center, Downtown Brooklyn, 1st floor, Room 9",collapse
R01803,Something just burst around me. Send rescue squad ASAP,"27-01 Queens Plaza North, Long Island City, 5th floor, Room 4",explosion
R05731,"Flood water is entering the ground floor of LIC Plaza, please send help immediately","29-27 41st Avenue, Long Island City, 8th floor, Room 2",flood
R06924,police come fast pls,"15 MetroTech Center, Downtown Brooklyn, 6th floor, Room 1",crime
R07754,"A person with a weapon is causing danger at Grand Concourse Tower, 7th floor Room 707","861 Grand Concourse, The Bronx, 7th floor, Room 7",crime
R01690,Queens Plaza Complex: something exploded nearby help,"Park Slope, Brooklyn",explosion
R09445,"Something unusual is happening near Ashland Place Tower 106, please check","Washington Heights, Manhattan",other
R09203,Water pipe burst near Atlantic Terminal,"Morningside Heights, Manhattan",other
R01132,Something exploded we need to run,"620 Atlantic Avenue, Brooklyn, 2nd floor, Room 5",explosion
R01102,"Wall Street Tower, ground floor Room G00 FIREEEEEE HELP","Sunset Park, Brooklyn",fire
R03160,"bike hit someone at Grand Concourse Tower, 2nd floor, Room 202, please send helpppp","861 Grand Concourse, The Bronx, 2nd floor, Room 2",accident
R05047,MetroTech Center under shreds! Building collapse,"15 MetroTech Center, Downtown Brooklyn, 2nd floor, Room 5",collapse
R05778,Stuck in a flood 4th floor Chelsea Heights,"450 West 33rd Street, Chelsea, Manhattan, 4th floor, Room 9",flood
R05960,Water everywhere help me,"300 Ashland Place, Downtown Brooklyn, 1st floor, Room 6",flood
R07704,police come fast,"861 Grand Concourse, The Bronx, 2nd floor, Room 7",crime
R06143,flood has come,"620 Atlantic Avenue, Brooklyn, 1st floor, Room 3",flood
R05306,this builidng is collapsing ... send helpppp,"1 Edgewater Plaza, Staten Island, 4th floor, Room 3",collapse
R00914,Fire save me,"450 West 33rd Street, Chelsea, Manhattan, ground floor, Room 3",fire
R02690,Someone got injured in a road accident at Queens Plaza Complex 8th floor,"27-01 Queens Plaza North, Long Island City, 8th floor, Room 8",accident
R01376,"Flushing, Queens Explosion","Flushing, Queens",explosion
R01572,Shit!! huge blast,"300 Ashland Place, Downtown Brooklyn, 3rd floor, Room 1",explosion
R06644,"Water level rising rapidly near Astoria, Queens","Greenwich Village, Manhattan",flood
R09396,Gas leakage here don't switch bulb on ...,"Riverdale, The Bronx",other
R00930,"Oh no, fire has started","620 Atlantic Avenue, Brooklyn, 8th floor, Room 7",fire
R01754,"Explosion at 8th floor, Penn Plaza Tower Save!!!","2 Penn Plaza, Midtown Manhattan, 8th floor, Room 3",explosion
R06218,"Flood situation in Riverdale, The Bronx, need relief ASAP!!!!!","Greenwich Village, Manhattan",flood
R01035,Wall Street Tower: help mee fire fire fire pls,"88 Wall Street, Financial District, Manhattan, 1st floor, Room 6",fire
R06438,Please evacuate the lower floors of MetroTech Center as soon as possible,"Greenwich Village, Manhattan",flood
R04495,Leave the building quickly,"450 West 33rd Street, Chelsea, Manhattan, 5th floor, Room 5",collapse
R04508,Building collapsing run run,"Chinatown, Manhattan",collapse
R01963,Helpppp there is a huge explosion helpppp,"Morningside Heights, Manhattan",explosion
R07097,"Armed robbery happening right now at the bank, call the police","Greenwich Village, Manhattan",crime
R09112,Water pipe burst near Ashland Place Tower,"300 Ashland Place, Downtown Brooklyn, 5th floor, Room 5",other
R05845,HELP US!!! we are stuck in the flood prone area,"Sunset Park, Brooklyn",flood
R06386,Flood. Help ..,"450 West 33rd Street, Chelsea, Manhattan, 6th floor, Room 3",flood
R09156,"Road is blocked by a fallen tree near Chelsea Heights, 5th floor Room 207","450 West 33rd Street, Chelsea, Manhattan, 5th floor, Room 7",other
R02933,"A vehicle crashed near Wall Street Tower, 3rd floor, Room Room 5","88 Wall Street, Financial District, Manhattan, 3rd floor, Room 5",accident
R05849,Flood. Help ..,"Park Slope, Brooklyn",flood
R01930,"Queens Plaza Complex, 8th floor, Room Room 12 Explosion ASAP!!","27-01 Queens Plaza North, Long Island City, 8th floor, Room 2",explosion
R05708,Please evacuate the lower floors of Chelsea Heights as soon as possible,"450 West 33rd Street, Chelsea, Manhattan, 1st floor, Room 7",flood
R02904,A vehicle crashed near Eighth Avenue Tower 603,"111 Eighth Avenue, Chelsea, Manhattan, 7th floor, Room 3",accident
R01951,"Explosion help , 2nd floor Edgewater Plaza","1 Edgewater Plaza, Staten Island, 2nd floor, Room 8",explosion
R05535,Building collapsing run run,"88 Wall Street, Financial District, Manhattan, 3rd floor, Room 4",collapse
R01130,Save us we are in Queens Plaza Complex ground floor,"27-01 Queens Plaza North, Long Island City, ground floor, Room 3",explosion
R01321,"There's been an explosion at Eighth Avenue Tower, ground floor Room Room 11. Call the emergency services!","111 Eighth Avenue, Chelsea, Manhattan, ground floor, Room 1",explosion
R00053,Help!!!!! fire here,"29-27 41st Avenue, Long Island City, 4th floor, Room 3",fire
R03144,Someone got injured in a road accident at MetroTech Center G00 ...,"Park Slope, Brooklyn",accident
R02050,"Huge explosion at MetroTech Center, smoke everywhere","15 MetroTech Center, Downtown Brooklyn, 3rd floor, Room 8",explosion
R05744,Get to higher ground now!!,"29-27 41st Avenue, Long Island City, 3rd floor, Room 3",flood
R07293,"Something serious is happening here, hurry","29-27 41st Avenue, Long Island City, 6th floor, Room 1",crime
R04344,Call ambulance,"Astoria, Queens",medical
R06606,Get to higher ground now!!,"Riverdale, The Bronx",flood
R01181,It will blasttt,"432 Park Avenue, Midtown Manhattan, 1st floor, Room 9",explosion
R02661,A person got hit by a vehicle near Eighth Avenue Tower 107,"Bushwick, Brooklyn",accident
R06754,"Bank robbery, help, 2nd floor LIC Plaza","Sunset Park, Brooklyn",crime
R04095,"I have a medical emergency at Astoria, Queens","Astoria, Queens",medical
R04621,this builidng is collapsing ... send help,"620 Atlantic Avenue, Brooklyn, 4th floor, Room 4",collapse
R00586,Help!!!!! fire here,"111 Eighth Avenue, Chelsea, Manhattan, 1st floor, Room 1",fire
R03008,"Auto accident at Grand Concourse Tower, 3rd floor, please help","861 Grand Concourse, The Bronx, 3rd floor, Room 9",accident
R02065,"Explosion at 2nd floor, Chelsea Heights Save!!!","Morningside Heights, Manhattan",explosion
R06849,Call the emergency helpline number!!!!,"1 Edgewater Plaza, Staten Island, ground floor, Room 10",crime
R00831,"Oh no, fire has started","861 Grand Concourse, The Bronx, 6th floor, Room 9",fire
R08971,The lift has stopped working. Save me! pls,"620 Atlantic Avenue, Brooklyn, 5th floor, Room 5",other
R05236,"The roof just collapsed at Edgewater Plaza, people are trapped","1 Edgewater Plaza, Staten Island, 4th floor, Room 4",collapse
R02340,"Someone got injured in a road accident at Queens Plaza Complex, 5th floor Room Room 1","27-01 Queens Plaza North, Long Island City, 5th floor, Room 1",accident
R06345,Please evacuate the lower floors of Queens Plaza Complex as soon as possible,"Park Slope, Brooklyn",flood
R05856,Please evacuate the lower floors of Chelsea Heights as soon as possible,"450 West 33rd Street, Chelsea, Manhattan, 8th floor, Room 1",flood
R02166,Penn Plaza Tower Room 12 Explosion,"Sunset Park, Brooklyn",explosion
R05597,Flood. Help ..,"29-27 41st Avenue, Long Island City, 3rd floor, Room 7",flood
R00270,"Oh no, fire has started","88 Wall Street, Financial District, Manhattan, 8th floor, Room 4",fire
R03463,Urgent help needed hereee!!,"2 Penn Plaza, Midtown Manhattan, 5th floor, Room 5",medical
R06503,there is a flood in our hostel rn. help,"861 Grand Concourse, The Bronx, 7th floor, Room 6",flood
R00136,Stay away there's a fire!!,"29-27 41st Avenue, Long Island City, 6th floor, Room 5",fire
R09130,"Road is blocked by a fallen tree near Queens Plaza Complex, ground floor Room Room 11!!!","27-01 Queens Plaza North, Long Island City, ground floor, Room 1",other
R03581,Call 108 fasttttt there is an emergency,"861 Grand Concourse, The Bronx, 2nd floor, Room 6",medical
R03378,Save meeeee save meeeee injured injured,"29-27 41st Avenue, Long Island City, 8th floor, Room 7",medical
R06648,Move to top floor,"861 Grand Concourse, The Bronx, 8th floor, Room 1",flood
R02541,"Vehicle overturned near Grand Concourse Tower, need rescue","Greenwich Village, Manhattan",accident
R00868,Fire!! 1st floor Wall Street Tower !!!! 809!!,"88 Wall Street, Financial District, Manhattan, 7th floor, Room 9",fire
R01927,"EXPLOSION 7th floor, Eighth Avenue Tower, HELP MEEE!","111 Eighth Avenue, Chelsea, Manhattan, 7th floor, Room 7",explosion
R00558,Call fire emergency,"2 Penn Plaza, Midtown Manhattan, 3rd floor, Room 4",fire
R00164,Wall Street Tower 5th floor is on flames.. send help ASAP,"88 Wall Street, Financial District, Manhattan, 5th floor, Room 5",fire
R01503,Something just burst around me. Send rescue squad ASAP,"432 Park Avenue, Midtown Manhattan, 3rd floor, Room 7",explosion
R05167,Go run fast. the building is collapsing,"Park Slope, Brooklyn",collapse
R01889,"Grand Concourse Tower, ground floor Explosion","861 Grand Concourse, The Bronx, ground floor, Room 6",explosion
R05421,No wayyy building falling,"Flushing, Queens",collapse
R05515,EVACUATE,"29-27 41st Avenue, Long Island City, 6th floor, Room 3",collapse
R07773,Somebody please call 112 there is a crime going on,"15 MetroTech Center, Downtown Brooklyn, 3rd floor, Room 3",crime
R02816,"Major accident at Chinatown, Manhattan, need help","Chinatown, Manhattan",accident
R06238,Flood. Help ..,"1 Edgewater Plaza, Staten Island, ground floor, Room 11",flood
R04732,The building has collapsed. Save me!,"Flushing, Queens",collapse
R09724,"There is a gas smell in the building, please check","620 Atlantic Avenue, Brooklyn, 1st floor, Room 5",other
R02233,"Auto accident at Washington Heights, Manhattan, please help ASAP!!","Washington Heights, Manhattan",accident
R09809,"No electricity in LIC Plaza, please send maintenance","Flushing, Queens",other
R02747,"Two vehicles collided, Edgewater Plaza 1st floor","Astoria, Queens",accident
R02888,"Vehicle overturned near LIC Plaza, need rescue","29-27 41st Avenue, Long Island City, 3rd floor, Room 5",accident
R00891,"Fire has started in LIC Plaza Room 12, need urgent help","29-27 41st Avenue, Long Island City, 7th floor, Room 2",fire
R07448,"Help, there is a robbery happening at the bank on Main Road, please contact the police.","15 MetroTech Center, Downtown Brooklyn, 8th floor, Room 8",crime
R06587,TAKE HIGH GROUND flood,"450 West 33rd Street, Chelsea, Manhattan, 3rd floor, Room 12",flood
R00076,THIS IS NOT A DRILL. THERE'S A FIRE IN THE BUILDING. SEND HELP!,"2 Penn Plaza, Midtown Manhattan, 6th floor, Room 6",fire
R00366,FIRE. HELP!!!!! MetroTech Center 403 😭,"15 MetroTech Center, Downtown Brooklyn, 1st floor, Room 7",fire
R01512,There's been an explosion at Atlantic Terminal 3rd floor. Call the emergency services!,"620 Atlantic Avenue, Brooklyn, 3rd floor, Room 1",explosion
R02263,"bike hit someone at LIC Plaza, 6th floor Room 309, please send help","Astoria, Queens",accident
R01023,AHHHHHHHH,"Washington Heights, Manhattan",fire
R09712,A large tree has fallen across the road,"450 West 33rd Street, Chelsea, Manhattan, 6th floor, Room 1",other
R09701,"Street light is not working near Riverdale, The Bronx","29-27 41st Avenue, Long Island City, 8th floor, Room 5",other
R04176,Call an ambulance! Call an ambulance!,"Chinatown, Manhattan",medical
R02940,"A vehicle crashed near Chinatown, Manhattan","Chinatown, Manhattan",accident
R00802,Call fire emergency,"432 Park Avenue, Midtown Manhattan, 3rd floor, Room 8",fire
R01653,Something exploded we need to run,"88 Wall Street, Financial District, Manhattan, 5th floor, Room 6",explosion
R09258,The lift has stopped working. Save me!,"88 Wall Street, Financial District, Manhattan, 8th floor, Room 8",other
R03197,"Vehicle overturned near Grand Concourse Tower, need rescue","861 Grand Concourse, The Bronx, 7th floor, Room 7",accident
R05244,Run under the table,"620 Atlantic Avenue, Brooklyn, 8th floor, Room 2",collapse
R03587,Call 108 fasttttt there is an emergency,"2 Penn Plaza, Midtown Manhattan, 5th floor, Room 12",medical
R07488,Bomb blast Queens Plaza Complex 5th floor. Save me,"Washington Heights, Manhattan",crime
R07489,"Something serious is happening here, hurry","27-01 Queens Plaza North, Long Island City, 7th floor, Room 2",crime
R06995,"Help, there is a robbery happening at the bank on Main Road, please contact the police.","2 Penn Plaza, Midtown Manhattan, ground floor, Room 1",crime
R05011,No wayyy building falling,"300 Ashland Place, Downtown Brooklyn, ground floor, Room 4",collapse
R07683,"Robbery happening near Edgewater Plaza, send police","1 Edgewater Plaza, Staten Island, 4th floor, Room 3",crime
R06707,"Gunmen in. MetroTech Center main office, need immediate hlp","15 MetroTech Center, Downtown Brooklyn, 8th floor, Room 6",crime
R01281,Something exploded we need to run,"29-27 41st Avenue, Long Island City, 2nd floor, Room 10",explosion
R04284,"Open wound, and concussion emergency first aid and ambulance required ASAP!","620 Atlantic Avenue, Brooklyn, 6th floor, Room 6",medical
R03792,Save meeeee save meeeee injured injured,"450 West 33rd Street, Chelsea, Manhattan, 1st floor, Room 1",medical
R00628,Fire!! 1st floor LIC Plaza !!!! 606!!,"29-27 41st Avenue, Long Island City, 6th floor, Room 5",fire
R05693,TAKE HIGH GROUND flood,"450 West 33rd Street, Chelsea, Manhattan, 3rd floor, Room 2",flood
R01437,There has been an explosion in Queens Plaza Complex there fire everywhere helpppp,"Sunset Park, Brooklyn",explosion
R00222,"Fire on ground floor Ashland Place Tower, please send help immediately","Flushing, Queens",fire
R05624,Move to safe area ASAP!!,"15 MetroTech Center, Downtown Brooklyn, 7th floor, Room 4",flood
R05966,Let's move to the higher ground.,"300 Ashland Place, Downtown Brooklyn, 6th floor, Room 3",flood
R07572,Call the police right now!!,"861 Grand Concourse, The Bronx, 3rd floor, Room 3",crime
R07484,Call police come fast,"29-27 41st Avenue, Long Island City, 6th floor, Room 6",crime
R07281,"Crime happening here, need police immediately","Morningside Heights, Manhattan",crime
R02654,"Vehicle overturned near LIC Plaza, need rescue","29-27 41st Avenue, Long Island City, 3rd floor, Room 3",accident
R01224,Save us we are in Wall Street Tower 6th floor ...,"88 Wall Street, Financial District, Manhattan, 6th floor, Room 1",explosion
R06226,Helpppp i am drowning helppppppp,"Riverdale, The Bronx",flood
R09523,Please send maintenance team to Edgewater Plaza,"1 Edgewater Plaza, Staten Island, 4th floor, Room 8",other
R01217,"EXPLOSION 8th floor, Penn Plaza Tower, HELP MEEE!!!","2 Penn Plaza, Midtown Manhattan, 8th floor, Room 8",explosion
R02126,"Quickly save us from explosion, 1st floor, Penn Plaza Tower","2 Penn Plaza, Midtown Manhattan, 1st floor, Room 3",explosion
R07702,"Help, there's a robbery happening at the bank on Main Road, please contact the police.","1 Edgewater Plaza, Staten Island, 6th floor, Room 6",crime
R03667,"Call 108 Wall Street Tower, 3rd floor Room Room 3 send guys","88 Wall Street, Financial District, Manhattan, 3rd floor, Room 8",medical
R04902,Go run fast. the building is collapsing,"Washington Heights, Manhattan",collapse
R05471,this builidng is collapsing ... send help 😭,"432 Park Avenue, Midtown Manhattan, 1st floor, Room 1",collapse
R06115,TAKE HIGH GROUND flood,"88 Wall Street, Financial District, Manhattan, 5th floor, Room 5",flood
R02047,BLAST. HELP ME!!!! In Penn Plaza Tower 5th floor,"Park Slope, Brooklyn",explosion
R00701,bro fire 7th floor,"15 MetroTech Center, Downtown Brooklyn, 7th floor, Room 7",fire
R05883,Flood. Help ..,"Flushing, Queens",flood
R03152,"Accident!!! people hurt, call ambulance 😭","88 Wall Street, Financial District, Manhattan, 7th floor, Room 8",accident
R02514,"Major accident at Park Slope, Brooklyn, need help pls","Park Slope, Brooklyn",accident
R09069,A large tree has fallen across the road,"27-01 Queens Plaza North, Long Island City, 1st floor, Room 5",other
R07495,police come fast,"1 Edgewater Plaza, Staten Island, 3rd floor, Room 2",crime
R04386,I need urgent medical help please pls,"450 West 33rd Street, Chelsea, Manhattan, 5th floor, Room 9",medical
R06188,Move to top floor,"861 Grand Concourse, The Bronx, 3rd floor, Room 3",flood
R09331,Help mee,"300 Ashland Place, Downtown Brooklyn, 5th floor, Room 5",other
R00889,"Fire has started in Wall Street Tower 707, need urgent help","88 Wall Street, Financial District, Manhattan, 7th floor, Room 7",fire
R04281,"I have a medical emergency at Chelsea Heights, 6th floor Room Room 1","450 West 33rd Street, Chelsea, Manhattan, 6th floor, Room 1",medical
R02959,"Car accident, people are injured, send help","Riverdale, The Bronx",accident
R03889,Doctor where is he,"1 Edgewater Plaza, Staten Island, 6th floor, Room 5",medical
R03568,"Someone needs urgent medical help at Astoria, Queens","Astoria, Queens",medical
R02483,"There has been an accident at Grand Concourse Tower, 3rd floor Room 807, emergency help needed","861 Grand Concourse, The Bronx, 3rd floor, Room 12",accident
R02407,"A person got hit by a vehicle near LIC Plaza, ground floor Room Room 8","29-27 41st Avenue, Long Island City, ground floor, Room 8",accident
R09541,Help mee,"111 Eighth Avenue, Chelsea, Manhattan, 4th floor, Room 1",other
R06695,"Gunmen in. MetroTech Center main office, need immediate hlp","Morningside Heights, Manhattan",crime
R02367,"Car accident, people are injured, send help","Riverdale, The Bronx",accident
R08957,The lift has stopped working. Save me!,"2 Penn Plaza, Midtown Manhattan, 6th floor, Room 6",other
R04089,I need urgent medical help pls,"Park Slope, Brooklyn",medical
R03350,Hospital!!! Emergency! Cash! Vehicle needed,"27-01 Queens Plaza North, Long Island City, 8th floor, Room 8",medical
R00240,"Midtown Tower, 6th floor, Room 606 FIREEEEEE HELP","432 Park Avenue, Midtown Manhattan, 6th floor, Room 6",fire
R00504,"FIRE. HELP!!!!! Eighth Avenue Tower, 7th floor Room 707","111 Eighth Avenue, Chelsea, Manhattan, 7th floor, Room 7",fire
R08890,Water pipe burst near Ashland Place Tower,"Chinatown, Manhattan",other
R09369,"Emergency situation at MetroTech Center, 3rd floor Room 303, pls send help","15 MetroTech Center, Downtown Brooklyn, 3rd floor, Room 3",other
R00839,"Fire has started in LIC Plaza Room 9, need urgent help pls","29-27 41st Avenue, Long Island City, ground floor, Room 9",fire
R06096,"Flood situation in Bushwick, Brooklyn, need relief ASAP!!","450 West 33rd Street, Chelsea, Manhattan, 1st floor, Room 1",flood
R00517,Stay away there's a fire!!,"88 Wall Street, Financial District, Manhattan, 4th floor, Room 6",fire
R09668,"Emergency situation at Wall Street Tower, 4th floor Room Room 9, please send help","88 Wall Street, Financial District, Manhattan, 4th floor, Room 9",other
R00324,Fireeeeee helpppppp,"620 Atlantic Avenue, Brooklyn, 8th floor, Room 1",fire
R06376,Blub blub blub,"300 Ashland Place, Downtown Brooklyn, 3rd floor, Room 7",flood
R00552,Eighth Avenue Tower ground floor is on flames.. send help ASAP,"111 Eighth Avenue, Chelsea, Manhattan, ground floor, Room 1",fire
R05755,HELP US!!! we are stuck in the flood prone area,"29-27 41st Avenue, Long Island City, ground floor, Room 7",flood
R02711,"Accident!!! people hurt, call ambulance","Washington Heights, Manhattan",accident
R04960,"The roof just collapsed at Edgewater Plaza, people are trapped","1 Edgewater Plaza, Staten Island, 6th floor, Room 7",collapse
R04810,The building has collapsed. Save me!,"29-27 41st Avenue, Long Island City, 7th floor, Room 11",collapse
R05683,Flood. Help ..,"620 Atlantic Avenue, Brooklyn, ground floor, Room 8",flood
R01454,"Huge explosion at Ashland Place Tower, smoke everywhere","300 Ashland Place, Downtown Brooklyn, 6th floor, Room 1",explosion
R04835,Go run fast. the building is collapsing,"88 Wall Street, Financial District, Manhattan, 7th floor, Room 8",collapse
R05656,HELP US!!! we are stuck in the flood prone area,"Morningside Heights, Manhattan",flood
R02967,"Someone got injured in a road accident at Eighth Avenue Tower, 7th floor 😭","111 Eighth Avenue, Chelsea, Manhattan, 7th floor, Room 4",accident
R06480,there is a flood in our hostel rn. help,"432 Park Avenue, Midtown Manhattan, ground floor, Room 1",flood
R09073,"In case of gas leak, don't switch on the bulb","27-01 Queens Plaza North, Long Island City, 5th floor, Room 1",other
R07246,"Gunmen in. MetroTech Center main office, need immediate hlp","Sunset Park, Brooklyn",crime
R00542,"Edgewater Plaza, 5th floor Room 505 FIREEEEEE HELP","1 Edgewater Plaza, Staten Island, 5th floor, Room 5",fire
R01013,Help!!!!! fire here,"Park Slope, Brooklyn",fire
R09773,"No electricity in Eighth Avenue Tower, please send maintenance","Astoria, Queens",other
R06379,Move to top floor,"2 Penn Plaza, Midtown Manhattan, ground floor, Room 8",flood
R03141,"A vehicle crashed near Park Slope, Brooklyn","Park Slope, Brooklyn",accident
R03742,Helpp it's medical emergency,"450 West 33rd Street, Chelsea, Manhattan, 7th floor, Room 3",medical
R06515,TAKE HIGH GROUND flood ...,"861 Grand Concourse, The Bronx, 8th floor, Room 12",flood
R02398,"Auto accident at LIC Plaza, ground floor Room G00, please help","29-27 41st Avenue, Long Island City, ground floor, Room 11",accident
R07178,Call the emergency helpline number!,"861 Grand Concourse, The Bronx, ground floor, Room 3",crime
R06343,Helpppp i am drowning helppppppp,"450 West 33rd Street, Chelsea, Manhattan, ground floor, Room 8",flood
R02830,"A person got hit by a vehicle near Midtown Tower, 5th floor Room Room 8","432 Park Avenue, Midtown Manhattan, 5th floor, Room 8",accident
R05495,7th floor Wall Street Tower building collapsed I’m stuck please help,"88 Wall Street, Financial District, Manhattan, 7th floor, Room 2",collapse
R04973,2nd floor Penn Plaza Tower building collapsed I’m stuck please help,"2 Penn Plaza, Midtown Manhattan, 2nd floor, Room 1",collapse
R07137,"Armed robbery happening right now at the bank, call the police","432 Park Avenue, Midtown Manhattan, 7th floor, Room 7",crime
R05761,Blub blub blub,"111 Eighth Avenue, Chelsea, Manhattan, 8th floor, Room 8",flood
R02614,Bike and car collided near Wall Street Tower ground floor,"88 Wall Street, Financial District, Manhattan, ground floor, Room 11",accident
R01026,Grand Concourse Tower 7th floor FIREEEEEE HELP,"861 Grand Concourse, The Bronx, 7th floor, Room 7",fire
R00154,"Fire on 1st floor LIC Plaza, please send help immediately","29-27 41st Avenue, Long Island City, 1st floor, Room 11",fire
R02731,"bike hit someone at Park Slope, Brooklyn, please send help","Park Slope, Brooklyn",accident
R00363,AHHHHHHHH,"2 Penn Plaza, Midtown Manhattan, 8th floor, Room 4",fire
R01297,"There's been an explosion at Midtown Tower, 4th floor Room 404. Call the emergency services!","432 Park Avenue, Midtown Manhattan, 4th floor, Room 4",explosion
R02228,"A person got hit by a vehicle near Greenwich Village, Manhattan","Greenwich Village, Manhattan",accident
R02134,It will blasttt ...,"111 Eighth Avenue, Chelsea, Manhattan, 5th floor, Room 1",explosion
R01075,Help!!!!! fire here,"Astoria, Queens",fire
R04467,EVACUATE,"Washington Heights, Manhattan",collapse
R09569,A large tree has fallen across the road,"432 Park Avenue, Midtown Manhattan, 4th floor, Room 6",other
R01121,Helpppp there is a huge explosion helpppp,"Sunset Park, Brooklyn",explosion
R05709,Let's move to the higher ground.,"620 Atlantic Avenue, Brooklyn, 1st floor, Room 4",flood
R09093,Help mee,"Bushwick, Brooklyn",other
R03173,"bike hit someone at Eighth Avenue Tower, 6th floor Room Room 8, please send help","111 Eighth Avenue, Chelsea, Manhattan, 6th floor, Room 8",accident
R02250,"Someone got injured in a road accident at Chinatown, Manhattan ...","Chinatown, Manhattan",accident
R04411,Call an ambulance! Call an ambulance!!!!,"861 Grand Concourse, The Bronx, 6th floor, Room 8",medical
R04808,SOS! BUILDING COLLAPSE! LOCATION SENT pls,"450 West 33rd Street, Chelsea, Manhattan, 4th floor, Room 4",collapse
R01203,It will blasttt,"450 West 33rd Street, Chelsea, Manhattan, 7th floor, Room 7",explosion
R01126,"EXPLOSION 3rd floor, Edgewater Plaza, HELP MEEE!","Morningside Heights, Manhattan",explosion
R00032,AHHHHHHHH,"Greenwich Village, Manhattan",fire
R09764,A large tree has fallen across the road,"Greenwich Village, Manhattan",other
R09864,Please send maintenance team to Chelsea Heights,"Riverdale, The Bronx",other
R06050,Savee me from the floodd,"Bushwick, Brooklyn",flood
R04958,Wall Street Tower under shreds! Building collapse,"88 Wall Street, Financial District, Manhattan, 1st floor, Room 6",collapse
R04324,"I have a medical emergency at Midtown Tower, 3rd floor Room 303","432 Park Avenue, Midtown Manhattan, 3rd floor, Room 3",medical
R01111,"FIRE. HELP!!!!! Edgewater Plaza, 6th floor","1 Edgewater Plaza, Staten Island, 6th floor, Room 8",fire
R01638,Helpppp there is a huge explosion helpppp,"432 Park Avenue, Midtown Manhattan, 6th floor, Room 6",explosion
R05107,MetroTech Center under shreds! Building collapse,"15 MetroTech Center, Downtown Brooklyn, 3rd floor, Room 8",collapse
R06851,Am I that unlucky,"111 Eighth Avenue, Chelsea, Manhattan, 2nd floor, Room 12",crime
R09344,"There is a gas smell in the building, please check","300 Ashland Place, Downtown Brooklyn, 8th floor, Room 8",other
R01494,"Explosion at 5th floor, Queens Plaza Complex Save!!!","27-01 Queens Plaza North, Long Island City, 5th floor, Room 7",explosion
R01859,"Explosion help , 2nd floor LIC Plaza","29-27 41st Avenue, Long Island City, 2nd floor, Room 6",explosion
R04257,"I think I'm dying, please help","15 MetroTech Center, Downtown Brooklyn, 8th floor, Room 4",medical
R04477,2nd floor Edgewater Plaza building collapsed I’m stuck please help,"Sunset Park, Brooklyn",collapse
R03577,Call ambulance,"620 Atlantic Avenue, Brooklyn, 2nd floor, Room 6",medical
R07593,Call the emergency helpline number!,"27-01 Queens Plaza North, Long Island City, 3rd floor, Room 10",crime
R07322,"Help, there is a robbery happening at the bank on Main Road, pls contact the police.","88 Wall Street, Financial District, Manhattan, 5th floor, Room 3",crime
R01916,MetroTech Center: something exploded nearby help,"15 MetroTech Center, Downtown Brooklyn, 3rd floor, Room 9",explosion
R07059,Somebody please call 112 there is a crime going on,"Riverdale, The Bronx",crime
R09758,Power is gone and people are stuck in the lift,"300 Ashland Place, Downtown Brooklyn, 5th floor, Room 3",other
R05812,TAKE HIGH GROUND flood ...,"27-01 Queens Plaza North, Long Island City, 1st floor, Room 1",flood
R07639,"Crime happening here, need police immediately","450 West 33rd Street, Chelsea, Manhattan, 2nd floor, Room 4",crime
R04641,SOS! BUILDING COLLAPSE! LOCATION SENT,"Flushing, Queens",collapse
R02130,"Quickly save us from explosion, 2nd floor, Queens Plaza Complex","Park Slope, Brooklyn",explosion
R03660,Save meeeee save meeeee injured injured,"88 Wall Street, Financial District, Manhattan, 1st floor, Room 1",medical
R05716,Please evacuate the lower floors of Ashland Place Tower as soon as possible,"Washington Heights, Manhattan",flood
R01415,Something just burst around me. Send rescue squad ASAP,"111 Eighth Avenue, Chelsea, Manhattan, 2nd floor, Room 2",explosion
R01044,THIS IS NOT A DRILL. THERE'S A FIRE IN THE BUILDING. SEND HELP!,"300 Ashland Place, Downtown Brooklyn, 8th floor, Room 1",fire
R09304,"In case of gas leak, don't switch on the bulb","Greenwich Village, Manhattan",other
R00382,Save me I am trapped in fire,"Chinatown, Manhattan",fire
R04761,Oh no! The building! It's falling!,"27-01 Queens Plaza North, Long Island City, 1st floor, Room 1",collapse
R00813,Call fire emergency,"2 Penn Plaza, Midtown Manhattan, 7th floor, Room 8",fire
R01383,Loud sound. Was that a bomb?,"15 MetroTech Center, Downtown Brooklyn, 7th floor, Room 4",explosion
R02184,"Explosion help , 3rd floor Wall Street Tower","88 Wall Street, Financial District, Manhattan, 3rd floor, Room 4",explosion
R00970,"Fire has started in Atlantic Terminal 204, need urgent help","620 Atlantic Avenue, Brooklyn, 4th floor, Room 11",fire
R05486,"Building collapsed of Midtown Tower, need help!!","Riverdale, The Bronx",collapse
R03690,Helpp it's medical emergency,"Chinatown, Manhattan",medical
R05383,Hellllppppppp!!!! This building is falling!!,"432 Park Avenue, Midtown Manhattan, 1st floor, Room 8",collapse
R01014,Grand Concourse Tower: help mee fire fire fire,"861 Grand Concourse, The Bronx, 4th floor, Room 4",fire
R06425,Get to higher ground now!!,"Sunset Park, Brooklyn",flood
R00413,Call fire emergency,"Park Slope, Brooklyn",fire
R06598,TAKE HIGH GROUND flood,"300 Ashland Place, Downtown Brooklyn, 2nd floor, Room 2",flood
R07370,"Someone is threatening people near Wall Street Tower 107, call police!!","88 Wall Street, Financial District, Manhattan, 2nd floor, Room 2",crime
R04964,"Someone get me out, building collapsed","27-01 Queens Plaza North, Long Island City, 3rd floor, Room 9",collapse
R09279,"Road is blocked by a fallen tree near Ashland Place Tower, 2nd floor Room Room 7","Chinatown, Manhattan",other
R06213,Helpppp i am drowning helpppp,"15 MetroTech Center, Downtown Brooklyn, 8th floor, Room 7",flood
R02349,"Someone got injured in a road accident at Midtown Tower, 8th floor Room 605 ASAP!!","Park Slope, Brooklyn",accident
R02213,There has been an explosion in LIC Plaza there fire everywhere help,"29-27 41st Avenue, Long Island City, 7th floor, Room 6",explosion
R00399,Call fire emergency,"Astoria, Queens",fire
R04768,"Someone get me out, building collapsed!!","2 Penn Plaza, Midtown Manhattan, 7th floor, Room 2",collapse
R00665,"Oh no, fire has started","15 MetroTech Center, Downtown Brooklyn, ground floor, Room 3",fire
R04585,Run under the table,"432 Park Avenue, Midtown Manhattan, 6th floor, Room 1",collapse
R09454,"Road is blocked by a fallen tree near Riverdale, The Bronx","Riverdale, The Bronx",other
R06762,Somebody please call 112 there is a crime going on,"2 Penn Plaza, Midtown Manhattan, 6th floor, Room 9",crime
R03966,Hospital!!! Emergency! Cash! Vehicle needed,"111 Eighth Avenue, Chelsea, Manhattan, 7th floor, Room 7",medical
R07697,"A person with a weapon is causing danger at Ashland Place Tower, ground floor, Room G00","300 Ashland Place, Downtown Brooklyn, ground floor, Room 6",crime
R03876,Someone needs urgent medical help at Edgewater Plaza 702,"Washington Heights, Manhattan",medical
R04430,I need urgent medical help please,"620 Atlantic Avenue, Brooklyn, 5th floor, Room 5",medical
R02808,"Traffic accident near Sunset Park, Brooklyn, need immediate assistance","Chinatown, Manhattan",accident
R04052,"Someone needs urgent medical helpppp at Eighth Avenue Tower, 3rd floor, Room Room 3","111 Eighth Avenue, Chelsea, Manhattan, 3rd floor, Room 3",medical
R02707,"Vehicle overturned near Atlantic Terminal, need rescue","Astoria, Queens",accident
R03631,I need urgent medical help pls,"Chinatown, Manhattan",medical
R06328,Move to top floor,"29-27 41st Avenue, Long Island City, 2nd floor, Room 4",flood
R05081,Run,"620 Atlantic Avenue, Brooklyn, 1st floor, Room 6",collapse
R01045,Save me I am trapped in fire,"Sunset Park, Brooklyn",fire
R03253,Accident hereeee help fast,"Greenwich Village, Manhattan",accident
R02386,Bike and car collided near Atlantic Terminal 2nd floor,"620 Atlantic Avenue, Brooklyn, 2nd floor, Room 8",accident
R02361,Accident hereeee help fast,"1 Edgewater Plaza, Staten Island, 2nd floor, Room 2",accident
R00778,"Fire has started in Grand Concourse Tower Room 8, need urgent help","861 Grand Concourse, The Bronx, 5th floor, Room 8",fire
R09227,"Emergency situation at Midtown Tower 202, please send help","Flushing, Queens",other
R03326,"Auto accident at Wall Street Tower, 3rd floor, please help","88 Wall Street, Financial District, Manhattan, 3rd floor, Room 3",accident
R05576,Helpppp i am drowning helpppp,"432 Park Avenue, Midtown Manhattan, 6th floor, Room 8",flood
R00204,"Eighth Avenue Tower, 1st floor Room 101 FIREEEEEE HELP","Park Slope, Brooklyn",fire
R04853,Go run fast. the building is collapsing,"Greenwich Village, Manhattan",collapse
R05820,Flood. Help ..,"861 Grand Concourse, The Bronx, ground floor, Room 6",flood
R04690,"Someone get me out, building collapsed","1 Edgewater Plaza, Staten Island, 6th floor, Room 4",collapse
R03044,"Vehicle overturned near Wall Street Tower, need rescue","88 Wall Street, Financial District, Manhattan, 7th floor, Room 2",accident
R07625,"Crime happening here, need police immediately","Chinatown, Manhattan",crime
R04638,No wayyy building falling 😭,"Park Slope, Brooklyn",collapse
R06653,Please evacuate the lower floors of Grand Concourse Tower as soon as possible,"861 Grand Concourse, The Bronx, 7th floor, Room 2",flood
R07692,Call police come fast,"Chinatown, Manhattan",crime
R00005,AHHHHHHHH,"300 Ashland Place, Downtown Brooklyn, 4th floor, Room 8",fire
R06278,Let's move to the higher ground.,"620 Atlantic Avenue, Brooklyn, 8th floor, Room 3",flood
R00244,bro fire 4th floor,"300 Ashland Place, Downtown Brooklyn, 4th floor, Room 5",fire
R04741,Go run fast. the building is collapsing,"29-27 41st Avenue, Long Island City, 7th floor, Room 7",collapse
R09530,Road is blocked by a fallen tree near Grand Concourse Tower Room 12,"861 Grand Concourse, The Bronx, ground floor, Room 2",other
R04454,ground floor Midtown Tower building collapsed I’m stuck please helpppp,"432 Park Avenue, Midtown Manhattan, ground floor, Room 8",collapse
R00702,"Fire on 7th floor Chelsea Heights, please send help immediately","Astoria, Queens",fire
R00650,"Fire on 7th floor LIC Plaza, please send help immediately","29-27 41st Avenue, Long Island City, 7th floor, Room 2",fire
R04371,Hospital!!! Emergency! Cash! Vehicle needed,"111 Eighth Avenue, Chelsea, Manhattan, 7th floor, Room 4",medical
R01702,Loud sound. Was that a bomb?,"1 Edgewater Plaza, Staten Island, 6th floor, Room 6",explosion
R04161,"Someone needs urgent medical help at Grand Concourse Tower, 4th floor ...","861 Grand Concourse, The Bronx, 4th floor, Room 10",medical
R04070,Call 108 fasttttt there is an emergency,"1 Edgewater Plaza, Staten Island, 3rd floor, Room 2",medical
R00050,firee!! 1st floor LIC Plaza !!!! 404!!,"29-27 41st Avenue, Long Island City, 5th floor, Room 4",fire
R04515,Building has been collapsed!,"2 Penn Plaza, Midtown Manhattan, ground floor, Room 2",collapse
R07532,Call the emergency helpline number!,"Sunset Park, Brooklyn",crime
R07063,I am in dangerrr idk what to do 😭,"15 MetroTech Center, Downtown Brooklyn, 6th floor, Room 1",crime
R00259,Fire save me ASAP!!,"29-27 41st Avenue, Long Island City, 5th floor, Room 5",fire
R00841,LIC Plaza 3rd floor is on flames.. send help ASAP,"Park Slope, Brooklyn",fire
R06476,Get to higher ground now!!,"861 Grand Concourse, The Bronx, 2nd floor, Room 9",flood
R01173,Shit!! huge blast,"Greenwich Village, Manhattan",explosion
R02480,"bike hit someone at MetroTech Center 205, pls send help","15 MetroTech Center, Downtown Brooklyn, ground floor, Room 9",accident
R01039,Help!!!!! fire here,"Morningside Heights, Manhattan",fire
R01378,"Explosion at 7th floor, MetroTech Center Save!!! pls","15 MetroTech Center, Downtown Brooklyn, 7th floor, Room 9",explosion
R03203,"There has been an accident at Midtown Tower, 3rd floor Room 303, emergency help needed","432 Park Avenue, Midtown Manhattan, 3rd floor, Room 12",accident
R03822,Call 108 Penn Plaza Tower 808 send guys,"2 Penn Plaza, Midtown Manhattan, 8th floor, Room 8",medical
R01370,"There's been an explosion at Atlantic Terminal, 1st floor, Room Room 12. Call the emergency services!","620 Atlantic Avenue, Brooklyn, 1st floor, Room 2",explosion
R01942,"Explosion help , 1st floor Edgewater Plaza","1 Edgewater Plaza, Staten Island, 1st floor, Room 11",explosion
R01480,It will blasttt,"861 Grand Concourse, The Bronx, 4th floor, Room 5",explosion
R00408,"Flushing, Queens FIREEEEEE HELP","Flushing, Queens",fire
R00588,Edgewater Plaza 3rd floor is on flames.. send helpppp ASAP,"Flushing, Queens",fire
R04748,"Building collapsed of Grand Concourse Tower, need help","861 Grand Concourse, The Bronx, 1st floor, Room 1",collapse
R02799,"Crash happened outside Midtown Tower, send medical team!!!","432 Park Avenue, Midtown Manhattan, ground floor, Room 1",accident
R09010,"The lift stopped suddenly, people are inside","Morningside Heights, Manhattan",other
R05899,Move to top floor!!,"15 MetroTech Center, Downtown Brooklyn, 5th floor, Room 5",flood
R09956,The lift has stopped working. Save me!,"15 MetroTech Center, Downtown Brooklyn, 2nd floor, Room 2",other
R03759,"SOS I am having an attack!!!! Sunset Park, Brooklyn","Sunset Park, Brooklyn",medical
R06847,"Gunmen in. MetroTech Center main office, need immediate hlp","Greenwich Village, Manhattan",crime
R02447,"Auto accident at Grand Concourse Tower ground floor, please help","Washington Heights, Manhattan",accident
R03185,Accident hereeee help fast,"2 Penn Plaza, Midtown Manhattan, 5th floor, Room 5",accident
R07759,Call the police right now!!,"15 MetroTech Center, Downtown Brooklyn, 5th floor, Room 8",crime
R07267,"Help me.. there's robbery near Washington Heights, Manhattan.","111 Eighth Avenue, Chelsea, Manhattan, 8th floor, Room 8",crime
R05957,Stuck in a flood 5th floor Penn Plaza Tower,"Park Slope, Brooklyn",flood
R00756,"Fire has started in Chelsea Heights 904, need urgent help","450 West 33rd Street, Chelsea, Manhattan, 1st floor, Room 1",fire
R00712,Atlantic Terminal 8th floor is on flames.. send helpppp ASAP,"620 Atlantic Avenue, Brooklyn, 8th floor, Room 1",fire
R07037,"Help, there is a robbery happening at the bank on Main Road, please contact the police.","Astoria, Queens",crime
R03321,"Traffic accident near Washington Heights, Manhattan, need immediate assistance","432 Park Avenue, Midtown Manhattan, 6th floor, Room 5",accident
R03886,"Someone needs urgent medical help at Morningside Heights, Manhattan","Morningside Heights, Manhattan",medical
R05945,Water everywhere helpppp me,"620 Atlantic Avenue, Brooklyn, 3rd floor, Room 7",flood
R03477,"I think I'm dying, please help","Chinatown, Manhattan",medical
R09683,"Road is blocked by a fallen tree near Wall Street Tower, ground floor Room 303","Greenwich Village, Manhattan",other
R00641,Save me I am trapped in fire pls,"2 Penn Plaza, Midtown Manhattan, 5th floor, Room 6",fire
R03835,Helpp it's medical emergency,"450 West 33rd Street, Chelsea, Manhattan, 5th floor, Room 8",medical
R06087,flood has come ASAP!!,"Flushing, Queens",flood
R05601,Stuck in a flood 4th floor Atlantic Terminal,"Sunset Park, Brooklyn",flood
R08968,"In case of gas leak, don't switch on the bulb","29-27 41st Avenue, Long Island City, 5th floor, Room 6",other
R08911,Help mee,"620 Atlantic Avenue, Brooklyn, 8th floor, Room 3",other
R03733,"Please send an ambulance to Atlantic Terminal, 4th floor Room 404!!!","620 Atlantic Avenue, Brooklyn, 4th floor, Room 4",medical
R06788,police come fast,"27-01 Queens Plaza North, Long Island City, 5th floor, Room 9",crime
R03911,"Someone needs urgent medical help at Atlantic Terminal, 2nd floor Room 202","620 Atlantic Avenue, Brooklyn, 2nd floor, Room 2",medical
R07142,Call the emergency helpline number!,"300 Ashland Place, Downtown Brooklyn, 5th floor, Room 5",crime
R07163,I am in dangerrr idk what to do,"27-01 Queens Plaza North, Long Island City, 6th floor, Room 6",crime
R02381,A vehicle crashed near Eighth Avenue Tower 101,"111 Eighth Avenue, Chelsea, Manhattan, 1st floor, Room 1",accident
R02462,Bike and car collided near Eighth Avenue Tower 7th floor,"111 Eighth Avenue, Chelsea, Manhattan, 7th floor, Room 9",accident
R01586,"Quickly save us from explosion, 7th floor, Queens Plaza Complex","27-01 Queens Plaza North, Long Island City, 7th floor, Room 3",explosion
R00776,THIS IS NOT A DRILL. THERE'S A FIRE IN THE BUILDING. SEND HELP!,"Astoria, Queens",fire
R09371,Water pipe burst near Chelsea Heights,"Flushing, Queens",other
R05840,HELP US!!! we are stuck in the flood prone area,"300 Ashland Place, Downtown Brooklyn, 8th floor, Room 8",flood
R06116,HELP US!!! we are stuck in the flood prone area,"450 West 33rd Street, Chelsea, Manhattan, ground floor, Room 3",flood
R06878,police come fast,"88 Wall Street, Financial District, Manhattan, 6th floor, Room 3",crime
R02563,"Auto accident at LIC Plaza, ground floor Room Room 6, please help","29-27 41st Avenue, Long Island City, ground floor, Room 8",accident
R01994,Shit!! huge blast,"27-01 Queens Plaza North, Long Island City, 6th floor, Room 6",explosion
R01309,Helpppp there is a huge explosion helpppp,"29-27 41st Avenue, Long Island City, ground floor, Room 2",explosion
R09167,Water pipe burst near Eighth Avenue Tower,"111 Eighth Avenue, Chelsea, Manhattan, 4th floor, Room 9",other
R09038,"No electricity in Grand Concourse Tower, please send maintenance","861 Grand Concourse, The Bronx, 1st floor, Room 1",other
R02132,Save us we are in LIC Plaza 4th floor,"29-27 41st Avenue, Long Island City, 4th floor, Room 4",explosion
R01610,It will blasttt,"Morningside Heights, Manhattan",explosion
R01135,"Explosion help , 1st floor Eighth Avenue Tower","Astoria, Queens",explosion
R02396,"Vehicle overturned near Grand Concourse Tower, need rescue","861 Grand Concourse, The Bronx, ground floor, Room 2",accident
R05986,Flood. Help ..,"2 Penn Plaza, Midtown Manhattan, 2nd floor, Room 2",flood
R09355,Water pipe burst near MetroTech Center,"15 MetroTech Center, Downtown Brooklyn, 5th floor, Room 9",other
R09389,Run for your life!!,"111 Eighth Avenue, Chelsea, Manhattan, 2nd floor, Room 6",other
R03291,"Vehicle overturned near Penn Plaza Tower, need rescue","2 Penn Plaza, Midtown Manhattan, 2nd floor, Room 3",accident
R06915,"Help me.. there's robbery near Chinatown, Manhattan.","300 Ashland Place, Downtown Brooklyn, ground floor, Room 4",crime
R00407,Stay away there's a fire!!,"432 Park Avenue, Midtown Manhattan, 7th floor, Room 7",fire
R04962,SOS! BUILDING COLLAPSE! LOCATION SENT,"1 Edgewater Plaza, Staten Island, 8th floor, Room 8",collapse
R05981,Stuck in a flood 8th floor Eighth Avenue Tower,"Park Slope, Brooklyn",flood
R06812,"Something serious is happening here, hurry","620 Atlantic Avenue, Brooklyn, 2nd floor, Room 9",crime
R09587,"The lift stopped suddenly, people are inside","861 Grand Concourse, The Bronx, 3rd floor, Room 12",other
R04292,Call ambulance,"Park Slope, Brooklyn",medical
R02502,Someone got injured in a road accident at Eighth Avenue Tower 3rd floor,"111 Eighth Avenue, Chelsea, Manhattan, 3rd floor, Room 1",accident
R09646,The lift has stopped working. Save me!,"300 Ashland Place, Downtown Brooklyn, 1st floor, Room 1",other
R06772,"Help me.. there's robbery near Sunset Park, Brooklyn.","111 Eighth Avenue, Chelsea, Manhattan, 6th floor, Room 2",crime
R08904,A large tree has fallen across the road,"15 MetroTech Center, Downtown Brooklyn, 5th floor, Room 5",other
R09653,"No electricity in Midtown Tower, pls send maintenance","Morningside Heights, Manhattan",other
R06155,Move to top floor,"Astoria, Queens",flood
R01103,Firee fireee at Atlantic Terminal saveee mee,"620 Atlantic Avenue, Brooklyn, 1st floor, Room 12",fire
R04237,Doctor where is he,"450 West 33rd Street, Chelsea, Manhattan, 7th floor, Room 2",medical
R09043,"The lift stopped suddenly, people are inside ASAP!!","29-27 41st Avenue, Long Island City, 7th floor, Room 7",other
R04328,"I have a medical emergency at Edgewater Plaza, 3rd floor Room 306","1 Edgewater Plaza, Staten Island, 3rd floor, Room 6",medical
R06288,Water everywhere help me,"Morningside Heights, Manhattan",flood
R02459,"bike hit someone at LIC Plaza, 8th floor, please send help","29-27 41st Avenue, Long Island City, 8th floor, Room 12",accident
R03267,"Accident!!! people hurt, call ambulance","15 MetroTech Center, Downtown Brooklyn, 8th floor, Room 4",accident
R02870,Accident hereeee help fast,"Sunset Park, Brooklyn",accident
R06691,"there is a man with black mask and gun in the bank, please help pls","Sunset Park, Brooklyn",crime
R02920,Bike and car collided near Ashland Place Tower 1st floor,"300 Ashland Place, Downtown Brooklyn, 1st floor, Room 5",accident
R05315,Building has been collapsed!,"2 Penn Plaza, Midtown Manhattan, ground floor, Room 1",collapse
R07266,Call the emergency helpline number!,"Chinatown, Manhattan",crime
R00719,"Oh no, fire has started","88 Wall Street, Financial District, Manhattan, 6th floor, Room 3",fire
R00777,Fire!! 1st floor Midtown Tower !!!! 602!!,"432 Park Avenue, Midtown Manhattan, 2nd floor, Room 10",fire
R05494,"Building collapsed of Chelsea Heights, need help","Chinatown, Manhattan",collapse
R00356,"Fire has started in Wall Street Tower 507, need urgent help","88 Wall Street, Financial District, Manhattan, 4th floor, Room 7",fire
R03798,Urgent help needed hereee!!,"29-27 41st Avenue, Long Island City, 6th floor, Room 6",medical
R02301,"Someone got injured in a road accident at LIC Plaza, 5th floor, Room 505","29-27 41st Avenue, Long Island City, 5th floor, Room 5",accident
R00554,Fire at Wall Street Tower first floor.... Come quickly,"88 Wall Street, Financial District, Manhattan, ground floor, Room 3",fire
R02234,"Two vehicles collided, MetroTech Center 303","15 MetroTech Center, Downtown Brooklyn, 3rd floor, Room 3",accident
R04812,this builidng is collapsing ... send help,"300 Ashland Place, Downtown Brooklyn, 3rd floor, Room 9",collapse
R03897,Call doctor and ask for help,"88 Wall Street, Financial District, Manhattan, 3rd floor, Room 3",medical
R03960,Save meeeee save meeeee injured injured,"15 MetroTech Center, Downtown Brooklyn, 4th floor, Room 12",medical
R02281,"There has been an accident at Grand Concourse Tower, 2nd floor Room 309, emergency help needed ASAP!!","Bushwick, Brooklyn",accident
R07685,"Armed robbery happening right now at the bank, call the police 😭","88 Wall Street, Financial District, Manhattan, 1st floor, Room 4",crime
R00919,"Oh no, fire has started ASAP!!","450 West 33rd Street, Chelsea, Manhattan, 1st floor, Room 8",fire
R02331,"Car accident, people are injured, send help","111 Eighth Avenue, Chelsea, Manhattan, 6th floor, Room 4",accident
R03127,"There has been an accident at Washington Heights, Manhattan, emergency help needed","Washington Heights, Manhattan",accident
R06815,"Help, there is a robbery happening at the bank on Main Road, pls contact the police.","620 Atlantic Avenue, Brooklyn, 2nd floor, Room 8",crime
R03852,"Someone needs urgent medical help at Edgewater Plaza, 7th floor, Room Room 5","1 Edgewater Plaza, Staten Island, 7th floor, Room 5",medical
R05715,Get to higher ground now!!,"Park Slope, Brooklyn",flood
R04954,"Part of the building has collapsed at Ashland Place Tower, and students may need rescue.","300 Ashland Place, Downtown Brooklyn, ground floor, Room 7",collapse
R05463,Go run fast. the building is collapsing,"450 West 33rd Street, Chelsea, Manhattan, 2nd floor, Room 3",collapse
R09364,The lift has stopped working. Save me!,"111 Eighth Avenue, Chelsea, Manhattan, 6th floor, Room 5",other
R09412,"Something unusual is happening near Eighth Avenue Tower 2nd floor, please check","111 Eighth Avenue, Chelsea, Manhattan, 2nd floor, Room 5",other
R04770,"Someone get me out, building collapsed","Greenwich Village, Manhattan",collapse
R01411,Loud sound. Was that a bomb?,"15 MetroTech Center, Downtown Brooklyn, 5th floor, Room 7",explosion
R00268,Midtown Tower 5th floor is on flames.. send help ASAP ...,"432 Park Avenue, Midtown Manhattan, 5th floor, Room 5",fire
R00669,Help!!!!! fire here,"432 Park Avenue, Midtown Manhattan, 1st floor, Room 10",fire
R09793,"Something unusual is happening near Wall Street Tower, 1st floor Room 304, please check","88 Wall Street, Financial District, Manhattan, 1st floor, Room 4",other
R05810,Let's move to the higher ground.,"300 Ashland Place, Downtown Brooklyn, 4th floor, Room 3",flood
R05187,Leave the building quickly,"620 Atlantic Avenue, Brooklyn, 4th floor, Room 9",collapse
R00995,"Fire on 8th floor LIC Plaza, pls send help immediately","Park Slope, Brooklyn",fire
R05961,"Flood situation in Bushwick, Brooklyn, need relief ASAP!!","300 Ashland Place, Downtown Brooklyn, 8th floor, Room 8",flood
R09315,"Something unusual is happening near Edgewater Plaza 1st floor, please check","1 Edgewater Plaza, Staten Island, 1st floor, Room 1",other
R07545,"Catch the criminal, close the gates","15 MetroTech Center, Downtown Brooklyn, 3rd floor, Room 4",crime
R09741,"Street light is not working near Sunset Park, Brooklyn","2 Penn Plaza, Midtown Manhattan, 4th floor, Room 1",other
R02977,"Crash happened outside Eighth Avenue Tower, send medical team!!","111 Eighth Avenue, Chelsea, Manhattan, 7th floor, Room 4",accident
R03856,Hospital!!! Emergency! Cash! Vehicle needed,"27-01 Queens Plaza North, Long Island City, 5th floor, Room 5",medical
R06319,there is a flood in our hostel rn. help,"861 Grand Concourse, The Bronx, 4th floor, Room 8",flood
R05177,Leave the building quickly,"Sunset Park, Brooklyn",collapse
R07067,Call the emergency helpline number!,"Riverdale, The Bronx",crime
R03106,"A vehicle crashed near Queens Plaza Complex, 6th floor Room 603","Chinatown, Manhattan",accident
R02149,Save us we are in Ashland Place Tower 7th floor,"Astoria, Queens",explosion
R00857,Fireeeeee helpppppp,"1 Edgewater Plaza, Staten Island, 3rd floor, Room 1",fire
R01775,Shit!! huge blast,"861 Grand Concourse, The Bronx, ground floor, Room 12",explosion
R03177,Someone got injured in a road accident at Ashland Place Tower 807,"Flushing, Queens",accident
R03982,Helpp it's medical emergency,"29-27 41st Avenue, Long Island City, 3rd floor, Room 3",medical
R00786,Grand Concourse Tower: help mee fire fire fire,"Bushwick, Brooklyn",fire
R02439,"There has been an accident at Edgewater Plaza, 8th floor Room Room 9, emergency help needed","1 Edgewater Plaza, Staten Island, 8th floor, Room 9",accident
R09745,"There is a gas smell in the building, please check","620 Atlantic Avenue, Brooklyn, 4th floor, Room 4",other
R07727,"there is a man with black mask and gun in the bank, please help","620 Atlantic Avenue, Brooklyn, 4th floor, Room 11",crime
R03782,"Open wound, and concussion emergency first aid and ambulance required ASAP!","2 Penn Plaza, Midtown Manhattan, 6th floor, Room 3",medical
R00059,Edgewater Plaza: help mee fire fire fire ...,"1 Edgewater Plaza, Staten Island, ground floor, Room 1",fire
R04607,"The roof just collapsed at Chelsea Heights, people are trapped","Morningside Heights, Manhattan",collapse
R06519,"Water level rising rapidly near Sunset Park, Brooklyn","Chinatown, Manhattan",flood
R00045,AHHHHHHHH,"27-01 Queens Plaza North, Long Island City, 4th floor, Room 4",fire
R04021,Hospital emergency. Help,"29-27 41st Avenue, Long Island City, 4th floor, Room 1",medical
R00093,"Edgewater Plaza, 3rd floor, Room Room 7 FIREEEEEE HELP","1 Edgewater Plaza, Staten Island, 3rd floor, Room 7",fire
R05933,Get to higher ground now!!,"27-01 Queens Plaza North, Long Island City, 6th floor, Room 3",flood
R06518,Let's move to the higher ground.,"Astoria, Queens",flood
R06172,there is a flood in our hostel rn. help 😭,"450 West 33rd Street, Chelsea, Manhattan, 2nd floor, Room 5",flood
R05102,Leave the building quickly,"861 Grand Concourse, The Bronx, 4th floor, Room 4",collapse
R03372,Call ambulance ASAP!!,"Chinatown, Manhattan",medical
R09536,Power is gone and people are stuck in the lift,"Flushing, Queens",other
R09469,"There is a gas smell in the building, please check","450 West 33rd Street, Chelsea, Manhattan, ground floor, Room 2",other
R01065,Fire!! 1st floor Midtown Tower !!!! Room 4!!,"432 Park Avenue, Midtown Manhattan, 4th floor, Room 10",fire
R03572,"Chest pain, LIC Plaza need to go to the hospital fast","29-27 41st Avenue, Long Island City, ground floor, Room 7",medical
R09903,Gas leakage here don't switch bulb on,"2 Penn Plaza, Midtown Manhattan, ground floor, Room 3",other
R06210,HELP US!!! we are stuck in the flood prone area,"450 West 33rd Street, Chelsea, Manhattan, 4th floor, Room 4",flood
R00092,MetroTech Center: help mee fire fire fire,"15 MetroTech Center, Downtown Brooklyn, 6th floor, Room 9",fire
R09978,Help mee,"620 Atlantic Avenue, Brooklyn, 8th floor, Room 7",other
R06767,"A person with a weapon is causing danger at Washington Heights, Manhattan","Washington Heights, Manhattan",crime
R04871,Run under the table ASAP!!,"Chinatown, Manhattan",collapse
R07753,"there is a man with black mask and gun in the bank, please help","450 West 33rd Street, Chelsea, Manhattan, 8th floor, Room 2",crime
R07380,Somebody please call 112 there is a crime going on,"1 Edgewater Plaza, Staten Island, 1st floor, Room 1",crime
R00217,"Fire on ground floor Atlantic Terminal, please send help immediately","620 Atlantic Avenue, Brooklyn, ground floor, Room 2",fire
R01086,Fire!! 1st floor LIC Plaza !!!! 604!!!!!,"Sunset Park, Brooklyn",fire
R04131,Call ambulance,"27-01 Queens Plaza North, Long Island City, 4th floor, Room 4",medical
R02122,It will blasttt,"Park Slope, Brooklyn",explosion
R02758,"Vehicle overturned near Ashland Place Tower, need rescue","300 Ashland Place, Downtown Brooklyn, 7th floor, Room 11",accident
R09300,Power is gone and people are stuck in the lift,"1 Edgewater Plaza, Staten Island, 5th floor, Room 1",other
R06145,Helpppp i am drowning helpppp,"Park Slope, Brooklyn",flood
R00011,"Oh no, fire has started","29-27 41st Avenue, Long Island City, 5th floor, Room 12",fire
R00520,FIREEEEEE HELPPPPPPPP USSS OUTTTTTTTT. Midtown Tower !!!,"432 Park Avenue, Midtown Manhattan, 4th floor, Room 5",fire
R05735,Move to safe area,"Astoria, Queens",flood
R09171,"Road is blocked by a fallen tree near Queens Plaza Complex, 5th floor, Room 509","27-01 Queens Plaza North, Long Island City, 5th floor, Room 9",other
R07430,I am in dangerrr idk what to do,"300 Ashland Place, Downtown Brooklyn, 4th floor, Room 4",crime
R07276,Somebody please call 112 there is a crime going on,"27-01 Queens Plaza North, Long Island City, 4th floor, Room 4",crime
R09763,"In case of gas leak, don't switch on the bulb","88 Wall Street, Financial District, Manhattan, 5th floor, Room 8",other
R02854,"Traffic accident near Riverdale, The Bronx, need immediate assistance","450 West 33rd Street, Chelsea, Manhattan, 4th floor, Room 9",accident
R09158,"No electricity in Eighth Avenue Tower, please send maintenance","111 Eighth Avenue, Chelsea, Manhattan, 4th floor, Room 3",other
R06059,"Flood situation in Flushing, Queens, need relief ASAP!!","Riverdale, The Bronx",flood
R02251,"Traffic accident near Washington Heights, Manhattan, need immediate assistance","2 Penn Plaza, Midtown Manhattan, 2nd floor, Room 3",accident
R05871,HELP US!!! we are stuck in the flood prone area pls,"1 Edgewater Plaza, Staten Island, 3rd floor, Room 4",flood
R09356,"Street light is not working near Bushwick, Brooklyn","620 Atlantic Avenue, Brooklyn, 4th floor, Room 5",other
R05253,this builidng is collapsing ... send help,"300 Ashland Place, Downtown Brooklyn, 8th floor, Room 3",collapse
R06893,A person with a weapon is causing danger at Grand Concourse Tower 208,"861 Grand Concourse, The Bronx, 4th floor, Room 8",crime
R02900,"Accident!!! people hurt, call ambulance","27-01 Queens Plaza North, Long Island City, 4th floor, Room 8",accident
R03987,"Call 108 Penn Plaza Tower, 4th floor Room Room 2 send guys","2 Penn Plaza, Midtown Manhattan, 4th floor, Room 2",medical
R05485,Leave the building quickly,"111 Eighth Avenue, Chelsea, Manhattan, ground floor, Room 3",collapse
R00796,Queens Plaza Complex 1st floor is on flames.. send help ASAP,"27-01 Queens Plaza North, Long Island City, 1st floor, Room 5",fire
R03033,Someone got injured in a road accident at Atlantic Terminal 809,"620 Atlantic Avenue, Brooklyn, 8th floor, Room 10",accident
R01288,It will blasttt,"432 Park Avenue, Midtown Manhattan, 8th floor, Room 7",explosion
R06697,Call police come fast,"432 Park Avenue, Midtown Manhattan, 2nd floor, Room 2",crime
R00623,Fire save me,"432 Park Avenue, Midtown Manhattan, 8th floor, Room 8",fire
R03096,"Auto accident at Wall Street Tower, 7th floor, please help","88 Wall Street, Financial District, Manhattan, 7th floor, Room 1",accident
R05273,Go run fast. the building is collapsing,"Sunset Park, Brooklyn",collapse
R02215,Room 2! Fire!!!!! blast Edgewater Plaza 5th floor,"Greenwich Village, Manhattan",explosion
R00290,FIREEEEEE HELPPPPPPPP USSS OUTTTTTTTT. Edgewater Plaza !!! ...,"1 Edgewater Plaza, Staten Island, ground floor, Room 2",fire
R00291,FIREEEEEE HELPPPPPPPP USSS OUTTTTTTTT. Edgewater Plaza !!!,"1 Edgewater Plaza, Staten Island, 7th floor, Room 4",fire
R04116,Save meeeee save meeeee injured injured,"1 Edgewater Plaza, Staten Island, 1st floor, Room 1",medical
R06451,Please evacuate the lower floors of Queens Plaza Complex as soon as possible,"27-01 Queens Plaza North, Long Island City, 1st floor, Room 3",flood
R06056,Please evacuate the lower floors of Edgewater Plaza as soon as possible,"Sunset Park, Brooklyn",flood
R01025,bro fire ground floor,"88 Wall Street, Financial District, Manhattan, ground floor, Room 6",fire
R09182,A large tree has fallen across the road,"Washington Heights, Manhattan",other
R08973,Gas leakage here don't switch bulb on,"620 Atlantic Avenue, Brooklyn, ground floor, Room 1",other
R01602,Explosion in building run away.....,"Washington Heights, Manhattan",explosion
R09251,Road is blocked by a fallen tree near Penn Plaza Tower 7th floor,"2 Penn Plaza, Midtown Manhattan, 7th floor, Room 8",other
R09039,"Road is blocked by a fallen tree near MetroTech Center, 5th floor Room Room 7","15 MetroTech Center, Downtown Brooklyn, 5th floor, Room 7",other
R03642,"I have a medical emergency at Grand Concourse Tower, 5th floor Room 505","861 Grand Concourse, The Bronx, 5th floor, Room 5",medical
R06174,Helpppp i am drowning helpppp,"1 Edgewater Plaza, Staten Island, 1st floor, Room 1",flood
R06721,Call the emergency helpline number!,"432 Park Avenue, Midtown Manhattan, 4th floor, Room 5",crime
R03895,Please send an ambulance to Penn Plaza Tower 103 pls,"Morningside Heights, Manhattan",medical
R06667,Let's move to the higher ground.,"15 MetroTech Center, Downtown Brooklyn, 8th floor, Room 8",flood
R04197,"Call 108 Flushing, Queens send guys","Flushing, Queens",medical
R02015,"EXPLOSION 2nd floor, Grand Concourse Tower, HELP MEEE!","Washington Heights, Manhattan",explosion
R00766,Help there's fire in Wall Street Tower 5th floor help,"Sunset Park, Brooklyn",fire
R04762,Run under the table,"27-01 Queens Plaza North, Long Island City, 3rd floor, Room 11",collapse
R04023,Save meeeee save meeeee injured injured!!,"Park Slope, Brooklyn",medical
R03479,"Please send an ambulance to Ashland Place Tower, 6th floor Room 606","300 Ashland Place, Downtown Brooklyn, 6th floor, Room 6",medical
R03354,"Someone needs urgent medical help at Ashland Place Tower, 2nd floor Room Room 6!!!","300 Ashland Place, Downtown Brooklyn, 2nd floor, Room 6",medical
R04354,Doctor where is he,"861 Grand Concourse, The Bronx, 7th floor, Room 7",medical
R09730,Help mee,"Bushwick, Brooklyn",other
R07662,"Gunmen in. LIC Plaza main office, need immediate hlp","29-27 41st Avenue, Long Island City, 6th floor, Room 6",crime
R08906,"The lift stopped suddenly, people are inside","Greenwich Village, Manhattan",other
R05382,Run pls,"620 Atlantic Avenue, Brooklyn, 6th floor, Room 7",collapse
R00978,FIREEEEEE HELPPPPPPPP USSS OUTTTTTTTT. Queens Plaza Complex !!!,"27-01 Queens Plaza North, Long Island City, 6th floor, Room 6",fire
R09076,Run for your life,"Chinatown, Manhattan",other
R08921,"No electricity in LIC Plaza, please send maintenance","29-27 41st Avenue, Long Island City, 1st floor, Room 9",other
R06181,Stuck in a flood 7th floor Chelsea Heights,"450 West 33rd Street, Chelsea, Manhattan, 7th floor, Room 7",flood
R03059,"bike hit someone at LIC Plaza 2nd floor, please send help","29-27 41st Avenue, Long Island City, 2nd floor, Room 6",accident
R09188,Please send maintenance team to Atlantic Terminal,"620 Atlantic Avenue, Brooklyn, 6th floor, Room 9",other
R04971,Run under the table,"15 MetroTech Center, Downtown Brooklyn, ground floor, Room 4",collapse
R03628,"SOS I am having an attack!!!! Wall Street Tower, 5th floor Room 505","88 Wall Street, Financial District, Manhattan, 5th floor, Room 5",medical
R04243,Hospital!!! Emergency! Cash! Vehicle needed ...,"432 Park Avenue, Midtown Manhattan, 1st floor, Room 1",medical
R06428,Move to top floor pls,"432 Park Avenue, Midtown Manhattan, 7th floor, Room 8",flood
R04651,Building collapsing run run!!,"Sunset Park, Brooklyn",collapse
R02143,"Huge explosion at Ashland Place Tower, smoke everywhere","300 Ashland Place, Downtown Brooklyn, 6th floor, Room 1",explosion
R05482,"Part of the building has collapsed at Penn Plaza Tower, and students may need rescue.","2 Penn Plaza, Midtown Manhattan, 3rd floor, Room 3",collapse
R05033,Building has been collapsed!,"300 Ashland Place, Downtown Brooklyn, ground floor, Room 7",collapse
R00431,"Eighth Avenue Tower, 3rd floor FIREEEEEE HELP!!!","111 Eighth Avenue, Chelsea, Manhattan, 3rd floor, Room 12",fire
R01063,Call fire emergency!!!,"432 Park Avenue, Midtown Manhattan, 7th floor, Room 7",fire
R04090,Helpp it's medical emergency!!!,"450 West 33rd Street, Chelsea, Manhattan, 2nd floor, Room 2",medical
R00451,"MetroTech Center, 3rd floor Room 803 FIREEEEEE HELP","15 MetroTech Center, Downtown Brooklyn, 3rd floor, Room 3",fire
R05265,"Part of the building has collapsed at Edgewater Plaza, and students may need rescue.","Greenwich Village, Manhattan",collapse
R02288,"Car accident, people are injured, send help","Morningside Heights, Manhattan",accident
R04183,Helpp it's medical emergency,"111 Eighth Avenue, Chelsea, Manhattan, 4th floor, Room 8",medical
R02271,"Vehicle overturned near Midtown Tower, need rescue","432 Park Avenue, Midtown Manhattan, 7th floor, Room 4",accident
R03643,"Please send an ambulance to Midtown Tower, 5th floor Room 505","432 Park Avenue, Midtown Manhattan, 5th floor, Room 5",medical
R03615,"Someone needs urgent medical help at Edgewater Plaza, 4th floor Room 609","1 Edgewater Plaza, Staten Island, 4th floor, Room 9",medical
R01464,Explosion in building run away.....,"15 MetroTech Center, Downtown Brooklyn, 4th floor, Room 4",explosion
R05424,No wayyy building falling,"432 Park Avenue, Midtown Manhattan, 8th floor, Room 9",collapse
R00064,Firee fireee at Penn Plaza Tower saveee mee,"Bushwick, Brooklyn",fire
R01897,"MetroTech Center, 1st floor Room Room 2 Explosion","15 MetroTech Center, Downtown Brooklyn, 1st floor, Room 2",explosion
R02983,"Car accident, people are injured, send help 😭","29-27 41st Avenue, Long Island City, 5th floor, Room 7",accident
R06592,Helpppp i am drowning helpppp 😭,"450 West 33rd Street, Chelsea, Manhattan, 7th floor, Room 5",flood
R01922,Save us we are in Eighth Avenue Tower 1st floor,"111 Eighth Avenue, Chelsea, Manhattan, 1st floor, Room 3",explosion
R03658,"Open wound, and concussion emergency first aid and ambulance required ASAP!","1 Edgewater Plaza, Staten Island, 6th floor, Room 6",medical
R01667,"Huge explosion at MetroTech Center, smoke everywhere","15 MetroTech Center, Downtown Brooklyn, 6th floor, Room 6",explosion
R01346,Something exploded we need to run,"2 Penn Plaza, Midtown Manhattan, 1st floor, Room 1",explosion
R01917,Helpppp there is a huge explosion helpppp,"Chinatown, Manhattan",explosion
R07045,"Help, there's a robbery happening at the bank on Main Road, please contact the police.","111 Eighth Avenue, Chelsea, Manhattan, 3rd floor, Room 2",crime
R01676,"There's been an explosionnn at Bushwick, Brooklyn. Call the emergency services!","Bushwick, Brooklyn",explosion
R06492,Get to higher ground now!!,"432 Park Avenue, Midtown Manhattan, 2nd floor, Room 2",flood
R06072,Please evacuate the lower floors of Midtown Tower as soon as possible,"432 Park Avenue, Midtown Manhattan, 6th floor, Room 9",flood
R09296,Run for your life,"Riverdale, The Bronx",other
R01081,Help there is fire in Eighth Avenue Tower 5th floor help,"111 Eighth Avenue, Chelsea, Manhattan, 5th floor, Room 9",fire
R01436,Explosion in building run away.....,"Chinatown, Manhattan",explosion
R06987,"Someone is threatening people near Queens Plaza Complex, 3rd floor Room 602, call police","27-01 Queens Plaza North, Long Island City, 3rd floor, Room 2",crime
R02061,"explosionnn at 3rd floor, Ashland Place Tower Save!!!","Astoria, Queens",explosion
R00526,bro fire 3rd floor,"Flushing, Queens",fire
R00679,Call fire emergency,"15 MetroTech Center, Downtown Brooklyn, 5th floor, Room 2",fire
R06868,I am in dangerrr idk what to do,"620 Atlantic Avenue, Brooklyn, 4th floor, Room 4",crime
R04363,Call an ambulance! Call an ambulance!,"15 MetroTech Center, Downtown Brooklyn, 3rd floor, Room 8",medical
R07073,"Help me.. there's robbery near Washington Heights, Manhattan.","27-01 Queens Plaza North, Long Island City, 7th floor, Room 7",crime
R02728,Accident hereeee help fast,"111 Eighth Avenue, Chelsea, Manhattan, 2nd floor, Room 5",accident
R02716,Someone got injured in a road accident at Midtown Tower Room 8,"432 Park Avenue, Midtown Manhattan, 6th floor, Room 8",accident
R02322,"Accident!!! people hurt, call ambulance","Greenwich Village, Manhattan",accident
R00341,Eighth Avenue Tower 8th floor is on flames.. send help ASAP,"111 Eighth Avenue, Chelsea, Manhattan, 8th floor, Room 1",fire
R01768,"Explosion at 5th floor, Chelsea Heights Save!!!","Chinatown, Manhattan",explosion
R09542,Gas leakage here don't switch bulb on,"432 Park Avenue, Midtown Manhattan, 7th floor, Room 7",other
R04442,Call an ambulance! Call an ambulance!,"Riverdale, The Bronx",medical
R07600,"Bank robbery, help, 3rd floor Penn Plaza Tower","Bushwick, Brooklyn",crime
R06951,Call police come fast,"88 Wall Street, Financial District, Manhattan, 4th floor, Room 3",crime
R06766,"A person with a weapon is causing danger at MetroTech Center, ground floor Room G00","Washington Heights, Manhattan",crime
R04333,SOS I am having an attack!!!! LIC Plaza 307,"29-27 41st Avenue, Long Island City, 4th floor, Room 7",medical
R03516,Urgent help needed hereee!!,"300 Ashland Place, Downtown Brooklyn, 7th floor, Room 1",medical
R01339,"Explosion help , ground floor Penn Plaza Tower","2 Penn Plaza, Midtown Manhattan, ground floor, Room 8",explosion
R02258,"Someone got injured in a road accident at MetroTech Center, 8th floor Room Room 11","15 MetroTech Center, Downtown Brooklyn, 8th floor, Room 1",accident
R04709,SOS! BUILDING COLLAPSE! LOCATION SENT,"2 Penn Plaza, Midtown Manhattan, 3rd floor, Room 4",collapse
R02326,"Someone got injured in a road accident at LIC Plaza, 3rd floor, Room 607","29-27 41st Avenue, Long Island City, 3rd floor, Room 7",accident
R01802,"Explosion at ground floor, Midtown Tower Save!!! ASAP!!","Sunset Park, Brooklyn",explosion
R06523,"Flood situation in Bushwick, Brooklyn, need relief ASAP!! pls","620 Atlantic Avenue, Brooklyn, ground floor, Room 6",flood
R02284,"Traffic accident near Park Slope, Brooklyn, need immediate assistance","432 Park Avenue, Midtown Manhattan, 6th floor, Room 7",accident
R06137,Helpppp i am drowning helpppp ASAP!!,"Astoria, Queens",flood
R07223,"Armed robbery happening right now at the bank, call the police","300 Ashland Place, Downtown Brooklyn, 8th floor, Room 8",crime
R06498,"Water level rising rapidly near Park Slope, Brooklyn","1 Edgewater Plaza, Staten Island, 6th floor, Room 2",flood
R02899,"Crash happened outside Atlantic Terminal, send medical team","620 Atlantic Avenue, Brooklyn, 2nd floor, Room 8",accident
R06577,"Flood, I am stuck, save me!","300 Ashland Place, Downtown Brooklyn, 2nd floor, Room 4",flood
R03475,I have a medical emergency at Atlantic Terminal Room 3 ASAP!!,"Park Slope, Brooklyn",medical
R09032,"In case of gas leak, don't switch on the bulb","Flushing, Queens",other
R05759,Move to top floor,"432 Park Avenue, Midtown Manhattan, 5th floor, Room 12",flood
R09414,A large tree has fallen across the road ASAP!!,"Riverdale, The Bronx",other
R04060,"I think I'm dying, please help","Sunset Park, Brooklyn",medical
R06602,Flood. Help ..,"Riverdale, The Bronx",flood
R04927,The building has collapsed. Save me!,"27-01 Queens Plaza North, Long Island City, 3rd floor, Room 7",collapse
R02264,"A person got hit by a vehicle near Grand Concourse Tower, 5th floor Room Room 6!!","861 Grand Concourse, The Bronx, 5th floor, Room 6",accident
R07719,I am in dangerrr idk what to do,"620 Atlantic Avenue, Brooklyn, 8th floor, Room 4",crime
R09406,"Road is blocked by a fallen tree near Atlantic Terminal, 3rd floor, Room 703","620 Atlantic Avenue, Brooklyn, 3rd floor, Room 3",other
R00215,bro fire 1st floor,"27-01 Queens Plaza North, Long Island City, 1st floor, Room 12",fire
R00784,THIS IS NOT A DRILL. THERE'S A FIRE IN THE BUILDING. SEND HELP!,"Greenwich Village, Manhattan",fire
R04636,8th floor LIC Plaza building collapsed I’m stuck please help,"Riverdale, The Bronx",collapse
R08915,Run for your life,"Astoria, Queens",other
R09474,"Emergency situation at Penn Plaza Tower 509, pls send help","2 Penn Plaza, Midtown Manhattan, ground floor, Room 7",other
R00114,"Oh no, fire has started","432 Park Avenue, Midtown Manhattan, 7th floor, Room 3",fire
R00563,Fire!! 1st floor Chelsea Heights !!!! Room 8!! pls,"450 West 33rd Street, Chelsea, Manhattan, 4th floor, Room 8",fire
R05094,Building collapsing run run,"432 Park Avenue, Midtown Manhattan, 1st floor, Room 7",collapse
R04378,Urgent help needed hereee!!,"1 Edgewater Plaza, Staten Island, 3rd floor, Room 4",medical
R09584,A large tree has fallen across the road,"2 Penn Plaza, Midtown Manhattan, 3rd floor, Room 2",other
R06671,"Bomb blast Ashland Place Tower, 6th floor, Room 606. Save me","300 Ashland Place, Downtown Brooklyn, 6th floor, Room 6",crime
R09972,"Emergency situation at Wall Street Tower, 3rd floor Room Room 8, please send helpppp","88 Wall Street, Financial District, Manhattan, 3rd floor, Room 8",other
R03458,Call 108 fasttttt there is an emergency,"300 Ashland Place, Downtown Brooklyn, 8th floor, Room 3",medical
R09168,"There is a gas smell in the building, please check","29-27 41st Avenue, Long Island City, 1st floor, Room 5",other
R01307,Something exploded we need to run,"2 Penn Plaza, Midtown Manhattan, 5th floor, Room 3",explosion
R01706,Save us we are in Edgewater Plaza 2nd floor,"1 Edgewater Plaza, Staten Island, 2nd floor, Room 3",explosion
R07239,Call the emergency helpline number! ASAP!!,"Sunset Park, Brooklyn",crime
R02971,"Accident!!! people hurt, call ambulance","111 Eighth Avenue, Chelsea, Manhattan, 2nd floor, Room 9",accident
R00811,Help there is fire in Penn Plaza Tower 4th floor help,"2 Penn Plaza, Midtown Manhattan, 4th floor, Room 8",fire
R07428,"Gunmen in. LIC Plaza main office, need immediate hlp","29-27 41st Avenue, Long Island City, ground floor, Room 7",crime
R05546,No wayyy building falling,"620 Atlantic Avenue, Brooklyn, ground floor, Room 2",collapse
R02795,"Car accident, people are injured, send help ASAP!!","861 Grand Concourse, The Bronx, 1st floor, Room 1",accident
R05345,Oh no! The building! It's falling! pls,"88 Wall Street, Financial District, Manhattan, 2nd floor, Room 9",collapse
R04824,"Someone get me out, building collapsed","620 Atlantic Avenue, Brooklyn, 8th floor, Room 8",collapse
R09448,Water pipe burst near Midtown Tower,"Morningside Heights, Manhattan",other
R05358,Run,"300 Ashland Place, Downtown Brooklyn, 5th floor, Room 7",collapse
R00306,bro fire 6th floor,"Riverdale, The Bronx",fire
R00899,Fireeeeee helpppppp 😭,"620 Atlantic Avenue, Brooklyn, 6th floor, Room 6",fire
R05925,Get to higher ground now!!,"Greenwich Village, Manhattan",flood
R02676,"A vehicle crashed near Eighth Avenue Tower, 2nd floor","111 Eighth Avenue, Chelsea, Manhattan, 2nd floor, Room 1",accident
R05549,EVACUATE,"620 Atlantic Avenue, Brooklyn, 4th floor, Room 6",collapse
R00470,"Oh no, fire has started","Chinatown, Manhattan",fire
R03847,"Open wound, and concussion emergency first aid and ambulance required ASAP!","Bushwick, Brooklyn",medical
R06858,A person with a weapon is causing danger at Penn Plaza Tower 804,"Morningside Heights, Manhattan",crime
R05890,Let's move to the higher ground.,"15 MetroTech Center, Downtown Brooklyn, ground floor, Room 11",flood
R01304,"Edgewater Plaza, 6th floor Room 606 Explosion","1 Edgewater Plaza, Staten Island, 6th floor, Room 6",explosion
R09154,A large tree has fallen across the road,"432 Park Avenue, Midtown Manhattan, 8th floor, Room 6",other
R05509,No wayyy building falling,"450 West 33rd Street, Chelsea, Manhattan, 3rd floor, Room 2",collapse
R02256,"A person got hit by a vehicle near Midtown Tower, ground floor Room G00","432 Park Avenue, Midtown Manhattan, ground floor, Room 1",accident
R03158,"Traffic accident near Sunset Park, Brooklyn, need immediate assistance","1 Edgewater Plaza, Staten Island, ground floor, Room 7",accident
R00937,Edgewater Plaza 3rd floor is on flames.. send help ASAP,"1 Edgewater Plaza, Staten Island, 3rd floor, Room 2",fire
R02448,Accident hereeee help fast,"861 Grand Concourse, The Bronx, 5th floor, Room 1",accident
R01488,702! Fire!!!!! blast LIC Plaza 4th floor,"Morningside Heights, Manhattan",explosion
R04792,The building has collapsed. Save me!,"Morningside Heights, Manhattan",collapse
R01839,Explosion in building run away.....,"15 MetroTech Center, Downtown Brooklyn, 4th floor, Room 4",explosion
R02911,"bike hit someone at Chinatown, Manhattan, please send help","Chinatown, Manhattan",accident
R07775,"Catch the criminal, close the gates pls","300 Ashland Place, Downtown Brooklyn, 6th floor, Room 12",crime
R03839,"Chest pain, LIC Plaza need to go to the hospital fast","432 Park Avenue, Midtown Manhattan, 1st floor, Room 1",medical
R04779,"Part of the building has collapsed at Atlantic Terminal, and students may need rescue.","Riverdale, The Bronx",collapse
R02660,Accident hereeee help fast,"620 Atlantic Avenue, Brooklyn, ground floor, Room 5",accident
R06912,"Help, there is a robbery happening at the bank on Main Road, pls contact the police.","27-01 Queens Plaza North, Long Island City, 7th floor, Room 2",crime
R09186,"There is a gas smell in the building, please check","1 Edgewater Plaza, Staten Island, 4th floor, Room 4",other
R01733,"Huge explosion at Edgewater Plaza, smoke everywhere","1 Edgewater Plaza, Staten Island, 6th floor, Room 2",explosion
R05565,Flood. Help ..,"Bushwick, Brooklyn",flood
R04368,Call 108 fasttttt there is an emergency,"Astoria, Queens",medical
R04774,Queens Plaza Complex under shreds! Building collapse!!,"27-01 Queens Plaza North, Long Island City, 5th floor, Room 1",collapse
R04619,this builidng is collapsing ... send help,"Park Slope, Brooklyn",collapse
R08993,Water pipe burst near Chelsea Heights,"Morningside Heights, Manhattan",other
R00233,Stay away there's a fire!!,"861 Grand Concourse, The Bronx, 6th floor, Room 6",fire
R01640,Room 7! Fire!!!!! blast Penn Plaza Tower 2nd floor,"Sunset Park, Brooklyn",explosion
R06406,TAKE HIGH GROUND flood,"27-01 Queens Plaza North, Long Island City, ground floor, Room 1",flood
R03166,"Road accident near Queens Plaza Complex, ambulance needed","27-01 Queens Plaza North, Long Island City, 1st floor, Room 2",accident
R07160,I am in dangerrr idk what to do,"861 Grand Concourse, The Bronx, 1st floor, Room 1",crime
R00427,Help!!!!! fire here,"Flushing, Queens",fire
R07410,"there is a man with black mask and gun in the bank, please help","450 West 33rd Street, Chelsea, Manhattan, 8th floor, Room 8",crime
R09305,"Something unusual is happening near Queens Plaza Complex, ground floor Room G00, please check","27-01 Queens Plaza North, Long Island City, ground floor, Room 6",other
R07442,police come fast,"15 MetroTech Center, Downtown Brooklyn, 5th floor, Room 5",crime
R04840,"Someone get me out, building collapsed","29-27 41st Avenue, Long Island City, 6th floor, Room 5",collapse
R01910,Loud sound. Was that a bomb? ASAP!!,"300 Ashland Place, Downtown Brooklyn, 4th floor, Room 3",explosion
R02427,"A vehicle crashed near Wall Street Tower, 1st floor Room 502","88 Wall Street, Financial District, Manhattan, 1st floor, Room 2",accident
R04449,The building has collapsed. Save me!,"15 MetroTech Center, Downtown Brooklyn, 4th floor, Room 4",collapse
R02346,"Road accident near Penn Plaza Tower, ambulance needed","2 Penn Plaza, Midtown Manhattan, ground floor, Room 7",accident
R06937,"Catch the criminal, close the gates","88 Wall Street, Financial District, Manhattan, 7th floor, Room 2",crime
R04522,Run,"27-01 Queens Plaza North, Long Island City, 4th floor, Room 4",collapse
R01631,"Chelsea Heights, 4th floor, Room 803 Explosion","450 West 33rd Street, Chelsea, Manhattan, 4th floor, Room 3",explosion
R06171,Please evacuate the lower floors of Midtown Tower as soon as possible,"432 Park Avenue, Midtown Manhattan, 5th floor, Room 4",flood
R05663,HELP US!!! we are stuck in the flood prone area,"450 West 33rd Street, Chelsea, Manhattan, 3rd floor, Room 1",flood
R05678,Helpppp i am drowning helpppp,"Greenwich Village, Manhattan",flood
R01848,MetroTech Center 306 Explosion,"15 MetroTech Center, Downtown Brooklyn, 7th floor, Room 7",explosion
R07584,"Armed robbery happening right now at the bank, call the police","Flushing, Queens",crime
R09535,Help mee,"15 MetroTech Center, Downtown Brooklyn, 3rd floor, Room 3",other
R02128,"Huge explosion at LIC Plaza, smoke everywhere","29-27 41st Avenue, Long Island City, 3rd floor, Room 1",explosion
R00867,THIS IS NOT A DRILL. THERE'S A FIRE IN THE BUILDING. SEND HELP!!!,"861 Grand Concourse, The Bronx, 7th floor, Room 4",fire
R00287,Midtown Tower: help mee fire fire fire ...,"Bushwick, Brooklyn",fire
R07321,"Someone is threatening people near Chelsea Heights, 7th floor Room Room 12, call police","450 West 33rd Street, Chelsea, Manhattan, 7th floor, Room 2",crime
R09472,"The lift stopped suddenly, people are inside","861 Grand Concourse, The Bronx, 5th floor, Room 5",other
R03072,"Someone got injured in a road accident at Atlantic Terminal, 6th floor Room Room 9","620 Atlantic Avenue, Brooklyn, 6th floor, Room 9",accident
R03116,"Auto accident at LIC Plaza, 8th floor Room 807, please helpppp","Washington Heights, Manhattan",accident
R06867,"Gunmen in. Ashland Place Tower main office, need immediate hlp","300 Ashland Place, Downtown Brooklyn, 1st floor, Room 1",crime
R00596,Fire save me,"29-27 41st Avenue, Long Island City, 2nd floor, Room 3",fire
R01263,"Explosion help , 2nd floor Midtown Tower","Astoria, Queens",explosion
R00951,THIS IS NOT A DRILL. THERE'S A FIRE IN THE BUILDING. SEND HELP! 😭,"1 Edgewater Plaza, Staten Island, ground floor, Room 4",fire
R04277,"Open wound, and concussion emergency first aid and ambulance required ASAP!","111 Eighth Avenue, Chelsea, Manhattan, 4th floor, Room 4",medical
R09865,A large tree has fallen across the road,"300 Ashland Place, Downtown Brooklyn, 6th floor, Room 7",other
R05039,"Part of the building has collapsed at Midtown Tower, and students may need rescue.","432 Park Avenue, Midtown Manhattan, 5th floor, Room 12",collapse
R02929,"Road accident near Grand Concourse Tower, ambulance needed","Greenwich Village, Manhattan",accident
R09493,"Emergency situation, pls send help immediately","620 Atlantic Avenue, Brooklyn, 5th floor, Room 5",other
R01320,Helpppp there is a huge explosion helpppp,"111 Eighth Avenue, Chelsea, Manhattan, 8th floor, Room 4",explosion
R03058,"Two vehicles collided, Chelsea Heights, 2nd floor Room 107","450 West 33rd Street, Chelsea, Manhattan, 2nd floor, Room 7",accident
R03098,"Accident!!! people hurt, call ambulance","1 Edgewater Plaza, Staten Island, ground floor, Room 2",accident
R07229,Call the police right now!!,"15 MetroTech Center, Downtown Brooklyn, 8th floor, Room 6",crime
R04906,"Someone get me out, building collapsed","861 Grand Concourse, The Bronx, 8th floor, Room 4",collapse
R09143,The lift has stopped working. Save me!,"450 West 33rd Street, Chelsea, Manhattan, 5th floor, Room 7",other
R00898,Grand Concourse Tower 2nd floor is on flames.. send help ASAP,"861 Grand Concourse, The Bronx, 2nd floor, Room 9",fire
R09101,Gas leakage here don't switch bulb on,"111 Eighth Avenue, Chelsea, Manhattan, 7th floor, Room 9",other
R09223,Gas leakage here don't switch bulb on,"Flushing, Queens",other
R03261,"Major accident at Queens Plaza Complex, 6th floor Room 207, need help","27-01 Queens Plaza North, Long Island City, 6th floor, Room 7",accident
R06839,"Bomb blast Ashland Place Tower, 6th floor Room 109. Save me","Riverdale, The Bronx",crime
R09814,The lift has stopped working. Save me!,"Chinatown, Manhattan",other
R06030,TAKE HIGH GROUND flood,"2 Penn Plaza, Midtown Manhattan, 8th floor, Room 8",flood
R00673,bro fire 2nd floor,"2 Penn Plaza, Midtown Manhattan, 2nd floor, Room 2",fire
R03467,Save meeeee save meeeee injured injured pls,"Washington Heights, Manhattan",medical
R06753,Call police come fast,"88 Wall Street, Financial District, Manhattan, 7th floor, Room 8",crime
R01580,Chelsea Heights: something exploded nearby helpppp,"450 West 33rd Street, Chelsea, Manhattan, ground floor, Room 8",explosion
R05710,Water everywhere help me,"450 West 33rd Street, Chelsea, Manhattan, 5th floor, Room 5",flood
R00843,AHHHHHHHH,"2 Penn Plaza, Midtown Manhattan, 5th floor, Room 5",fire
R04560,Go run fast. the building is collapsing,"15 MetroTech Center, Downtown Brooklyn, 5th floor, Room 1",collapse
R01286,"Explosion at 5th floor, MetroTech Center Save!!!","Greenwich Village, Manhattan",explosion
R05070,LIC Plaza under shreds! Building collapse!!,"29-27 41st Avenue, Long Island City, 2nd floor, Room 7",collapse
R02740,"bike hit someone at Wall Street Tower, 6th floor Room 606, please send help 😭","88 Wall Street, Financial District, Manhattan, 6th floor, Room 6",accident
R00128,Save me I am trapped in fire,"29-27 41st Avenue, Long Island City, 5th floor, Room 1",fire
R09457,Water pipe burst near Wall Street Tower,"88 Wall Street, Financial District, Manhattan, 2nd floor, Room 2",other
R04325,"Open wound, and concussion emergency first aid and ambulance required ASAP!","Washington Heights, Manhattan",medical
R05682,flood has come,"1 Edgewater Plaza, Staten Island, 7th floor, Room 2",flood
R07271,"there is a man with black mask and gun in the bank, please help","15 MetroTech Center, Downtown Brooklyn, 1st floor, Room 12",crime
R09853,Please send maintenance team to Edgewater Plaza!!,"1 Edgewater Plaza, Staten Island, 7th floor, Room 8",other
R04594,EVACUATE,"Flushing, Queens",collapse
R05062,"Someone get me out, building collapsed","1 Edgewater Plaza, Staten Island, 1st floor, Room 11",collapse
R09482,"Something unusual is happening near Chelsea Heights, 2nd floor Room 101, please check","Morningside Heights, Manhattan",other
R03830,Hospital emergency. Help,"Greenwich Village, Manhattan",medical
R02330,"Car accident, people are injured, send help","2 Penn Plaza, Midtown Manhattan, 2nd floor, Room 3",accident
R03168,"Auto accident at MetroTech Center, 6th floor, Room Room 9, please helpppp","15 MetroTech Center, Downtown Brooklyn, 6th floor, Room 9",accident
R07689,"there is a man with black mask and gun in the bank, please help","1 Edgewater Plaza, Staten Island, 3rd floor, Room 2",crime
R04766,Go run fast. the building is collapsing,"2 Penn Plaza, Midtown Manhattan, 6th floor, Room 6",collapse
R04399,Urgent help needed hereee!!,"111 Eighth Avenue, Chelsea, Manhattan, ground floor, Room 7",medical
R03329,Bike and car collided near Wall Street Tower ground floor,"Washington Heights, Manhattan",accident
R07473,"Bank robbery, help, 1st floor Queens Plaza Complex","27-01 Queens Plaza North, Long Island City, 1st floor, Room 4",crime
R04110,"I think I'm dying, please help","1 Edgewater Plaza, Staten Island, 6th floor, Room 7",medical
R08936,"Road is blocked by a fallen tree near MetroTech Center, 6th floor, Room 202!!","15 MetroTech Center, Downtown Brooklyn, 6th floor, Room 2",other
R01949,Loud sound. Was that a bomb? pls,"450 West 33rd Street, Chelsea, Manhattan, 2nd floor, Room 6",explosion
R05583,HELP US!!! we are stuck in the flood prone area,"Bushwick, Brooklyn",flood
R02597,"There has been an accident at Penn Plaza Tower, 3rd floor Room 303, emergency help needed","2 Penn Plaza, Midtown Manhattan, 3rd floor, Room 3",accident
R06475,HELP US!!! we are stuck in the flood prone area,"1 Edgewater Plaza, Staten Island, ground floor, Room 8",flood
R09735,Please send maintenance team to MetroTech Center,"Astoria, Queens",other
R07358,I am in dangerrr idk what to do,"300 Ashland Place, Downtown Brooklyn, 7th floor, Room 7",crime
R06450,"The ground is flooded, send help, lifeboat and first aid","432 Park Avenue, Midtown Manhattan, 1st floor, Room 3",flood
R05221,Building collapsing run run,"15 MetroTech Center, Downtown Brooklyn, 7th floor, Room 6",collapse
R06666,flood has come,"88 Wall Street, Financial District, Manhattan, 7th floor, Room 7",flood
R08935,"Emergency situation, please send help immediately 😭","Park Slope, Brooklyn",other
R02246,Accident hereeee help fast,"Astoria, Queens",accident
R04769,Run,"27-01 Queens Plaza North, Long Island City, 8th floor, Room 6",collapse
R07301,"Something serious is happening here, hurry ASAP!!","Morningside Heights, Manhattan",crime
R07752,"Crime happening here, need police immediately","29-27 41st Avenue, Long Island City, ground floor, Room 1",crime
R09921,Please send maintenance team to Queens Plaza Complex,"Park Slope, Brooklyn",other
R02843,"Vehicle overturned near Edgewater Plaza, need rescue","1 Edgewater Plaza, Staten Island, 8th floor, Room 8",accident
R02467,"Major accident at Queens Plaza Complex 8th floor, need help","27-01 Queens Plaza North, Long Island City, 8th floor, Room 2",accident
R01629,There has been an explosion in MetroTech Center there fire everywhere help,"15 MetroTech Center, Downtown Brooklyn, 7th floor, Room 7",explosion
R02648,"Two vehicles collided, Queens Plaza Complex, 6th floor Room 309","Washington Heights, Manhattan",accident
R03754,Call 108 fasttttt there is an emergency,"Park Slope, Brooklyn",medical
R04362,"Call 108 Atlantic Terminal, 2nd floor Room 202 send guys","620 Atlantic Avenue, Brooklyn, 2nd floor, Room 2",medical
R03606,"Open wound, and concussion emergency first aid and ambulance required ASAP!","15 MetroTech Center, Downtown Brooklyn, 2nd floor, Room 2",medical
R00251,Fire!! 1st floor Queens Plaza Complex !!!! 404!!,"27-01 Queens Plaza North, Long Island City, 4th floor, Room 12",fire
R06830,"Bank robbery, help, 8th floor MetroTech Center","Park Slope, Brooklyn",crime
R06371,Helpppp i am drowning helpppp,"300 Ashland Place, Downtown Brooklyn, 7th floor, Room 12",flood
R00342,Call fire emergency,"27-01 Queens Plaza North, Long Island City, 6th floor, Room 2",fire
R04087,"Someone needs urgent medical helpppp at Eighth Avenue Tower, 1st floor Room Room 5","111 Eighth Avenue, Chelsea, Manhattan, 1st floor, Room 5",medical
R00388,Fire save me,"620 Atlantic Avenue, Brooklyn, 4th floor, Room 3",fire
R02072,"LIC Plaza, 6th floor Room Room 12 Explosion","Park Slope, Brooklyn",explosion
R01113,"Chinatown, Manhattan Explosion","Chinatown, Manhattan",explosion
R04289,"Chest pain, LIC Plaza need to go to the hospital fast","Greenwich Village, Manhattan",medical
R06074,Move to safe area,"Greenwich Village, Manhattan",flood
R05211,"Building collapsed of MetroTech Center, need help","15 MetroTech Center, Downtown Brooklyn, 4th floor, Room 4",collapse
R03091,"Two vehicles collided, Edgewater Plaza Room 1","1 Edgewater Plaza, Staten Island, 7th floor, Room 1",accident
R07145,"A person with a weapon is causing danger at Midtown Tower, 6th floor Room 209","432 Park Avenue, Midtown Manhattan, 6th floor, Room 9",crime
R05100,Oh no! The building! It's falling!,"432 Park Avenue, Midtown Manhattan, 2nd floor, Room 2",collapse
R01009,Help there is fire in Grand Concourse Tower 1st floor help,"861 Grand Concourse, The Bronx, 1st floor, Room 2",fire
R02252,"Crash happened outside Penn Plaza Tower, send medical team","2 Penn Plaza, Midtown Manhattan, 6th floor, Room 6",accident
R00502,Fireeeeee helpppppp,"1 Edgewater Plaza, Staten Island, 8th floor, Room 8",fire
R00056,Fire save me,"432 Park Avenue, Midtown Manhattan, 4th floor, Room 3",fire
R07346,"A person with a weapon is causing danger at Grand Concourse Tower, ground floor, Room G00","861 Grand Concourse, The Bronx, ground floor, Room 3",crime
R02348,"Vehicle overturned near Chelsea Heights, need rescue","450 West 33rd Street, Chelsea, Manhattan, 6th floor, Room 9",accident
R06791,"Gunmen in. MetroTech Center main office, need immediate hlp","Chinatown, Manhattan",crime
R09174,A large tree has fallen across the road,"300 Ashland Place, Downtown Brooklyn, 2nd floor, Room 2",other
R03425,"Please send an ambulance to Grand Concourse Tower, 6th floor Room 606 ...","Astoria, Queens",medical
R06415,Stuck in a flood 5th floor Grand Concourse Tower 😭,"861 Grand Concourse, The Bronx, 5th floor, Room 5",flood
R01842,"Huge explosion at LIC Plaza, smoke everywhere","29-27 41st Avenue, Long Island City, 1st floor, Room 1",explosion
R09526,Lift is stuck between floors at LIC Plaza,"29-27 41st Avenue, Long Island City, ground floor, Room 4",other
R03802,Call ambulance,"Park Slope, Brooklyn",medical
R02754,"Car accident, people are injured, send help","Washington Heights, Manhattan",accident
R04649,Building collapsing run run,"2 Penn Plaza, Midtown Manhattan, 2nd floor, Room 2",collapse
R06562,there is a flood in our hostel rn. help,"Chinatown, Manhattan",flood
R04249,"I think I'm dying, please help","620 Atlantic Avenue, Brooklyn, 2nd floor, Room 2",medical
R03488,Call hospital fast pls,"620 Atlantic Avenue, Brooklyn, 5th floor, Room 5",medical
R01878,"There's been an explosion at Wall Street Tower, 8th floor, Room 808. Call the emergency services!","88 Wall Street, Financial District, Manhattan, 8th floor, Room 8",explosion
R05476,EVACUATE,"29-27 41st Avenue, Long Island City, ground floor, Room 5",collapse
R03774,I need urgent medical help please,"Park Slope, Brooklyn",medical
R00367,Fireeeeee helpppppp,"1 Edgewater Plaza, Staten Island, 1st floor, Room 8",fire
R07379,"A person with a weapon is causing danger at Atlantic Terminal, ground floor Room 207","620 Atlantic Avenue, Brooklyn, ground floor, Room 7",crime
R06901,Call police come fast,"Riverdale, The Bronx",crime
R03052,"Vehicle overturned near Eighth Avenue Tower, need rescue","111 Eighth Avenue, Chelsea, Manhattan, 7th floor, Room 7",accident
R09435,Water pipe burst near Queens Plaza Complex!!,"27-01 Queens Plaza North, Long Island City, 2nd floor, Room 5",other
R04505,"Building collapsed of Edgewater Plaza, need help","Astoria, Queens",collapse
R03746,"Please send an ambulance to Grand Concourse Tower, 5th floor, Room 503","861 Grand Concourse, The Bronx, 5th floor, Room 3",medical
R06613,Please evacuate the lower floors of Ashland Place Tower as soon as possible 😭,"300 Ashland Place, Downtown Brooklyn, 3rd floor, Room 1",flood
R01685,"Explosion help , 8th floor Wall Street Tower","88 Wall Street, Financial District, Manhattan, 8th floor, Room 6",explosion
R02539,"Someone got injured in a road accident at Penn Plaza Tower, 4th floor Room 404","2 Penn Plaza, Midtown Manhattan, 4th floor, Room 4",accident
R06559,Get to higher ground now!!,"Greenwich Village, Manhattan",flood
R00965,Help!!!!! fire here,"29-27 41st Avenue, Long Island City, 7th floor, Room 3",fire
R02507,"Road accident near Edgewater Plaza, ambulance needed","1 Edgewater Plaza, Staten Island, ground floor, Room 2",accident
R01392,"Quickly save us from explosion, 7th floor, Midtown Tower","432 Park Avenue, Midtown Manhattan, 7th floor, Room 7",explosion
R06225,Water everywhere help me,"15 MetroTech Center, Downtown Brooklyn, 6th floor, Room 7",flood
R09844,"Something unusual is happening near Eighth Avenue Tower, 3rd floor Room 303, please check","111 Eighth Avenue, Chelsea, Manhattan, 3rd floor, Room 3",other
R05604,Flood. Help ..,"27-01 Queens Plaza North, Long Island City, ground floor, Room 5",flood
R06703,"A person with a weapon is causing danger at Wall Street Tower, ground floor Room 209","88 Wall Street, Financial District, Manhattan, ground floor, Room 9",crime
R00278,Fireeeeee helpppppp,"300 Ashland Place, Downtown Brooklyn, 1st floor, Room 1",fire
R09409,Help mee!!,"Flushing, Queens",other
R04364,"SOS I am having an attack!!!! Wall Street Tower, 1st floor Room 101","Astoria, Queens",medical
R06628,"The ground is flooded, send helpppp, lifeboat and first aid","620 Atlantic Avenue, Brooklyn, 1st floor, Room 7",flood
R01185,Explosion in building run away.....,"Chinatown, Manhattan",explosion
R04057,"Chest pain, LIC Plaza need to go to the hospital fast 😭","27-01 Queens Plaza North, Long Island City, 6th floor, Room 2",medical
R07444,Somebody please call 112 there is a crime going on,"432 Park Avenue, Midtown Manhattan, 5th floor, Room 5",crime
R05078,Oh no! The building! It's falling!,"861 Grand Concourse, The Bronx, 1st floor, Room 2",collapse
R09399,"There is a gas smell in the building, please check!!","27-01 Queens Plaza North, Long Island City, 1st floor, Room 4",other
R03019,"Crash happened outside Queens Plaza Complex, send medical team","27-01 Queens Plaza North, Long Island City, 1st floor, Room 1",accident
R04797,Hellllppppppp!!!! This building is falling!!,"29-27 41st Avenue, Long Island City, 6th floor, Room 10",collapse
R07312,police come fast,"Riverdale, The Bronx",crime
R03844,"I think I'm dying, please help","432 Park Avenue, Midtown Manhattan, 5th floor, Room 5",medical
R07158,police come fast,"300 Ashland Place, Downtown Brooklyn, ground floor, Room 1",crime
R02717,A vehicle crashed near Wall Street Tower 808,"88 Wall Street, Financial District, Manhattan, 8th floor, Room 6",accident
R07299,Call police come fast,"2 Penn Plaza, Midtown Manhattan, 6th floor, Room 1",crime
R09720,The lift has stopped working. Save me!,"Washington Heights, Manhattan",other
R07585,"Help, there is a robbery happening at the bank on Main Road, please contact the police.","861 Grand Concourse, The Bronx, 7th floor, Room 2",crime
R02517,"Traffic accident near Astoria, Queens, need immediate assistance","1 Edgewater Plaza, Staten Island, 8th floor, Room 7",accident
R09284,Power is gone and people are stuck in the lift,"15 MetroTech Center, Downtown Brooklyn, 6th floor, Room 6",other
R07490,"Bomb blast Flushing, Queens. Save me","Flushing, Queens",crime
R00480,Fire save me,"Morningside Heights, Manhattan",fire
R05614,Helpppp i am drowning helpppp,"Greenwich Village, Manhattan",flood
R03430,"Chest pain, LIC Plaza need to go to the hospital fast","29-27 41st Avenue, Long Island City, 2nd floor, Room 2",medical
R04535,Hellllppppppp!!!! This building is falling!!!!,"2 Penn Plaza, Midtown Manhattan, 3rd floor, Room 3",collapse
R03155,"There has been an accident at Eighth Avenue Tower, 7th floor Room 707, emergency helpppp needed","111 Eighth Avenue, Chelsea, Manhattan, 7th floor, Room 7",accident
R03403,Call 108 fasttttt there is an emergency,"2 Penn Plaza, Midtown Manhattan, 4th floor, Room 9",medical
R04601,"Part of the building has collapsed at MetroTech Center, and students may need rescue.","15 MetroTech Center, Downtown Brooklyn, 1st floor, Room 8",collapse
R03465,"Chest pain, LIC Plaza need to go to the hospital fast","Flushing, Queens",medical
R06146,Let's move to the higher ground.,"450 West 33rd Street, Chelsea, Manhattan, 2nd floor, Room 2",flood
R09869,Gas leakage here don't switch bulb on,"29-27 41st Avenue, Long Island City, 4th floor, Room 1",other
R09476,"There is a gas smell in the building, pls check","29-27 41st Avenue, Long Island City, 7th floor, Room 9",other
R09090,Gas leakage here don't switch bulb on,"Riverdale, The Bronx",other
R04733,Oh no! The building! It's falling!,"620 Atlantic Avenue, Brooklyn, 4th floor, Room 4",collapse
R07750,Somebody please call 112 there is a crime going on,"Park Slope, Brooklyn",crime
R03480,Call ambulance,"Chinatown, Manhattan",medical
R07672,Call the emergency helpline number!,"Park Slope, Brooklyn",crime
R00469,"Fire on 1st floor Eighth Avenue Tower, please send help immediately","111 Eighth Avenue, Chelsea, Manhattan, 1st floor, Room 1",fire
R02343,"Traffic accident near Flushing, Queens, need immediate assistance","450 West 33rd Street, Chelsea, Manhattan, 2nd floor, Room 2",accident
R05292,2nd floor MetroTech Center building collapsed I’m stuck please help,"15 MetroTech Center, Downtown Brooklyn, 2nd floor, Room 2",collapse
R01416,Room 6! Fire!!!!! blast Atlantic Terminal 3rd floor,"620 Atlantic Avenue, Brooklyn, 3rd floor, Room 6",explosion
R00795,Help!!!!! fire here,"300 Ashland Place, Downtown Brooklyn, 6th floor, Room 9",fire
R03209,Accident hereeee help fast,"432 Park Avenue, Midtown Manhattan, 3rd floor, Room 3",accident
R05552,No wayyy building falling,"Flushing, Queens",collapse
R01912,Loud sound. Was that a bomb?,"29-27 41st Avenue, Long Island City, ground floor, Room 5",explosion
R07713,"Crime happening here, need police immediately","88 Wall Street, Financial District, Manhattan, 5th floor, Room 5",crime
R00354,Edgewater Plaza: help mee fire fire fire!!,"1 Edgewater Plaza, Staten Island, 7th floor, Room 6",fire
R05599,HELP US!!! we are stuck in the flood prone area,"29-27 41st Avenue, Long Island City, 6th floor, Room 9",flood
R05566,Let's move to the higher ground.,"861 Grand Concourse, The Bronx, 4th floor, Room 8",flood
R04481,The building has collapsed. Save me!,"300 Ashland Place, Downtown Brooklyn, 2nd floor, Room 2",collapse
R04494,Go run fast. the building is collapsing,"432 Park Avenue, Midtown Manhattan, 7th floor, Room 7",collapse
R02644,"Car accident, people are injured, send help","88 Wall Street, Financial District, Manhattan, 3rd floor, Room 3",accident
R01832,Helpppp there is a huge explosion helpppp!!,"450 West 33rd Street, Chelsea, Manhattan, 8th floor, Room 8",explosion
R03352,Call an ambulance! Call an ambulance!,"27-01 Queens Plaza North, Long Island City, 7th floor, Room 3",medical
R03688,"Chest pain, LIC Plaza need to go to the hospital fast","2 Penn Plaza, Midtown Manhattan, 8th floor, Room 5",medical
R03336,Call 108 fasttttt there is an emergency,"300 Ashland Place, Downtown Brooklyn, 6th floor, Room 6",medical
R03330,"A vehicle crashed near Wall Street Tower, 6th floor Room Room 5","88 Wall Street, Financial District, Manhattan, 6th floor, Room 5",accident
R07049,police come fast,"111 Eighth Avenue, Chelsea, Manhattan, 2nd floor, Room 1",crime
R03200,Bike and car collided near Eighth Avenue Tower 4th floor,"111 Eighth Avenue, Chelsea, Manhattan, 4th floor, Room 8",accident
R08910,"Emergency situation at Edgewater Plaza, 6th floor Room 606, please send help","1 Edgewater Plaza, Staten Island, 6th floor, Room 6",other
R06889,Bomb blast Chelsea Heights 101. Save me,"450 West 33rd Street, Chelsea, Manhattan, 1st floor, Room 1",crime
R05729,Stuck in a flood 8th floor MetroTech Center,"Washington Heights, Manhattan",flood
R05815,"Flood water is entering the ground floor of Ashland Place Tower, please send help immediately","Sunset Park, Brooklyn",flood
R02916,"Accident!!! people hurt, call ambulance","432 Park Avenue, Midtown Manhattan, 4th floor, Room 4",accident
R07120,"Bomb blast Park Slope, Brooklyn. Save me!!","Park Slope, Brooklyn",crime
R02071,Something exploded we need to run,"Chinatown, Manhattan",explosion
R08990,"There is a gas smell in the building, please check","Bushwick, Brooklyn",other
R07369,Bomb blast Atlantic Terminal 1st floor. Save me,"620 Atlantic Avenue, Brooklyn, 1st floor, Room 7",crime
R09004,A large tree has fallen across the road,"88 Wall Street, Financial District, Manhattan, 4th floor, Room 8",other
R06229,"Flood water is entering the ground floor of LIC Plaza, please send help immediately","Flushing, Queens",flood
R03950,Someone needs urgent medical help at Eighth Avenue Tower Room 2 ...,"Bushwick, Brooklyn",medical
R01530,"EXPLOSION 5th floor, Midtown Tower, HELP MEEE!","Flushing, Queens",explosion
R02826,"A person got hit by a vehicle near Wall Street Tower, 5th floor Room 505","Sunset Park, Brooklyn",accident
R09496,"No electricity in Atlantic Terminal, please send maintenance","620 Atlantic Avenue, Brooklyn, 7th floor, Room 3",other
R00302,Call fire emergency,"Bushwick, Brooklyn",fire
R09510,Please send maintenance team to Grand Concourse Tower,"861 Grand Concourse, The Bronx, 5th floor, Room 7",other
R08980,"Something unusual is happening near Grand Concourse Tower, 2nd floor Room 202, please check","Morningside Heights, Manhattan",other
R03537,I have a medical emergency at Penn Plaza Tower 202,"2 Penn Plaza, Midtown Manhattan, 2nd floor, Room 2",medical
R04614,this builidng is collapsing ... send help,"111 Eighth Avenue, Chelsea, Manhattan, 6th floor, Room 6",collapse
R04438,Call ambulance,"Park Slope, Brooklyn",medical
R04569,Go run fast. the building is collapsing,"Morningside Heights, Manhattan",collapse
R06962,Am I that unlucky,"1 Edgewater Plaza, Staten Island, 4th floor, Room 4",crime
R09107,Power is gone and people are stuck in the lift,"Park Slope, Brooklyn",other
R09277,Run for your life,"1 Edgewater Plaza, Staten Island, 4th floor, Room 9",other
R00248,"Fire on 2nd floor Chelsea Heights, please send help immediately","450 West 33rd Street, Chelsea, Manhattan, 2nd floor, Room 9",fire
R03442,Doctor where is he,"Bushwick, Brooklyn",medical
R00308,FIRE. HELP!!!!! Ashland Place Tower 505,"300 Ashland Place, Downtown Brooklyn, 5th floor, Room 9",fire
R02227,"Vehicle overturned near Wall Street Tower, need rescue","88 Wall Street, Financial District, Manhattan, 3rd floor, Room 3",accident
R02356,"Two vehicles collided, Eighth Avenue Tower, 3rd floor Room 105","111 Eighth Avenue, Chelsea, Manhattan, 3rd floor, Room 5",accident
R07776,"Bomb blast Atlantic Terminal, 4th floor Room 404. Save me","620 Atlantic Avenue, Brooklyn, 4th floor, Room 4",crime
R02339,"Auto accident at Bushwick, Brooklyn, please helpppp","Bushwick, Brooklyn",accident
R06180,Move to safe area,"1 Edgewater Plaza, Staten Island, 4th floor, Room 1",flood
R07217,"Gunmen in. Atlantic Terminal main office, need immediate hlp","Morningside Heights, Manhattan",crime
R05701,"Water level rising rapidly near Chinatown, Manhattan","Sunset Park, Brooklyn",flood
R00261,Help!!!!! fire here,"450 West 33rd Street, Chelsea, Manhattan, 6th floor, Room 6",fire
R01626,"EXPLOSION 3rd floor, Edgewater Plaza, HELP MEEE!!!!","Park Slope, Brooklyn",explosion
R09498,Gas leakage here don't switch bulb on,"1 Edgewater Plaza, Staten Island, 5th floor, Room 5",other
R05878,"Flood, im stuck, save me!","450 West 33rd Street, Chelsea, Manhattan, 6th floor, Room 6",flood
R02140,"Grand Concourse Tower, 4th floor Explosion","861 Grand Concourse, The Bronx, 4th floor, Room 5",explosion
R05182,The building has collapsed. Save me!,"Sunset Park, Brooklyn",collapse
R05216,EVACUATE,"300 Ashland Place, Downtown Brooklyn, 6th floor, Room 4",collapse
R06158,Helpppp i am drowning helpppp ASAP!!,"111 Eighth Avenue, Chelsea, Manhattan, 7th floor, Room 8",flood
R05142,Atlantic Terminal under shreds! Building collapse,"Bushwick, Brooklyn",collapse
R01764,"BLAST. HELP ME!!!! In Grand Concourse Tower, ground floor Room 907","861 Grand Concourse, The Bronx, ground floor, Room 7",explosion
R03387,I have a medical emergency at LIC Plaza 306,"Chinatown, Manhattan",medical
R05926,"Water level rising rapidly near Greenwich Village, Manhattan","Chinatown, Manhattan",flood
R00833,FIREEEEEE HELPPPPPPPP USSS OUTTTTTTTT. Chelsea Heights !!!,"450 West 33rd Street, Chelsea, Manhattan, 7th floor, Room 8",fire
R04416,Helpp it's medical emergency,"88 Wall Street, Financial District, Manhattan, ground floor, Room 1",medical
R09104,Please send maintenance team to Midtown Tower,"432 Park Avenue, Midtown Manhattan, 3rd floor, Room 6",other
R09797,Gas leakage here don't switch bulb on,"29-27 41st Avenue, Long Island City, ground floor, Room 7",other
R05540,Leave the building quickly,"620 Atlantic Avenue, Brooklyn, ground floor, Room 1",collapse
R05558,Get to higher ground now!!,"88 Wall Street, Financial District, Manhattan, 3rd floor, Room 8",flood
R06468,"The ground is flooded, send help, lifeboat and first aid","432 Park Avenue, Midtown Manhattan, 7th floor, Room 1",flood
R09257,"Road is blocked by a fallen tree near Queens Plaza Complex, 4th floor, Room 104","27-01 Queens Plaza North, Long Island City, 4th floor, Room 4",other
R03274,"Road accident near LIC Plaza, ambulance needed","29-27 41st Avenue, Long Island City, 3rd floor, Room 5",accident
R00047,bro fire 1st floor,"861 Grand Concourse, The Bronx, 1st floor, Room 1",fire
R07101,I am in dangerrr idk what to do,"450 West 33rd Street, Chelsea, Manhattan, 8th floor, Room 8",crime
R04174,Someone needs urgent medical help at Atlantic Terminal 302,"620 Atlantic Avenue, Brooklyn, 8th floor, Room 11",medical
R07029,Am I that unlucky,"450 West 33rd Street, Chelsea, Manhattan, 3rd floor, Room 2",crime
R05364,this builidng is collapsing ... send help,"Chinatown, Manhattan",collapse
R09327,"Street light is not working near Bushwick, Brooklyn","620 Atlantic Avenue, Brooklyn, 4th floor, Room 7",other
R04218,Call hospital fast pls,"450 West 33rd Street, Chelsea, Manhattan, 1st floor, Room 5",medical
R00564,Ashland Place Tower: help mee fire fire fire,"300 Ashland Place, Downtown Brooklyn, 6th floor, Room 1",fire
R00289,"Fire has started in LIC Plaza 808, need urgent help","29-27 41st Avenue, Long Island City, 2nd floor, Room 8",fire
R09566,"Emergency situation at MetroTech Center 508, please send help","15 MetroTech Center, Downtown Brooklyn, 5th floor, Room 2",other
R02803,"Road accident near Chelsea Heights, ambulance needed","450 West 33rd Street, Chelsea, Manhattan, ground floor, Room 1",accident
R00237,Save me I am trapped in fire pls,"300 Ashland Place, Downtown Brooklyn, 1st floor, Room 10",fire
R00853,Stay away there's a fire!!,"Greenwich Village, Manhattan",fire
R01780,Helpppp there is a huge explosion helpppp,"432 Park Avenue, Midtown Manhattan, 1st floor, Room 8",explosion
R06824,I am in dangerrr idk what to do,"Bushwick, Brooklyn",crime
R04448,Hellllppppppp!!!! This building is falling!! 😭,"861 Grand Concourse, The Bronx, 3rd floor, Room 3",collapse
R01366,"Edgewater Plaza, 4th floor Room 404 Explosion ASAP!!","Greenwich Village, Manhattan",explosion
R03351,Helpp it's medical emergency ...,"Riverdale, The Bronx",medical
R00774,Stay away there's a fire!!,"111 Eighth Avenue, Chelsea, Manhattan, 4th floor, Room 5",fire
R00871,Call fire emergency,"111 Eighth Avenue, Chelsea, Manhattan, 3rd floor, Room 6",fire
R05170,Building collapsing run run,"300 Ashland Place, Downtown Brooklyn, 4th floor, Room 10",collapse
R02915,Someone got injured in a road accident at Atlantic Terminal Room 2,"620 Atlantic Avenue, Brooklyn, 4th floor, Room 2",accident
R05003,Hellllppppppp!!!! This building is falling!!,"300 Ashland Place, Downtown Brooklyn, 6th floor, Room 12",collapse
R04394,Call ambulance,"620 Atlantic Avenue, Brooklyn, 5th floor, Room 5",medical
R06710,"Crime happening here, need police immediately","Chinatown, Manhattan",crime
R06367,Move to top floor,"15 MetroTech Center, Downtown Brooklyn, 5th floor, Room 5",flood
R04553,Go run fast. the building is collapsing,"450 West 33rd Street, Chelsea, Manhattan, ground floor, Room 8",collapse
R05860,Move to safe area ASAP!!,"450 West 33rd Street, Chelsea, Manhattan, 5th floor, Room 7",flood
R02342,"Car accident, people are injured, send help","Washington Heights, Manhattan",accident
R05529,Run,"Greenwich Village, Manhattan",collapse
R09754,Lift is stuck between floors at Queens Plaza Complex,"27-01 Queens Plaza North, Long Island City, 8th floor, Room 8",other
R02444,"Traffic accident near Flushing, Queens, need immediate assistance","620 Atlantic Avenue, Brooklyn, 5th floor, Room 9",accident
R01472,"Explosion at 7th floor, Ashland Place Tower Save!!!","300 Ashland Place, Downtown Brooklyn, 7th floor, Room 7",explosion
R05645,Get to higher ground now!!,"88 Wall Street, Financial District, Manhattan, 6th floor, Room 5",flood
R01569,Atlantic Terminal: something exploded nearby help,"620 Atlantic Avenue, Brooklyn, 2nd floor, Room 5",explosion
R05475,Run under the table ASAP!!,"27-01 Queens Plaza North, Long Island City, 6th floor, Room 2",collapse
R06250,"Flood situation in Chinatown, Manhattan, need relief ASAP!!","Morningside Heights, Manhattan",flood
R01012,"Oh no, fire has started","861 Grand Concourse, The Bronx, 4th floor, Room 4",fire
R08932,"Something unusual is happening near Chelsea Heights, 2nd floor Room Room 3, please check","450 West 33rd Street, Chelsea, Manhattan, 2nd floor, Room 3",other
R07649,"there is a man with black mask and gun in the bank, please help","Park Slope, Brooklyn",crime
R05284,No wayyy building falling,"29-27 41st Avenue, Long Island City, 3rd floor, Room 3",collapse
R01443,"Huge explosion at Penn Plaza Tower, smoke everywhere","2 Penn Plaza, Midtown Manhattan, 3rd floor, Room 2",explosion
R01210,Helpppp there is a huge explosion helpppp,"450 West 33rd Street, Chelsea, Manhattan, 1st floor, Room 10",explosion
R06781,Call the emergency helpline number! ...,"300 Ashland Place, Downtown Brooklyn, 6th floor, Room 2",crime
R09737,"There is a gas smell in the building, please check ...","300 Ashland Place, Downtown Brooklyn, 6th floor, Room 5",other
R05004,"The roof just collapsed at Atlantic Terminal, people are trapped","620 Atlantic Avenue, Brooklyn, 7th floor, Room 4",collapse
R06603,"Water level rising rapidly near Sunset Park, Brooklyn","300 Ashland Place, Downtown Brooklyn, 5th floor, Room 5",flood
R06934,"Someone is threatening people near Eighth Avenue Tower 202, call police","Bushwick, Brooklyn",crime
R02668,Accident hereeee help fast,"300 Ashland Place, Downtown Brooklyn, 4th floor, Room 2",accident
R05438,Building collapsing run run!!!,"450 West 33rd Street, Chelsea, Manhattan, 8th floor, Room 6",collapse
R05799,"Flood situation in Sunset Park, Brooklyn, need relief ASAP!!","Greenwich Village, Manhattan",flood
R06247,Savee me from the floodd,"111 Eighth Avenue, Chelsea, Manhattan, 7th floor, Room 7",flood
R09916,Water pipe burst near Atlantic Terminal,"620 Atlantic Avenue, Brooklyn, 5th floor, Room 9",other
R06119,"Flood water is entering the ground floor of Wall Street Tower, please send help immediately","88 Wall Street, Financial District, Manhattan, 3rd floor, Room 7",flood
R04166,Doctor where is he,"88 Wall Street, Financial District, Manhattan, 7th floor, Room 9",medical
R07284,I am in dangerrr idk what to do,"88 Wall Street, Financial District, Manhattan, 5th floor, Room 1",crime
R01769,"BLAST. HELP ME!!!! In Edgewater Plaza, 7th floor, Room 707","1 Edgewater Plaza, Staten Island, 7th floor, Room 7",explosion
R06061,HELP US!!! we are stuck in the flood prone area,"450 West 33rd Street, Chelsea, Manhattan, 5th floor, Room 6",flood
R06036,flood has come,"1 Edgewater Plaza, Staten Island, 3rd floor, Room 2",flood
R06593,"Flood situation in Chinatown, Manhattan, need relief ASAP!!","Chinatown, Manhattan",flood
R06276,"Water level rising rapidly near Astoria, Queens","111 Eighth Avenue, Chelsea, Manhattan, 8th floor, Room 8",flood
R09760,"The lift stopped suddenly, people are inside","27-01 Queens Plaza North, Long Island City, 8th floor, Room 4",other
R06346,Water everywhere help me,"29-27 41st Avenue, Long Island City, 7th floor, Room 7",flood
R06820,Call the emergency helpline number!,"620 Atlantic Avenue, Brooklyn, 7th floor, Room 5",crime
R03431,"SOS I am having an attack!!!! Eighth Avenue Tower, 2nd floor, Room 202","111 Eighth Avenue, Chelsea, Manhattan, 2nd floor, Room 2",medical
R00180,Stay away there's a fire!!,"Chinatown, Manhattan",fire
R00086,THIS IS NOT A DRILL. THERE'S A FIRE IN THE BUILDING. SEND HELP!,"300 Ashland Place, Downtown Brooklyn, 7th floor, Room 7",fire
R04858,this builidng is collapsing ... send help,"Chinatown, Manhattan",collapse
R06014,HELP US!!! we are stuck in the flood prone area,"450 West 33rd Street, Chelsea, Manhattan, 6th floor, Room 5",flood
R00926,Firee fireee at Midtown Tower saveee mee,"Morningside Heights, Manhattan",fire
R05024,Building collapsing run run,"29-27 41st Avenue, Long Island City, 1st floor, Room 9",collapse
R05312,Building collapsing run run!!!,"Park Slope, Brooklyn",collapse
R01335,LIC Plaza: something exploded nearby help,"29-27 41st Avenue, Long Island City, 1st floor, Room 6",explosion
R05280,Go run fast. the building is collapsing,"Flushing, Queens",collapse
R09677,"Emergency situation at Greenwich Village, Manhattan, please send help","Greenwich Village, Manhattan",other
R06750,Call the emergency helpline number!,"88 Wall Street, Financial District, Manhattan, 5th floor, Room 8",crime
R02670,Bike and car collided near Penn Plaza Tower 6th floor,"Sunset Park, Brooklyn",accident
R00536,Help there is fire in Eighth Avenue Tower 2nd floor help,"111 Eighth Avenue, Chelsea, Manhattan, 2nd floor, Room 2",fire
R06299,Get to higher ground now!!,"1 Edgewater Plaza, Staten Island, 7th floor, Room 7",flood
R00883,Chelsea Heights 7th floor is on flames.. send help ASAP,"450 West 33rd Street, Chelsea, Manhattan, 7th floor, Room 7",fire
R04382,"Chest pain, LIC Plaza need to go to the hospital fast pls","Sunset Park, Brooklyn",medical
R05853,Get to higher ground now!! ...,"Washington Heights, Manhattan",flood
R02432,"Crash happened outside MetroTech Center, send medical team","15 MetroTech Center, Downtown Brooklyn, 2nd floor, Room 3",accident
R06356,"Water level rising rapidly near Riverdale, The Bronx","Chinatown, Manhattan",flood
R03148,"Crash happened outside Eighth Avenue Tower, send medical team","Chinatown, Manhattan",accident
R09977,Power is gone and people are stuck in the lift,"Park Slope, Brooklyn",other
R04005,Call doctor and ask for help,"29-27 41st Avenue, Long Island City, ground floor, Room 10",medical
R04533,The building has collapsed. Save me!,"111 Eighth Avenue, Chelsea, Manhattan, 3rd floor, Room 10",collapse
R04067,"Someone needs urgent medical helpppp at Ashland Place Tower, 2nd floor","300 Ashland Place, Downtown Brooklyn, 2nd floor, Room 12",medical
R01746,Save us we are in Grand Concourse Tower 3rd floor,"Greenwich Village, Manhattan",explosion
R05521,"The roof just collapsed at Ashland Place Tower, people are trapped","300 Ashland Place, Downtown Brooklyn, 4th floor, Room 2",collapse
R02838,"bike hit someone at Edgewater Plaza, 3rd floor, please send help!!!","1 Edgewater Plaza, Staten Island, 3rd floor, Room 7",accident
R01249,"Quickly save us from explosion, 4th floor, Atlantic Terminal","620 Atlantic Avenue, Brooklyn, 4th floor, Room 3",explosion
R06160,"Flood, I am stuck, save me!","27-01 Queens Plaza North, Long Island City, 7th floor, Room 7",flood
R03827,I need urgent medical help please,"27-01 Queens Plaza North, Long Island City, 5th floor, Room 12",medical
R06698,"Bank robbery, help, 2nd floor MetroTech Center","15 MetroTech Center, Downtown Brooklyn, 2nd floor, Room 3",crime
R03238,"A vehicle crashed near LIC Plaza, ground floor, Room Room 2","29-27 41st Avenue, Long Island City, ground floor, Room 2",accident
R03007,"Major accident at Morningside Heights, Manhattan, need help","Morningside Heights, Manhattan",accident
R00027,AHHHHHHHH,"Park Slope, Brooklyn",fire
R09244,Gas leakage here don't switch bulb on!!!,"27-01 Queens Plaza North, Long Island City, 4th floor, Room 7",other
R01786,"BLAST. HELP ME!!!! In Queens Plaza Complex, 7th floor, Room 906!!","27-01 Queens Plaza North, Long Island City, 7th floor, Room 6",explosion
R09843,Please send maintenance team to Edgewater Plaza,"1 Edgewater Plaza, Staten Island, ground floor, Room 5",other
R05198,6th floor Queens Plaza Complex building collapsed I’m stuck please help,"Greenwich Village, Manhattan",collapse
R06397,flood has come,"15 MetroTech Center, Downtown Brooklyn, 2nd floor, Room 2",flood
R01924,BLAST. HELP ME!!!! In Penn Plaza Tower Room 10,"2 Penn Plaza, Midtown Manhattan, 3rd floor, Room 4",explosion
R05214,No wayyy building falling,"Greenwich Village, Manhattan",collapse
R01294,It will blasttt,"Flushing, Queens",explosion
R02865,"Road accident near Eighth Avenue Tower, ambulance needed","Chinatown, Manhattan",accident
R06740,"Robbery happening near Edgewater Plaza, send police ASAP!!","1 Edgewater Plaza, Staten Island, 2nd floor, Room 2",crime
R09301,Please send maintenance team to Queens Plaza Complex,"27-01 Queens Plaza North, Long Island City, 5th floor, Room 5",other
R01199,Something exploded we need to run,"432 Park Avenue, Midtown Manhattan, 3rd floor, Room 2",explosion
R00829,"Oh no, fire has started","Chinatown, Manhattan",fire
R04152,"I think I'm dying, please help","Greenwich Village, Manhattan",medical
R09714,"Road is blocked by a fallen tree near Grand Concourse Tower, 4th floor Room Room 4","861 Grand Concourse, The Bronx, 4th floor, Room 7",other
R01628,Something just burst around me. Send rescue squad ASAP,"29-27 41st Avenue, Long Island City, 8th floor, Room 8",explosion
R05069,EVACUATE,"27-01 Queens Plaza North, Long Island City, 7th floor, Room 8",collapse
R02030,"Quickly save us from explosion, 3rd floor, Penn Plaza Tower","2 Penn Plaza, Midtown Manhattan, 3rd floor, Room 4",explosion
R08996,"No electricity in Chelsea Heights, please send maintenance","Bushwick, Brooklyn",other
R08908,"In case of gas leak, don't switch on the bulb","620 Atlantic Avenue, Brooklyn, 3rd floor, Room 3",other
R00384,"MetroTech Center, ground floor Room G00 FIREEEEEE HELP","15 MetroTech Center, Downtown Brooklyn, ground floor, Room 1",fire
R00759,Fire save me,"Washington Heights, Manhattan",fire
R00200,Penn Plaza Tower: helpppp mee fire fire fire,"2 Penn Plaza, Midtown Manhattan, 3rd floor, Room 5",fire
R06779,Am I that unlucky,"Morningside Heights, Manhattan",crime
R03711,Hospital emergency. Help,"Chinatown, Manhattan",medical
R00783,Stay away there's a fire!!,"Sunset Park, Brooklyn",fire
R09479,Water pipe burst near Eighth Avenue Tower,"111 Eighth Avenue, Chelsea, Manhattan, 2nd floor, Room 12",other
R02973,"A person got hit by a vehicle near Grand Concourse Tower, 2nd floor Room 809","Astoria, Queens",accident
R03413,"I have a medical emergency at Wall Street Tower, 8th floor Room 203","88 Wall Street, Financial District, Manhattan, 8th floor, Room 3",medical
R06280,"Flood situation in Greenwich Village, Manhattan, need relief ASAP!!","Park Slope, Brooklyn",flood
R05263,8th floor Ashland Place Tower building collapsed I’m stuck please helpppp,"Chinatown, Manhattan",collapse
R00732,Save me I am trapped in fire,"620 Atlantic Avenue, Brooklyn, 4th floor, Room 4",fire
R07339,"Something serious is happening here, hurry","620 Atlantic Avenue, Brooklyn, 4th floor, Room 9",crime
R09902,"Emergency situation, pls send help immediately","450 West 33rd Street, Chelsea, Manhattan, 2nd floor, Room 4",other
R00938,Save me I am trapped in fire,"Flushing, Queens",fire
R04682,The building has collapsed. Save me!,"620 Atlantic Avenue, Brooklyn, 6th floor, Room 6",collapse
R03495,"I think I'm dying, please help","15 MetroTech Center, Downtown Brooklyn, 8th floor, Room 8",medical
R00962,FIREEEEEE HELPPPPPPPP USSS OUTTTTTTTT. Atlantic Terminal !!! pls,"620 Atlantic Avenue, Brooklyn, 5th floor, Room 3",fire
R03708,Someone needs urgent medical help at LIC Plaza 206,"Park Slope, Brooklyn",medical
R07758,A person with a weapon is causing danger at LIC Plaza 408,"29-27 41st Avenue, Long Island City, ground floor, Room 1",crime
R00998,Stay away there's a fire!!,"620 Atlantic Avenue, Brooklyn, ground floor, Room 3",fire
R01954,"Explosion help , 1st floor MetroTech Center","Astoria, Queens",explosion
R03673,Doctor where is he,"15 MetroTech Center, Downtown Brooklyn, 4th floor, Room 9",medical
R09316,"Emergency situation at Edgewater Plaza, 5th floor Room Room 10, please send help","1 Edgewater Plaza, Staten Island, 5th floor, Room 4",other
R03745,I need urgent medical help pls,"300 Ashland Place, Downtown Brooklyn, 6th floor, Room 6",medical
R05188,The building has collapsed. Save me!,"27-01 Queens Plaza North, Long Island City, 4th floor, Room 5",collapse
R06284,TAKE HIGH GROUND flood,"450 West 33rd Street, Chelsea, Manhattan, 3rd floor, Room 3",flood
R00816,THIS IS NOT A DRILL. THERE'S A FIRE IN THE BUILDING. SEND HELP!,"2 Penn Plaza, Midtown Manhattan, 3rd floor, Room 7",fire
R06685,"Catch the criminal, close the gates","2 Penn Plaza, Midtown Manhattan, 6th floor, Room 1",crime
R00459,"LIC Plaza, 5th floor Room 505 FIREEEEEE HELP","Chinatown, Manhattan",fire
R07017,Somebody please call 112 there is a crime going on,"432 Park Avenue, Midtown Manhattan, 7th floor, Room 7",crime
R07764,I am in dangerrr idk what to do 😭,"Sunset Park, Brooklyn",crime
R09650,Power is gone and people are stuck in the lift,"300 Ashland Place, Downtown Brooklyn, 6th floor, Room 5",other
R00124,bro fire 5th floor,"Riverdale, The Bronx",fire
R04233,"Someone needs urgent medical help at Morningside Heights, Manhattan","Morningside Heights, Manhattan",medical
R04300,Urgent help needed hereee!!,"29-27 41st Avenue, Long Island City, 8th floor, Room 6",medical
R03616,Call hospital fast pls,"111 Eighth Avenue, Chelsea, Manhattan, 1st floor, Room 4",medical
R09128,"In case of gas leak, don't switch on the bulb","2 Penn Plaza, Midtown Manhattan, 1st floor, Room 9",other
R02147,Helpppp there is a huge explosion helppppppp,"111 Eighth Avenue, Chelsea, Manhattan, 6th floor, Room 12",explosion
R05629,Please evacuate the lower floors of Edgewater Plaza as soon as possible,"1 Edgewater Plaza, Staten Island, 5th floor, Room 2",flood
R04349,I need urgent medical helpppp please,"Chinatown, Manhattan",medical
R02992,"Someone got injured in a road accident at Atlantic Terminal, 5th floor Room Room 3!!","620 Atlantic Avenue, Brooklyn, 5th floor, Room 3",accident
R04356,Urgent help needed hereee!! ...,"620 Atlantic Avenue, Brooklyn, 8th floor, Room 8",medical
R06372,Please evacuate the lower floors of Midtown Tower as soon as possible,"432 Park Avenue, Midtown Manhattan, 8th floor, Room 1",flood
R06770,Am I that unlucky,"Riverdale, The Bronx",crime
R02211,Save us we are in Wall Street Tower 5th floor,"Chinatown, Manhattan",explosion
R00161,AHHHHHHHH,"15 MetroTech Center, Downtown Brooklyn, 1st floor, Room 5",fire
R03109,Bike and car collided near Wall Street Tower ground floor,"88 Wall Street, Financial District, Manhattan, ground floor, Room 2",accident
R02087,"Explosion help , 6th floor Grand Concourse Tower","861 Grand Concourse, The Bronx, 6th floor, Room 6",explosion
R00481,Call fire emergency,"Riverdale, The Bronx",fire
R07199,Call police come fast ASAP!!,"1 Edgewater Plaza, Staten Island, 7th floor, Room 2",crime
R03506,"Open wound, and concussion emergency first aid and ambulance required ASAP!","620 Atlantic Avenue, Brooklyn, 8th floor, Room 3",medical
R05994,"Flood situation in Flushing, Queens, need relief ASAP!!!!","1 Edgewater Plaza, Staten Island, 8th floor, Room 8",flood
R00836,FIREEEEEE HELPPPPPPPP USSS OUTTTTTTTT. Edgewater Plaza !!!,"Sunset Park, Brooklyn",fire
R05019,Run under the table,"2 Penn Plaza, Midtown Manhattan, 3rd floor, Room 3",collapse
R03084,"Crash happened outside Ashland Place Tower, send medical team ASAP!!","Chinatown, Manhattan",accident
R00373,FIREEEEEE HELPPPPPPPP USSS OUTTTTTTTT. Eighth Avenue Tower !!!,"111 Eighth Avenue, Chelsea, Manhattan, 7th floor, Room 2",fire
R00981,"Eighth Avenue Tower, 1st floor FIREEEEEE HELP","111 Eighth Avenue, Chelsea, Manhattan, 1st floor, Room 10",fire
R01361,"Midtown Tower, 5th floor, Room 206 Explosion","432 Park Avenue, Midtown Manhattan, 5th floor, Room 6",explosion
R06925,"Someone is threatening people near Queens Plaza Complex 6th floor, call police","Riverdale, The Bronx",crime
R03076,"There has been an accident at Atlantic Terminal 805, emergency help needed","Washington Heights, Manhattan",accident
R06541,"Flood water is entering the ground floor of Queens Plaza Complex, please send help immediately","Morningside Heights, Manhattan",flood
R09166,"The lift stopped suddenly, people are inside","Park Slope, Brooklyn",other
R05579,"Flood situation in Riverdale, The Bronx, need relief ASAP!!","Bushwick, Brooklyn",flood
R03335,Call ambulance,"2 Penn Plaza, Midtown Manhattan, 6th floor, Room 8",medical
R06339,"Flood situation in Greenwich Village, Manhattan, need relief ASAP!!","450 West 33rd Street, Chelsea, Manhattan, 8th floor, Room 1",flood
R04316,Helpp it's medical emergency,"88 Wall Street, Financial District, Manhattan, 3rd floor, Room 3",medical
R05892,Let's move to the higher ground.,"2 Penn Plaza, Midtown Manhattan, 8th floor, Room 1",flood
R09473,"Something unusual is happening near Midtown Tower 4th floor, pls check","432 Park Avenue, Midtown Manhattan, 4th floor, Room 4",other
R01682,Something exploded we need to run,"1 Edgewater Plaza, Staten Island, 7th floor, Room 3",explosion
R09679,"There is a gas smell in the building, please check","1 Edgewater Plaza, Staten Island, 3rd floor, Room 4",other
R09162,Help mee,"2 Penn Plaza, Midtown Manhattan, 1st floor, Room 7",other
R00525,"Fire on 2nd floor Edgewater Plaza, please send help immediately","Astoria, Queens",fire
R09332,Power is gone and people are stuck in the lift,"27-01 Queens Plaza North, Long Island City, 5th floor, Room 1",other
R04538,Building has been collapsed!,"2 Penn Plaza, Midtown Manhattan, 2nd floor, Room 1",collapse
R05507,Run under the table ...,"620 Atlantic Avenue, Brooklyn, 5th floor, Room 9",collapse
R03193,"bike hit someone at Penn Plaza Tower 2nd floor, please send help","2 Penn Plaza, Midtown Manhattan, 2nd floor, Room 6",accident
R02493,"Two vehicles collided, Midtown Tower, 3rd floor Room Room 9","432 Park Avenue, Midtown Manhattan, 3rd floor, Room 9",accident
R09951,"Something unusual is happening near Chelsea Heights, 2nd floor, Room Room 11, please check","450 West 33rd Street, Chelsea, Manhattan, 2nd floor, Room 1",other
R06354,Blub blub blub,"Riverdale, The Bronx",flood
R00358,bro fire 2nd floor,"450 West 33rd Street, Chelsea, Manhattan, 2nd floor, Room 2",fire
R00002,"Fire has started in Midtown Tower Room 11, need urgent help","Sunset Park, Brooklyn",fire
R02887,"Vehicle overturned near Chelsea Heights, need rescue","450 West 33rd Street, Chelsea, Manhattan, 8th floor, Room 8",accident
R05999,Move to safe area,"111 Eighth Avenue, Chelsea, Manhattan, 4th floor, Room 12",flood
R07443,Call the police right now!!,"111 Eighth Avenue, Chelsea, Manhattan, 8th floor, Room 8",crime
R04685,Run under the table,"2 Penn Plaza, Midtown Manhattan, ground floor, Room 6",collapse
R06785,Call the emergency helpline number!,"88 Wall Street, Financial District, Manhattan, 5th floor, Room 6",crime
R09759,"Emergency situation at LIC Plaza, 6th floor Room 606, please send help","29-27 41st Avenue, Long Island City, 6th floor, Room 6",other
R07730,"Gunmen in. Queens Plaza Complex main office, need immediate hlp","27-01 Queens Plaza North, Long Island City, ground floor, Room 6",crime
R04855,Go run fast. the building is collapsing,"29-27 41st Avenue, Long Island City, 7th floor, Room 5",collapse
R02864,Someone got injured in a road accident at Penn Plaza Tower 809,"2 Penn Plaza, Midtown Manhattan, 7th floor, Room 6",accident
R01858,There's been an explosion at Queens Plaza Complex 406. Call the emergency services!,"27-01 Queens Plaza North, Long Island City, 8th floor, Room 9",explosion
R00208,FIREEEEEE HELPPPPPPPP USSS OUTTTTTTTT. Penn Plaza Tower !!!,"2 Penn Plaza, Midtown Manhattan, 8th floor, Room 8",fire
R02412,Accident hereeee help fast,"Morningside Heights, Manhattan",accident
R04065,I need urgent medical help please,"29-27 41st Avenue, Long Island City, 1st floor, Room 1",medical
R06042,Please evacuate the lower floors of Midtown Tower as soon as possible,"432 Park Avenue, Midtown Manhattan, 5th floor, Room 9",flood
R09157,Run for your life,"27-01 Queens Plaza North, Long Island City, 6th floor, Room 2",other
R03874,Urgent help needed hereee!!,"Chinatown, Manhattan",medical
R02503,"Major accident at Wall Street Tower 703, need help","Chinatown, Manhattan",accident
R00787,Firee fireee at Eighth Avenue Tower saveee mee,"Greenwich Village, Manhattan",fire
R01533,"There's been an explosion at MetroTech Center, 2nd floor Room Room 11. Call the emergency services!","15 MetroTech Center, Downtown Brooklyn, 2nd floor, Room 1",explosion
R01453,"Quickly save us from explosion, 5th floor, Ashland Place Tower","Bushwick, Brooklyn",explosion
R00828,"FIRE. HELP!!!!! Edgewater Plaza, 3rd floor","1 Edgewater Plaza, Staten Island, 3rd floor, Room 1",fire
R06108,Move to safe area,"861 Grand Concourse, The Bronx, 7th floor, Room 1",flood
R00144,Help there is fire in Chelsea Heights 4th floor help 😭,"450 West 33rd Street, Chelsea, Manhattan, 4th floor, Room 7",fire
R05093,Run 😭,"Morningside Heights, Manhattan",collapse
R06464,HELP US!!! we are stuck in the flood prone area,"27-01 Queens Plaza North, Long Island City, 1st floor, Room 1",flood
R00671,"MetroTech Center, 5th floor FIREEEEEE HELP","15 MetroTech Center, Downtown Brooklyn, 5th floor, Room 12",fire
R00751,Help there's fire in LIC Plaza ground floor help,"Washington Heights, Manhattan",fire
R04424,Helpp it's medical emergency,"27-01 Queens Plaza North, Long Island City, 7th floor, Room 6",medical
R00406,Help!!!!! fire here,"27-01 Queens Plaza North, Long Island City, 3rd floor, Room 3",fire
R05929,Flood. Help ..,"Astoria, Queens",flood
R05417,Building has been collapsed!,"300 Ashland Place, Downtown Brooklyn, 6th floor, Room 6",collapse
R09521,"There is a gas smell in the building, please check","Flushing, Queens",other
R09027,Power is gone and people are stuck in the lift,"1 Edgewater Plaza, Staten Island, 8th floor, Room 4",other
R00213,Firee fireee at Penn Plaza Tower saveee mee,"2 Penn Plaza, Midtown Manhattan, 1st floor, Room 10",fire
R03087,"Someone got injured in a road accident at Wall Street Tower, ground floor Room Room 7","Astoria, Queens",accident
R05559,Please evacuate the lower floors of Penn Plaza Tower as soon as possible,"Flushing, Queens",flood
R09393,Gas leakage here don't switch bulb on,"450 West 33rd Street, Chelsea, Manhattan, 2nd floor, Room 10",other
R03316,"Accident!!! people hurt, call ambulance","Astoria, Queens",accident
R03269,"Crash happened outside Atlantic Terminal, send medical team","620 Atlantic Avenue, Brooklyn, 5th floor, Room 5",accident
R03191,"Car accident, people are injured, send help","Flushing, Queens",accident
R09914,Gas leakage here don't switch bulb on,"29-27 41st Avenue, Long Island City, 1st floor, Room 3",other
R09750,A large tree has fallen across the road,"450 West 33rd Street, Chelsea, Manhattan, 6th floor, Room 7",other
R04329,Call 108 fasttttt there is an emergency,"Riverdale, The Bronx",medical
R04713,Hellllppppppp!!!! This building is falling!!,"450 West 33rd Street, Chelsea, Manhattan, ground floor, Room 5",collapse
R03489,"Please send an ambulance to Wall Street Tower, 7th floor Room Room 7","88 Wall Street, Financial District, Manhattan, 7th floor, Room 7",medical
R09822,"No electricity in LIC Plaza, please send maintenance","29-27 41st Avenue, Long Island City, 5th floor, Room 5",other
R07622,"Armed robbery happening right now at the bank, call the police","450 West 33rd Street, Chelsea, Manhattan, 4th floor, Room 3",crime
R06944,"Bomb blast Bushwick, Brooklyn. Save me","Bushwick, Brooklyn",crime
R03650,Call an ambulance! Call an ambulance!,"620 Atlantic Avenue, Brooklyn, 8th floor, Room 8",medical
R00077,Help there is fire in Chelsea Heights 4th floor help ASAP!!,"450 West 33rd Street, Chelsea, Manhattan, 4th floor, Room 3",fire
R01391,Explosion in building run away.....,"27-01 Queens Plaza North, Long Island City, 6th floor, Room 6",explosion
R00375,Help!!!!! fire here,"2 Penn Plaza, Midtown Manhattan, 2nd floor, Room 2",fire
R07717,"Help, there is a robbery happening at the bank on Main Road, please contact the police.","2 Penn Plaza, Midtown Manhattan, 4th floor, Room 3",crime
R03150,"Crash happened outside LIC Plaza, send medical team","Greenwich Village, Manhattan",accident
R09126,"No electricity in Eighth Avenue Tower, please send maintenance","Flushing, Queens",other
R07182,"Help, there is a robbery happening at the bank on Main Road, pls contact the police.","620 Atlantic Avenue, Brooklyn, 5th floor, Room 5",crime
R06727,Call the police right now!!,"450 West 33rd Street, Chelsea, Manhattan, 6th floor, Room 8",crime
R04712,this builidng is collapsing ... send help,"29-27 41st Avenue, Long Island City, 6th floor, Room 6",collapse
R02310,"Car accident, people are injured, send helpppp","2 Penn Plaza, Midtown Manhattan, 5th floor, Room 3",accident
R09825,Help mee,"Chinatown, Manhattan",other
R00815,Fire at Penn Plaza Tower first floor.... Come quickly,"2 Penn Plaza, Midtown Manhattan, 7th floor, Room 12",fire
R09933,Road is blocked by a fallen tree near Atlantic Terminal Room 4,"620 Atlantic Avenue, Brooklyn, 5th floor, Room 4",other
R03585,Doctor where is he!!!,"1 Edgewater Plaza, Staten Island, 5th floor, Room 5",medical
R06359,Water everywhere helpppp me,"2 Penn Plaza, Midtown Manhattan, 6th floor, Room 4",flood
R03132,"A person got hit by a vehicle near Ashland Place Tower, 4th floor, Room 404","300 Ashland Place, Downtown Brooklyn, 4th floor, Room 4",accident
R06224,Move to safe area,"29-27 41st Avenue, Long Island City, 4th floor, Room 9",flood
R02408,"Auto accident at MetroTech Center, 4th floor Room 404, please help","15 MetroTech Center, Downtown Brooklyn, 4th floor, Room 4",accident
R03718,"Chest pain, LIC Plaza need to go to the hospital fast!!!","88 Wall Street, Financial District, Manhattan, 2nd floor, Room 2",medical
R09108,"Emergency situation at Penn Plaza Tower, 3rd floor Room 303, please send help","2 Penn Plaza, Midtown Manhattan, 3rd floor, Room 3",other
R00782,bro fire ground floor,"450 West 33rd Street, Chelsea, Manhattan, ground floor, Room 3",fire
R09078,Help mee ASAP!!,"Astoria, Queens",other
R01925,Helpppp there is a huge explosion helppppppp,"27-01 Queens Plaza North, Long Island City, 2nd floor, Room 2",explosion
R07628,"Help, there is a robbery happening at the bank on Main Road, pls contact the police.","Greenwich Village, Manhattan",crime
R00192,Fire at Atlantic Terminal first floor.... Come quickly,"620 Atlantic Avenue, Brooklyn, 3rd floor, Room 6",fire
R05935,Stuck in a flood 1st floor Grand Concourse Tower,"861 Grand Concourse, The Bronx, 1st floor, Room 8",flood
R00750,Fire save me,"Greenwich Village, Manhattan",fire
R07024,Am I that unlucky,"111 Eighth Avenue, Chelsea, Manhattan, 7th floor, Room 7",crime
R02647,"Accident!!! people hurt, call ambulance ASAP!!","Bushwick, Brooklyn",accident
R02229,"Someone got injured in a road accident at Atlantic Terminal, 8th floor Room 808","620 Atlantic Avenue, Brooklyn, 8th floor, Room 8",accident
R00179,Save me I am trapped in fire,"450 West 33rd Street, Chelsea, Manhattan, 3rd floor, Room 12",fire
R06792,police come fast,"450 West 33rd Street, Chelsea, Manhattan, 5th floor, Room 8",crime
R06833,"there is a man with black mask and gun in the bank, please help","Greenwich Village, Manhattan",crime
R07319,"there is a man with black mask and gun in the bank, please help","300 Ashland Place, Downtown Brooklyn, 8th floor, Room 5",crime
R04335,Helpp it's medical emergency,"15 MetroTech Center, Downtown Brooklyn, 8th floor, Room 9",medical
R03995,Call ambulance,"27-01 Queens Plaza North, Long Island City, 4th floor, Room 5",medical
R04720,Building has been collapsed!,"300 Ashland Place, Downtown Brooklyn, 1st floor, Room 5",collapse
R04524,"Building collapsed of Grand Concourse Tower, need help","861 Grand Concourse, The Bronx, 2nd floor, Room 2",collapse
R01750,"There's been an explosion at MetroTech Center, 6th floor Room 803. Call the emergency services!","Washington Heights, Manhattan",explosion
R00803,AHHHHHHHH,"1 Edgewater Plaza, Staten Island, 1st floor, Room 3",fire
R03287,"Vehicle overturned near Atlantic Terminal, need rescue ...","Greenwich Village, Manhattan",accident
R05350,SOS! BUILDING COLLAPSE! LOCATION SENT,"29-27 41st Avenue, Long Island City, 2nd floor, Room 2",collapse
R05975,"Flood water is entering the ground floor of Ashland Place Tower, please send helpppp immediately","Astoria, Queens",flood
R07255,Call police come fast,"Flushing, Queens",crime
R02470,Accident hereeee helpppp fast,"27-01 Queens Plaza North, Long Island City, 2nd floor, Room 2",accident
R03575,Call 108 fasttttt there is an emergency,"27-01 Queens Plaza North, Long Island City, 3rd floor, Room 12",medical
R01552,Loud sound. Was that a bomb?,"Sunset Park, Brooklyn",explosion
R02802,"Road accident near Wall Street Tower, ambulance needed","88 Wall Street, Financial District, Manhattan, 8th floor, Room 7",accident
R04917,Oh no! The building! It's falling!,"Astoria, Queens",collapse
R09499,Water pipe burst near Queens Plaza Complex,"27-01 Queens Plaza North, Long Island City, 7th floor, Room 9",other
R03552,Call doctor and ask for help,"Washington Heights, Manhattan",medical
R01980,There has been an explosion in Chelsea Heights there fire everywhere help 😭,"450 West 33rd Street, Chelsea, Manhattan, 4th floor, Room 5",explosion
R03075,"Traffic accident near Park Slope, Brooklyn, need immediate assistance!!","Bushwick, Brooklyn",accident
R07361,"Robbery happening near Atlantic Terminal, send police","620 Atlantic Avenue, Brooklyn, 3rd floor, Room 3",crime
R04504,3rd floor MetroTech Center building collapsed I’m stuck please helpppp,"Astoria, Queens",collapse
R02767,"bike hit someone at Wall Street Tower, ground floor Room 708, please send help","88 Wall Street, Financial District, Manhattan, ground floor, Room 8",accident
R09088,"Something unusual is happening near Atlantic Terminal, 7th floor, Room 203, please check","620 Atlantic Avenue, Brooklyn, 7th floor, Room 3",other
R09616,"Emergency situation, please send help immediately","111 Eighth Avenue, Chelsea, Manhattan, 3rd floor, Room 8",other
R09706,"No electricity in Edgewater Plaza, please send maintenance","1 Edgewater Plaza, Staten Island, ground floor, Room 11",other
R07400,"Crime happening here, need police immediately ASAP!!","2 Penn Plaza, Midtown Manhattan, 2nd floor, Room 6",crime
R00609,FIREEEEEE HELPPPPPPPP USSS OUTTTTTTTT. LIC Plaza !!!,"29-27 41st Avenue, Long Island City, 7th floor, Room 2",fire
R05205,"Building collapsed of MetroTech Center, need help","15 MetroTech Center, Downtown Brooklyn, 6th floor, Room 2",collapse
R00087,Eighth Avenue Tower 3rd floor is on flames.. send help ASAP,"111 Eighth Avenue, Chelsea, Manhattan, 3rd floor, Room 4",fire
R06384,Water everywhere help me,"432 Park Avenue, Midtown Manhattan, 1st floor, Room 1",flood
R08983,"Emergency situation, pls send help immediately","861 Grand Concourse, The Bronx, 4th floor, Room 4",other
R02155,It will blasttt,"2 Penn Plaza, Midtown Manhattan, ground floor, Room 8",explosion
R07202,"Help, there is a robbery happening at the bank on Main Road, pls contact the police.","2 Penn Plaza, Midtown Manhattan, 8th floor, Room 8",crime
R00474,"FIRE. HELP!!!!! Atlantic Terminal, 8th floor Room 506","620 Atlantic Avenue, Brooklyn, 8th floor, Room 6",fire
R01508,"Explosion help , 2nd floor LIC Plaza","29-27 41st Avenue, Long Island City, 2nd floor, Room 2",explosion
R06320,TAKE HIGH GROUND flood,"1 Edgewater Plaza, Staten Island, 7th floor, Room 2",flood
R03047,A vehicle crashed near LIC Plaza 208,"29-27 41st Avenue, Long Island City, 7th floor, Room 8",accident
R06403,Water everywhere help me,"Bushwick, Brooklyn",flood
R00770,Fire at Grand Concourse Tower first floor.... Come quickly,"Chinatown, Manhattan",fire
R00402,Help!!!!! fire here,"432 Park Avenue, Midtown Manhattan, 3rd floor, Room 5",fire
R00733,Fire!! 1st floor Queens Plaza Complex !!!! 109!!,"27-01 Queens Plaza North, Long Island City, 7th floor, Room 9",fire
R09351,"There is a gas smell in the building, please check","Flushing, Queens",other
R02124,"Huge explosion at Chelsea Heights, smoke everywhere","450 West 33rd Street, Chelsea, Manhattan, 3rd floor, Room 3",explosion
R01367,It will blasttt,"Morningside Heights, Manhattan",explosion
R05574,Stuck in a flood 3rd floor Ashland Place Tower,"300 Ashland Place, Downtown Brooklyn, 3rd floor, Room 7",flood
R07576,Am I that unlucky,"432 Park Avenue, Midtown Manhattan, 3rd floor, Room 7",crime
R06942,"Catch the criminal, close the gates!!","88 Wall Street, Financial District, Manhattan, 1st floor, Room 1",crime
R01498,It will blasttt,"861 Grand Concourse, The Bronx, 6th floor, Room 1",explosion
R00338,Chelsea Heights ground floor is on flames.. send help ASAP,"Astoria, Queens",fire
R06380,"Flood water is entering the ground floor of MetroTech Center, please send help immediately","15 MetroTech Center, Downtown Brooklyn, ground floor, Room 9",flood
R04639,Building has been collapsed!,"Greenwich Village, Manhattan",collapse
R03968,Urgent help needed hereee!!,"450 West 33rd Street, Chelsea, Manhattan, 2nd floor, Room 6",medical
R06282,Let's move to the higher ground.,"111 Eighth Avenue, Chelsea, Manhattan, 3rd floor, Room 1",flood
R07135,Call police come fast,"Riverdale, The Bronx",crime
R01851,"Explosion help , ground floor MetroTech Center","Chinatown, Manhattan",explosion
R07078,"Bomb blast Ashland Place Tower, 4th floor, Room 103. Save me","300 Ashland Place, Downtown Brooklyn, 4th floor, Room 3",crime
R08903,A large tree has fallen across the road,"2 Penn Plaza, Midtown Manhattan, 3rd floor, Room 3",other
R09806,"Road is blocked by a fallen tree near Queens Plaza Complex, ground floor, Room Room 3","27-01 Queens Plaza North, Long Island City, ground floor, Room 3",other
R00956,Midtown Tower: help mee fire fire fire,"432 Park Avenue, Midtown Manhattan, 4th floor, Room 1",fire
R01261,Queens Plaza Complex: something exploded nearby helpppp,"27-01 Queens Plaza North, Long Island City, 6th floor, Room 6",explosion
R03476,"I think I'm dying, please help","29-27 41st Avenue, Long Island City, 1st floor, Room 9",medical
R01022,Help!!!!! fire here,"Sunset Park, Brooklyn",fire
R06098,flood has come,"620 Atlantic Avenue, Brooklyn, 2nd floor, Room 3",flood
R03873,"Open wound, and concussion emergency first aid and ambulance required ASAP!","1 Edgewater Plaza, Staten Island, 7th floor, Room 9",medical
R01325,"There's been an explosion at Midtown Tower, 1st floor Room 604. Call the emergency services!!!!","432 Park Avenue, Midtown Manhattan, 1st floor, Room 4",explosion
R09199,A large tree has fallen across the road,"15 MetroTech Center, Downtown Brooklyn, 2nd floor, Room 8",other
R04528,Run under the table,"29-27 41st Avenue, Long Island City, 2nd floor, Room 6",collapse
R01829,Something exploded we need to run!!,"27-01 Queens Plaza North, Long Island City, 7th floor, Room 9",explosion
R01262,707! Fire!!!!! blast MetroTech Center 7th floor,"15 MetroTech Center, Downtown Brooklyn, 7th floor, Room 7",explosion
R09359,The lift has stopped working. Save me!,"861 Grand Concourse, The Bronx, 5th floor, Room 12",other
R05290,"Someone get me out, building collapsed!!!","450 West 33rd Street, Chelsea, Manhattan, 4th floor, Room 2",collapse
R01879,Something just burst around me. Send rescue squad ASAP,"Astoria, Queens",explosion
R09488,"There is a gas smell in the building, please check","88 Wall Street, Financial District, Manhattan, 5th floor, Room 5",other
R02655,"A person got hit by a vehicle near LIC Plaza, 6th floor Room 606","29-27 41st Avenue, Long Island City, 6th floor, Room 4",accident
R03535,Helpp it's medical emergency,"27-01 Queens Plaza North, Long Island City, 1st floor, Room 2",medical
R07420,"Help me.. there's robbery near Astoria, Queens.","29-27 41st Avenue, Long Island City, 4th floor, Room 1",crime
R00666,"Oh no, fire has started 😭","620 Atlantic Avenue, Brooklyn, 8th floor, Room 7",fire
R05201,"The roof just collapsed at Atlantic Terminal, people are trapped","Sunset Park, Brooklyn",collapse
R00603,Fire!! 1st floor Ashland Place Tower !!!! G00!!,"Morningside Heights, Manhattan",fire
R09688,"No electricity in Midtown Tower, please send maintenance","432 Park Avenue, Midtown Manhattan, 2nd floor, Room 6",other
R05007,Oh no! The building! It's falling!,"111 Eighth Avenue, Chelsea, Manhattan, 3rd floor, Room 3",collapse
R01242,Something just burst around me. Send rescue squad ASAP,"Sunset Park, Brooklyn",explosion
R07131,"Someone is threatening people near Penn Plaza Tower, 1st floor Room 101, call police","Flushing, Queens",crime
R09068,Gas leakage here don't switch bulb on,"Flushing, Queens",other
R09074,"The lift stopped suddenly, people are inside","300 Ashland Place, Downtown Brooklyn, 8th floor, Room 2",other
R01726,"Explosion at 3rd floor, Penn Plaza Tower Save!!!","2 Penn Plaza, Midtown Manhattan, 3rd floor, Room 4",explosion
R07695,"Armed robbery happening right now at the bank, call the police","111 Eighth Avenue, Chelsea, Manhattan, 7th floor, Room 4",crime
R00856,"Fire on ground floor Atlantic Terminal, please send help immediately","620 Atlantic Avenue, Brooklyn, ground floor, Room 5",fire
R03034,"There has been an accident at Queens Plaza Complex, 2nd floor Room Room 5, emergency help needed","Bushwick, Brooklyn",accident
R04027,"I have a medical emergency at Greenwich Village, Manhattan","Greenwich Village, Manhattan",medical
R00468,THIS IS NOT A DRILL. THERE'S A FIRE IN THE BUILDING. SEND HELP!,"Sunset Park, Brooklyn",fire
R06296,Let's move to the higher ground.,"Bushwick, Brooklyn",flood
R02737,Someone got injured in a road accident at Wall Street Tower Room 8,"Washington Heights, Manhattan",accident
R01862,G00! Fire!!!!! blast Midtown Tower ground floor,"432 Park Avenue, Midtown Manhattan, ground floor, Room 3",explosion
R03451,I need urgent medical help please,"15 MetroTech Center, Downtown Brooklyn, 8th floor, Room 2",medical
R01433,"Atlantic Terminal, ground floor Room Room 10 Explosion","620 Atlantic Avenue, Brooklyn, ground floor, Room 5",explosion
R01516,Helpppp there is a huge explosion helpppp,"2 Penn Plaza, Midtown Manhattan, 5th floor, Room 5",explosion
R05250,Run,"Bushwick, Brooklyn",collapse
R00058,Fire at Midtown Tower first floor.... Come quickly,"Park Slope, Brooklyn",fire
R06020,Stuck in a flood 3rd floor Grand Concourse Tower,"Chinatown, Manhattan",flood
R06206,"Flood situation in Morningside Heights, Manhattan, need relief ASAP!!","111 Eighth Avenue, Chelsea, Manhattan, 8th floor, Room 3",flood
R09746,A large tree has fallen across the road,"Morningside Heights, Manhattan",other
R06664,Water everywhere help me ASAP!!,"2 Penn Plaza, Midtown Manhattan, 7th floor, Room 3",flood
R00103,THIS IS NOT A DRILL. THERE'S A FIRE IN THE BUILDING. SEND HELP!,"Sunset Park, Brooklyn",fire
R09897,The lift has stopped working. Save me!,"88 Wall Street, Financial District, Manhattan, 3rd floor, Room 10",other
R05594,Water everywhere help me,"88 Wall Street, Financial District, Manhattan, 7th floor, Room 7",flood
R02463,"Two vehicles collided, Chelsea Heights, 7th floor","450 West 33rd Street, Chelsea, Manhattan, 7th floor, Room 4",accident
R04602,this builidng is collapsing ... send help,"29-27 41st Avenue, Long Island City, 3rd floor, Room 9",collapse
R01890,"Midtown Tower, 8th floor Explosion","432 Park Avenue, Midtown Manhattan, 8th floor, Room 7",explosion
R05412,EVACUATE pls,"15 MetroTech Center, Downtown Brooklyn, 3rd floor, Room 3",collapse
R01911,It will blasttt,"620 Atlantic Avenue, Brooklyn, ground floor, Room 2",explosion
R09592,"Street light is not working near Park Slope, Brooklyn","Flushing, Queens",other
R03639,"I have a medical emergency at Park Slope, Brooklyn","Park Slope, Brooklyn",medical
R00100,FIREEEEEE HELPPPPPPPP USSS OUTTTTTTTT. Penn Plaza Tower !!!,"2 Penn Plaza, Midtown Manhattan, 7th floor, Room 7",fire
R09322,"No electricity in MetroTech Center, please send maintenance","15 MetroTech Center, Downtown Brooklyn, 6th floor, Room 7",other
R00322,"Fire on 6th floor LIC Plaza, please send help immediately","29-27 41st Avenue, Long Island City, 6th floor, Room 6",fire
R02197,"BLAST. HELP ME!!!! In Midtown Tower, ground floor","432 Park Avenue, Midtown Manhattan, ground floor, Room 2",explosion
R09906,Lift is stuck between floors at MetroTech Center,"15 MetroTech Center, Downtown Brooklyn, 8th floor, Room 7",other
R06396,Flood. Help ..,"29-27 41st Avenue, Long Island City, 1st floor, Room 3",flood
R06090,Savee me from the floodd,"29-27 41st Avenue, Long Island City, 6th floor, Room 7",flood
R06980,Call the emergency helpline number!,"1 Edgewater Plaza, Staten Island, ground floor, Room 4",crime
R00580,"Penn Plaza Tower, 8th floor Room Room 4 FIREEEEEE HELP","2 Penn Plaza, Midtown Manhattan, 8th floor, Room 4",fire
R01997,"EXPLOSION 2nd floor, Atlantic Terminal, HELP MEEE!","Flushing, Queens",explosion
R09766,"Road is blocked by a fallen tree near Penn Plaza Tower, 5th floor Room 505","Sunset Park, Brooklyn",other
R04864,Run under the table,"620 Atlantic Avenue, Brooklyn, 5th floor, Room 5",collapse
R01950,Queens Plaza Complex: something exploded nearby help,"Flushing, Queens",explosion
R09783,Lift is stuck between floors at Ashland Place Tower,"300 Ashland Place, Downtown Brooklyn, 6th floor, Room 6",other
R03452,Hospital!!! Emergency! Cash! Vehicle needed,"Bushwick, Brooklyn",medical
R00220,Firee fireee at Wall Street Tower saveee mee!!!,"Washington Heights, Manhattan",fire
R00791,THIS IS NOT A DRILL. THERE'S A FIRE IN THE BUILDING. SEND HELP!,"Astoria, Queens",fire
R04306,Hospital!!! Emergency! Cash! Vehicle needed,"432 Park Avenue, Midtown Manhattan, ground floor, Room 9",medical
R02382,"There has been an accident at MetroTech Center, 7th floor, Room 605, emergency help needed","15 MetroTech Center, Downtown Brooklyn, 7th floor, Room 5",accident
R00445,"Fire has started in Grand Concourse Tower Room 9, need urgent help","861 Grand Concourse, The Bronx, ground floor, Room 9",fire
R03036,"Car accident, people are injured, send help","Park Slope, Brooklyn",accident
R00539,Fire save me,"88 Wall Street, Financial District, Manhattan, ground floor, Room 5",fire
R04572,Go run fast. the building is collapsing,"88 Wall Street, Financial District, Manhattan, 1st floor, Room 1",collapse
R05901,Water everywhere help me,"861 Grand Concourse, The Bronx, 3rd floor, Room 7",flood
R07424,"Help, there is a robbery happening at the bank on Main Road, please contact the police.","450 West 33rd Street, Chelsea, Manhattan, 6th floor, Room 9",crime
R06859,Am I that unlucky,"620 Atlantic Avenue, Brooklyn, 4th floor, Room 9",crime
R04804,Hellllppppppp!!!! This building is falling!!,"15 MetroTech Center, Downtown Brooklyn, ground floor, Room 5",collapse
R06364,Helpppp i am drowning helpppp,"432 Park Avenue, Midtown Manhattan, 8th floor, Room 5",flood
R02464,Accident hereeee help fast,"Morningside Heights, Manhattan",accident
R03062,"Traffic accident near Sunset Park, Brooklyn, need immediate assistance","88 Wall Street, Financial District, Manhattan, 2nd floor, Room 3",accident
R09394,Please send maintenance team to Eighth Avenue Tower,"111 Eighth Avenue, Chelsea, Manhattan, 7th floor, Room 7",other
R08952,Water pipe burst near Grand Concourse Tower,"861 Grand Concourse, The Bronx, 6th floor, Room 5",other
R03917,Call an ambulance! Call an ambulance!,"88 Wall Street, Financial District, Manhattan, 5th floor, Room 5",medical
R04558,4th floor Midtown Tower building collapsed I’m stuck please help,"432 Park Avenue, Midtown Manhattan, 4th floor, Room 4",collapse
R09428,"No electricity in Queens Plaza Complex, please send maintenance ASAP!!","27-01 Queens Plaza North, Long Island City, 3rd floor, Room 3",other
R05564,"Flood situation in Park Slope, Brooklyn, need relief ASAP!!","2 Penn Plaza, Midtown Manhattan, 4th floor, Room 4",flood
R09867,Water pipe burst near Chelsea Heights,"Chinatown, Manhattan",other
R01332,Shit!! huge blast,"1 Edgewater Plaza, Staten Island, 7th floor, Room 5",explosion
R01863,Eighth Avenue Tower: something exploded nearby help,"111 Eighth Avenue, Chelsea, Manhattan, 2nd floor, Room 3",explosion
R06560,Move to top floor,"111 Eighth Avenue, Chelsea, Manhattan, 8th floor, Room 9",flood
R05764,Blub blub blub,"Chinatown, Manhattan",flood
R00847,bro fire 7th floor,"861 Grand Concourse, The Bronx, 7th floor, Room 7",fire
R00301,bro fire 4th floor,"2 Penn Plaza, Midtown Manhattan, 4th floor, Room 4",fire
R05990,Helpppp i am drowning helpppp,"111 Eighth Avenue, Chelsea, Manhattan, 5th floor, Room 9",flood
R07478,"Bomb blast Ashland Place Tower, ground floor Room Room 6. Save me!!!","300 Ashland Place, Downtown Brooklyn, ground floor, Room 6",crime
R06955,Call the police right now!! pls,"Riverdale, The Bronx",crime
R01170,"BLAST. HELP ME!!!! In Chelsea Heights, 7th floor Room 305","Riverdale, The Bronx",explosion
R00911,Help!!!!! fire here,"15 MetroTech Center, Downtown Brooklyn, 1st floor, Room 9",fire
R00500,FIREEEEEE HELPPPPPPPP USSS OUTTTTTTTT. Penn Plaza Tower !!!,"2 Penn Plaza, Midtown Manhattan, 6th floor, Room 6",fire
R08979,"Emergency situation at Atlantic Terminal 505, please send helpppp","620 Atlantic Avenue, Brooklyn, 5th floor, Room 5",other
R01349,"Quickly save us from explosion, 8th floor, Eighth Avenue Tower","111 Eighth Avenue, Chelsea, Manhattan, 8th floor, Room 6",explosion
R06308,Blub blub blub,"Astoria, Queens",flood
R03031,"Two vehicles collided, Queens Plaza Complex, 6th floor Room 106","27-01 Queens Plaza North, Long Island City, 6th floor, Room 6",accident
R01447,Save us we are in MetroTech Center 8th floor,"15 MetroTech Center, Downtown Brooklyn, 8th floor, Room 8",explosion
R06147,Let's move to the higher ground.,"29-27 41st Avenue, Long Island City, 4th floor, Room 8",flood
R07075,police come fast,"Astoria, Queens",crime
R02674,Bike and car collided near Chelsea Heights 3rd floor,"Greenwich Village, Manhattan",accident
R03210,"Crash happened outside Wall Street Tower, send medical team","Riverdale, The Bronx",accident
R04965,"Building collapsed of MetroTech Center, need help","Flushing, Queens",collapse
R01785,Explosion in building run away.....,"Greenwich Village, Manhattan",explosion
R09501,"Emergency situation at LIC Plaza, 5th floor Room Room 3, please send help","29-27 41st Avenue, Long Island City, 5th floor, Room 3",other
R02529,"bike hit someone at MetroTech Center, 8th floor Room 601, please send help","15 MetroTech Center, Downtown Brooklyn, 8th floor, Room 10",accident
R04343,"I have a medical emergency at Eighth Avenue Tower, 3rd floor Room 303","Morningside Heights, Manhattan",medical
R02556,Bike and car collided near Queens Plaza Complex 8th floor,"27-01 Queens Plaza North, Long Island City, 8th floor, Room 4",accident
R01967,Shit!! huge blast,"88 Wall Street, Financial District, Manhattan, 2nd floor, Room 8",explosion
R00647,"Oh no, fire has started","Flushing, Queens",fire
R02287,"bike hit someone at Chelsea Heights, ground floor Room Room 10, pls send help","450 West 33rd Street, Chelsea, Manhattan, ground floor, Room 7",accident
R02159,Something just burst around me. Send rescue squad ASAP,"861 Grand Concourse, The Bronx, 6th floor, Room 3",explosion
R04200,Someone needs urgent medical helpppp at Queens Plaza Complex 606,"Greenwich Village, Manhattan",medical
R02248,"Auto accident at Atlantic Terminal, 8th floor, please help","620 Atlantic Avenue, Brooklyn, 8th floor, Room 5",accident
R01761,Helpppp there is a huge explosion helpppp,"Chinatown, Manhattan",explosion
R07698,Somebody please call 112 there is a crime going on,"27-01 Queens Plaza North, Long Island City, 5th floor, Room 7",crime
R00014,bro fire ground floor,"Flushing, Queens",fire
R04069,"Chest pain, LIC Plaza need to go to the hospital fast pls","15 MetroTech Center, Downtown Brooklyn, 6th floor, Room 8",medical
R03245,"bike hit someone at Atlantic Terminal, 8th floor Room 102, please send help","620 Atlantic Avenue, Brooklyn, 8th floor, Room 6",accident
R06327,Blub blub blub ...,"Washington Heights, Manhattan",flood
R01150,MetroTech Center: something exploded nearby help,"15 MetroTech Center, Downtown Brooklyn, ground floor, Room 8",explosion
R02809,"Accident!!! people hurt, call ambulance","620 Atlantic Avenue, Brooklyn, 1st floor, Room 2",accident
R06391,Stuck in a flood 3rd floor MetroTech Center,"Astoria, Queens",flood
R02738,"Someone got injured in a road accident at Eighth Avenue Tower, 8th floor Room 808","111 Eighth Avenue, Chelsea, Manhattan, 8th floor, Room 8",accident
R05547,Go run fast. the building is collapsing,"1 Edgewater Plaza, Staten Island, 2nd floor, Room 7",collapse
R09095,"Something unusual is happening near Sunset Park, Brooklyn, please check","Sunset Park, Brooklyn",other
R05468,Building has been collapsed!,"15 MetroTech Center, Downtown Brooklyn, 8th floor, Room 5",collapse
R02851,"Auto accident at Sunset Park, Brooklyn, pls help","Sunset Park, Brooklyn",accident
R04436,Call an ambulance! Call an ambulance!,"29-27 41st Avenue, Long Island City, 6th floor, Room 9",medical
R06080,Please evacuate the lower floors of Wall Street Tower as soon as possible,"88 Wall Street, Financial District, Manhattan, 8th floor, Room 8",flood
R09347,"There is a gas smell in the building, please check","620 Atlantic Avenue, Brooklyn, 6th floor, Room 12",other
R07675,Somebody please call 112 there is a crime going on ...,"2 Penn Plaza, Midtown Manhattan, 4th floor, Room 8",crime
R06246,"Flood water is entering the ground floor of Queens Plaza Complex, please send help immediately","Chinatown, Manhattan",flood
R07403,Am I that unlucky,"861 Grand Concourse, The Bronx, 3rd floor, Room 3",crime
R01369,"Quickly save us from explosion, ground floor, Midtown Tower","432 Park Avenue, Midtown Manhattan, ground floor, Room 1",explosion
R04396,Save meeeee save meeeee injured injured,"15 MetroTech Center, Downtown Brooklyn, 6th floor, Room 6",medical
R02829,"Car accident, people are injured, send help!!","27-01 Queens Plaza North, Long Island City, 7th floor, Room 10",accident
R09135,Lift is stuck between floors at Penn Plaza Tower,"2 Penn Plaza, Midtown Manhattan, 4th floor, Room 4",other
R07513,"Gunmen in. Chelsea Heights main office, need immediate hlp","450 West 33rd Street, Chelsea, Manhattan, 6th floor, Room 5",crime
R05343,The building has collapsed. Save me!,"111 Eighth Avenue, Chelsea, Manhattan, 2nd floor, Room 9",collapse
R02947,"Car accident, people are injured, send helpppp","620 Atlantic Avenue, Brooklyn, 8th floor, Room 4",accident
R09963,"In case of gas leak, don't switch on the bulb","111 Eighth Avenue, Chelsea, Manhattan, 1st floor, Room 4",other
R09019,Please send maintenance team to Chelsea Heights,"Riverdale, The Bronx",other
R02033,Loud sound. Was that a bomb?,"Astoria, Queens",explosion
R09383,Please send maintenance team to Penn Plaza Tower,"2 Penn Plaza, Midtown Manhattan, 3rd floor, Room 6",other
R04696,"Part of the building has collapsed at Queens Plaza Complex, and students may need rescue.!!!","Riverdale, The Bronx",collapse
R06047,"Flood, I am stuck, save me!","Sunset Park, Brooklyn",flood
R00974,FIREEEEEE HELPPPPPPPP USSS OUTTTTTTTT. Edgewater Plaza !!!,"1 Edgewater Plaza, Staten Island, 3rd floor, Room 2",fire
R07043,"there is a man with black mask and gun in the bank, please help","861 Grand Concourse, The Bronx, 8th floor, Room 3",crime
R06856,"Someone is threatening people near LIC Plaza 7th floor, call police","Park Slope, Brooklyn",crime
R03630,Call ambulance,"Morningside Heights, Manhattan",medical
R01946,"Chelsea Heights, 4th floor Explosion","450 West 33rd Street, Chelsea, Manhattan, 4th floor, Room 3",explosion
R04952,this builidng is collapsing ... send help,"2 Penn Plaza, Midtown Manhattan, 4th floor, Room 8",collapse
R05660,Helpppp i am drowning helpppp,"2 Penn Plaza, Midtown Manhattan, 3rd floor, Room 9",flood
R04452,"Building collapsed of Queens Plaza Complex, need help","27-01 Queens Plaza North, Long Island City, 8th floor, Room 2",collapse
R04259,"I think I'm dying, please help","88 Wall Street, Financial District, Manhattan, ground floor, Room 12",medical
R02595,"Traffic accident near Washington Heights, Manhattan, need immediate assistance","2 Penn Plaza, Midtown Manhattan, 8th floor, Room 4",accident
R01995,It will blasttt,"1 Edgewater Plaza, Staten Island, 8th floor, Room 8",explosion
R09100,"Something unusual is happening near Atlantic Terminal, 8th floor Room 808, pls check","620 Atlantic Avenue, Brooklyn, 8th floor, Room 8",other
R04033,"I think I'm dying, please help","Riverdale, The Bronx",medical
R05767,"The ground is flooded, send help, lifeboat and first aid","620 Atlantic Avenue, Brooklyn, 8th floor, Room 8",flood
R06900,Call police come fast,"27-01 Queens Plaza North, Long Island City, 6th floor, Room 6",crime
R02305,Bike and car collided near Penn Plaza Tower 8th floor,"Washington Heights, Manhattan",accident
R02311,"Accident!!! people hurt, call ambulance","111 Eighth Avenue, Chelsea, Manhattan, 6th floor, Room 6",accident
R05091,Run,"300 Ashland Place, Downtown Brooklyn, 3rd floor, Room 3",collapse
R03803,I need urgent medical help please,"Washington Heights, Manhattan",medical
R00913,Call fire emergency,"15 MetroTech Center, Downtown Brooklyn, ground floor, Room 2",fire
R04785,Run ASAP!!,"432 Park Avenue, Midtown Manhattan, 8th floor, Room 10",collapse
R00645,Fire save me,"Morningside Heights, Manhattan",fire
R01571,"Quickly save us from explosion, 1st floor, Atlantic Terminal","620 Atlantic Avenue, Brooklyn, 1st floor, Room 1",explosion
R06314,Let's move to the higher ground.,"2 Penn Plaza, Midtown Manhattan, 6th floor, Room 1",flood
R06434,Helpppp i am drowning helpppp,"450 West 33rd Street, Chelsea, Manhattan, 7th floor, Room 7",flood
R03493,"Someone needs urgent medical help at Atlantic Terminal, 6th floor Room Room 10","620 Atlantic Avenue, Brooklyn, 6th floor, Room 2",medical
R07562,"Someone is threatening people near Ashland Place Tower 204, call police","300 Ashland Place, Downtown Brooklyn, ground floor, Room 3",crime
R00187,Help there is fire in Chelsea Heights 7th floor help,"Washington Heights, Manhattan",fire
R06796,Call police come fast,"861 Grand Concourse, The Bronx, 6th floor, Room 5",crime
R00149,Fire at Queens Plaza Complex first floor.... Come quickly,"27-01 Queens Plaza North, Long Island City, 2nd floor, Room 1",fire
R06481,HELP US!!! we are stuck in the flood prone area,"300 Ashland Place, Downtown Brooklyn, 6th floor, Room 2",flood
R03069,"Auto accident at Wall Street Tower, 7th floor, Room 405, please help","88 Wall Street, Financial District, Manhattan, 7th floor, Room 5",accident
R06547,Let's move to the higher ground.,"450 West 33rd Street, Chelsea, Manhattan, 5th floor, Room 2",flood
R09172,"There is a gas smell in the building, please check pls","432 Park Avenue, Midtown Manhattan, 1st floor, Room 7",other
R06504,there is a flood in our hostel rn. helpppp,"111 Eighth Avenue, Chelsea, Manhattan, 5th floor, Room 1",flood
R06381,Let's move to the higher ground.,"620 Atlantic Avenue, Brooklyn, ground floor, Room 10",flood
R09672,The lift has stopped working. Save me!,"Chinatown, Manhattan",other
R03146,"A person got hit by a vehicle near MetroTech Center, 7th floor Room Room 10","Flushing, Queens",accident
R06141,there is a flood in our hostel rn. help 😭,"2 Penn Plaza, Midtown Manhattan, 4th floor, Room 2",flood
R04366,Call 108 fasttttt there is an emergency!!!,"Chinatown, Manhattan",medical
R04868,The building has collapsed. Save me! ...,"432 Park Avenue, Midtown Manhattan, 8th floor, Room 7",collapse
R04413,Hospital emergency. Help,"Flushing, Queens",medical
R07065,Am I that unlucky,"88 Wall Street, Financial District, Manhattan, 5th floor, Room 10",crime
R06187,Move to safe area,"Park Slope, Brooklyn",flood
R05613,HELP US!!! we are stuck in the flood prone area 😭,"Bushwick, Brooklyn",flood
R03500,"SOS I am having an attack!!!! LIC Plaza, 6th floor Room Room 12 pls","29-27 41st Avenue, Long Island City, 6th floor, Room 2",medical
R03661,Call 108 fasttttt there is an emergency,"111 Eighth Avenue, Chelsea, Manhattan, 1st floor, Room 1",medical
R09005,"In case of gas leak, don't switch on the bulb","2 Penn Plaza, Midtown Manhattan, 5th floor, Room 5",other
R06269,Blub blub blub,"88 Wall Street, Financial District, Manhattan, 6th floor, Room 6",flood
R07616,"there is a man with black mask and gun in the bank, please help","27-01 Queens Plaza North, Long Island City, 6th floor, Room 1",crime
R05522,Grand Concourse Tower under shreds! Building collapse,"861 Grand Concourse, The Bronx, 5th floor, Room 5",collapse
R05508,Building collapsing run run,"88 Wall Street, Financial District, Manhattan, 6th floor, Room 12",collapse
R01313,"BLAST. HELP ME!!!! In Chelsea Heights, ground floor, Room 309","450 West 33rd Street, Chelsea, Manhattan, ground floor, Room 9",explosion
R01043,AHHHHHHHH,"1 Edgewater Plaza, Staten Island, 5th floor, Room 5",fire
R06966,"Armed robbery happening right now at the bank, call the police","861 Grand Concourse, The Bronx, 4th floor, Room 7",crime
R05666,Move to top floor,"88 Wall Street, Financial District, Manhattan, 8th floor, Room 1",flood
R07392,Call police come fast pls,"300 Ashland Place, Downtown Brooklyn, 2nd floor, Room 4",crime
R01940,Save us we are in Midtown Tower 7th floor,"Park Slope, Brooklyn",explosion
R01056,Fireeeeee helpppppp,"450 West 33rd Street, Chelsea, Manhattan, ground floor, Room 2",fire
R01668,LIC Plaza: something exploded nearby help,"Greenwich Village, Manhattan",explosion
R06638,there's a flood in our hostel rn. help,"111 Eighth Avenue, Chelsea, Manhattan, ground floor, Room 3",flood
R01139,Shit!! huge blast,"620 Atlantic Avenue, Brooklyn, 6th floor, Room 2",explosion
R03469,Doctor where is he,"Morningside Heights, Manhattan",medical
R03726,Hospital!!! Emergency! Cash! Vehicle needed,"300 Ashland Place, Downtown Brooklyn, 4th floor, Room 4",medical
R06184,Blub blub blub,"15 MetroTech Center, Downtown Brooklyn, 3rd floor, Room 5",flood
R06634,Move to safe area,"1 Edgewater Plaza, Staten Island, 2nd floor, Room 7",flood
R02978,"Two vehicles collided, LIC Plaza, 4th floor, Room 404","29-27 41st Avenue, Long Island City, 4th floor, Room 4",accident
R06584,Helpppp i am drowning helpppp,"620 Atlantic Avenue, Brooklyn, 6th floor, Room 4",flood
R08943,A large tree has fallen across the road,"620 Atlantic Avenue, Brooklyn, 2nd floor, Room 2",other
R04148,Helpp it's medical emergency,"861 Grand Concourse, The Bronx, 8th floor, Room 8",medical
R07013,Somebody please call 112 there is a crime going on,"29-27 41st Avenue, Long Island City, 8th floor, Room 8",crime
R05254,EVACUATE,"88 Wall Street, Financial District, Manhattan, ground floor, Room 11",collapse
R09928,"Emergency situation at Penn Plaza Tower 404, please send help","2 Penn Plaza, Midtown Manhattan, 4th floor, Room 4",other
R00174,Save me I am trapped in fire,"620 Atlantic Avenue, Brooklyn, 6th floor, Room 9",fire
R05584,Get to higher ground now!! ...,"300 Ashland Place, Downtown Brooklyn, 8th floor, Room 4",flood
R04730,"The roof just collapsed at Grand Concourse Tower, people are trapped","Sunset Park, Brooklyn",collapse
R07746,"Catch the criminal, close the gates","Flushing, Queens",crime
R09703,"Emergency situation at Penn Plaza Tower, 8th floor Room 808, please send helpppp","2 Penn Plaza, Midtown Manhattan, 8th floor, Room 8",other
R01280,"Huge explosion at LIC Plaza, smoke everywhere","29-27 41st Avenue, Long Island City, 1st floor, Room 1",explosion
R01935,"Huge explosion at Atlantic Terminal, smoke everywhere ASAP!!","620 Atlantic Avenue, Brooklyn, 6th floor, Room 6",explosion
R09403,The lift has stopped working. Save me!,"Chinatown, Manhattan",other
R06548,"Flood, I am stuck, save me!","300 Ashland Place, Downtown Brooklyn, 6th floor, Room 6",flood
R06742,"Catch the criminal, close the gates","450 West 33rd Street, Chelsea, Manhattan, 1st floor, Room 1",crime
R05459,Penn Plaza Tower under shreds! Building collapse,"2 Penn Plaza, Midtown Manhattan, 2nd floor, Room 9",collapse
R00304,"FIRE. HELP!!!!! Ashland Place Tower, 8th floor Room 608","300 Ashland Place, Downtown Brooklyn, 8th floor, Room 8",fire
R09346,Lift is stuck between floors at MetroTech Center,"15 MetroTech Center, Downtown Brooklyn, 5th floor, Room 4",other
R02202,"Atlantic Terminal, 4th floor Room 404 Explosion","620 Atlantic Avenue, Brooklyn, 4th floor, Room 4",explosion
R01041,THIS IS NOT A DRILL. THERE'S A FIRE IN THE BUILDING. SEND HELP!,"Park Slope, Brooklyn",fire
R01419,MetroTech Center: something exploded nearby help,"15 MetroTech Center, Downtown Brooklyn, 8th floor, Room 4",explosion
R02853,"A vehicle crashed near Chelsea Heights, 3rd floor Room 808","450 West 33rd Street, Chelsea, Manhattan, 3rd floor, Room 8",accident
R03973,Urgent helpppp needed hereee!!,"111 Eighth Avenue, Chelsea, Manhattan, 7th floor, Room 2",medical
R03432,"Open wound, and concussion emergency first aid and ambulance required ASAP!","Park Slope, Brooklyn",medical
R04577,Oh no! The building! It's falling!,"88 Wall Street, Financial District, Manhattan, 7th floor, Room 5",collapse
R04273,I need urgent medical help please,"620 Atlantic Avenue, Brooklyn, 2nd floor, Room 2",medical
R02963,"Auto accident at Wall Street Tower, 7th floor Room 402, pls help","Sunset Park, Brooklyn",accident
R09581,Please send maintenance team to Eighth Avenue Tower,"111 Eighth Avenue, Chelsea, Manhattan, 4th floor, Room 5",other
R03123,"Vehicle overturned near Wall Street Tower, need rescue","88 Wall Street, Financial District, Manhattan, 5th floor, Room 7",accident
R09529,A large tree has fallen across the road,"15 MetroTech Center, Downtown Brooklyn, 1st floor, Room 2",other
R03409,"Open wound, and concussion emergency first aid and ambulance required ASAP!","432 Park Avenue, Midtown Manhattan, 5th floor, Room 5",medical
R01613,Something just burst around me. Send rescue squad ASAP,"300 Ashland Place, Downtown Brooklyn, 4th floor, Room 5",explosion
R04038,"Chest pain, LIC Plaza need to go to the hospital fast","Morningside Heights, Manhattan",medical
R07364,Call the emergency helpline number!,"Riverdale, The Bronx",crime
R05924,flood has come,"1 Edgewater Plaza, Staten Island, 2nd floor, Room 1",flood
R09924,Water pipe burst near Penn Plaza Tower ...,"Riverdale, The Bronx",other
R09079,"Street light is not working near Chinatown, Manhattan","432 Park Avenue, Midtown Manhattan, 4th floor, Room 9",other
R05055,"Building collapsed of Penn Plaza Tower, need helpppp","Bushwick, Brooklyn",collapse
R05750,Stuck in a flood 6th floor Atlantic Terminal,"620 Atlantic Avenue, Brooklyn, 6th floor, Room 6",flood
R09652,Help mee,"27-01 Queens Plaza North, Long Island City, 2nd floor, Room 5",other
R06619,Savee me from the floodd,"Washington Heights, Manhattan",flood
R04471,"The roof just collapsed at Midtown Tower, people are trapped","Chinatown, Manhattan",collapse
R03573,"SOS I am having an attack!!!! Riverdale, The Bronx","Riverdale, The Bronx",medical
R00030,Chelsea Heights: help mee fire fire fire,"Washington Heights, Manhattan",fire
R00967,Help there is fire in Wall Street Tower 2nd floor help,"88 Wall Street, Financial District, Manhattan, 2nd floor, Room 2",fire
R09232,"Emergency situation at Edgewater Plaza, ground floor, Room 606, please send help","1 Edgewater Plaza, Staten Island, ground floor, Room 6",other
R06996,Call the emergency helpline number!,"1 Edgewater Plaza, Staten Island, ground floor, Room 3",crime
R03983,"Someone needs urgent medical helpppp at Sunset Park, Brooklyn","Sunset Park, Brooklyn",medical
R06913,Call the police right now!!,"29-27 41st Avenue, Long Island City, 1st floor, Room 4",crime
R02216,Shit!! huge blast,"432 Park Avenue, Midtown Manhattan, 6th floor, Room 3",explosion
R02319,"A vehicle crashed near Edgewater Plaza, ground floor, Room 708","1 Edgewater Plaza, Staten Island, ground floor, Room 8",accident
R06166,Move to safe area,"Chinatown, Manhattan",flood
R05595,TAKE HIGH GROUND flood,"450 West 33rd Street, Chelsea, Manhattan, 7th floor, Room 4",flood
R06794,Somebody please call 112 there's a crime going on,"450 West 33rd Street, Chelsea, Manhattan, 5th floor, Room 5",crime
R07357,"Crime happening here, need police immediately","861 Grand Concourse, The Bronx, 8th floor, Room 9",crime
R02031,401! Fire!!!!! blast Queens Plaza Complex ground floor,"27-01 Queens Plaza North, Long Island City, ground floor, Room 1",explosion
R06672,Call the police right now!!,"Sunset Park, Brooklyn",crime
R00744,Fire save me,"Greenwich Village, Manhattan",fire
R00340,Fire save me,"Astoria, Queens",fire
R06769,police come fast,"15 MetroTech Center, Downtown Brooklyn, 3rd floor, Room 2",crime
R08923,"Emergency situation at Edgewater Plaza, ground floor, please send helpppp","1 Edgewater Plaza, Staten Island, ground floor, Room 8",other
R05098,Leave the building quickly,"Flushing, Queens",collapse
R03900,Call 108 fasttttt there is an emergency,"27-01 Queens Plaza North, Long Island City, 2nd floor, Room 2",medical
R09205,Gas leakage here don't switch bulb on,"15 MetroTech Center, Downtown Brooklyn, 2nd floor, Room 2",other
R09884,Help mee,"111 Eighth Avenue, Chelsea, Manhattan, 8th floor, Room 3",other
R05368,The building has collapsed. Save me!,"2 Penn Plaza, Midtown Manhattan, ground floor, Room 5",collapse
R01709,102! Fire!!!!! blast Edgewater Plaza 2nd floor,"1 Edgewater Plaza, Staten Island, 2nd floor, Room 2",explosion
R01546,"Explosion at 7th floor, LIC Plaza Save!!!","29-27 41st Avenue, Long Island City, 7th floor, Room 7",explosion
R03539,Call an ambulance! Call an ambulance!,"111 Eighth Avenue, Chelsea, Manhattan, 1st floor, Room 1",medical
R02640,"bike hit someone at Eighth Avenue Tower, 3rd floor Room Room 11, please send helpppp","111 Eighth Avenue, Chelsea, Manhattan, 3rd floor, Room 1",accident
R00512,"Oh no, fire has started","432 Park Avenue, Midtown Manhattan, 3rd floor, Room 8",fire
R09721,"There is a gas smell in the building, please check","Riverdale, The Bronx",other
R03105,"Accident!!! people hurt, call ambulance","450 West 33rd Street, Chelsea, Manhattan, 5th floor, Room 5",accident
R01455,"Huge explosion at Atlantic Terminal, smoke everywhere","620 Atlantic Avenue, Brooklyn, 1st floor, Room 4",explosion
R05422,Run,"Flushing, Queens",collapse
R06493,Stuck in a flood 5th floor LIC Plaza,"29-27 41st Avenue, Long Island City, 5th floor, Room 7",flood
R05619,Let's move to the higher ground.,"2 Penn Plaza, Midtown Manhattan, 2nd floor, Room 3",flood
R09105,Power is gone and people are stuck in the lift,"15 MetroTech Center, Downtown Brooklyn, 6th floor, Room 6",other
R02163,Loud sound. Was that a bomb?,"300 Ashland Place, Downtown Brooklyn, 8th floor, Room 8",explosion
R09857,"Emergency situation, please send help immediately","432 Park Avenue, Midtown Manhattan, 5th floor, Room 5",other
R09546,"There is a gas smell in the building, please check","Flushing, Queens",other
R03027,"Auto accident at MetroTech Center, 1st floor, Room 101, please help","15 MetroTech Center, Downtown Brooklyn, 1st floor, Room 1",accident
R03625,"Please send an ambulance to Penn Plaza Tower, 5th floor Room 606","2 Penn Plaza, Midtown Manhattan, 5th floor, Room 6",medical
R06130,Savee me from the floodd!!,"29-27 41st Avenue, Long Island City, 8th floor, Room 8",flood
R01544,"Huge explosion at Grand Concourse Tower, smoke everywhere","Morningside Heights, Manhattan",explosion
R05513,Atlantic Terminal under shreds! Building collapse,"Greenwich Village, Manhattan",collapse
R01830,There has been an explosion in Edgewater Plaza there fire everywhere help,"1 Edgewater Plaza, Staten Island, 5th floor, Room 7",explosion
R01070,Fire at Midtown Tower first floor.... Come quickly,"432 Park Avenue, Midtown Manhattan, 5th floor, Room 2",fire
R01479,105! Fire!!!!! blast Ashland Place Tower 7th floor,"300 Ashland Place, Downtown Brooklyn, 7th floor, Room 4",explosion
R03407,Hospital!!! Emergency! Cash! Vehicle needed,"300 Ashland Place, Downtown Brooklyn, 2nd floor, Room 2",medical
R03888,Hospital emergency. Help,"450 West 33rd Street, Chelsea, Manhattan, 4th floor, Room 4",medical
R09907,"Something unusual is happening near Midtown Tower 5th floor, please check","432 Park Avenue, Midtown Manhattan, 5th floor, Room 5",other
R06768,"there is a man with black mask and gun in the bank, please help","450 West 33rd Street, Chelsea, Manhattan, 6th floor, Room 6",crime
R03313,"Auto accident at LIC Plaza, 3rd floor Room 605, please help","Greenwich Village, Manhattan",accident
R04591,The building has collapsed. Save me!,"Astoria, Queens",collapse
R05148,"Someone get me out, building collapsed","29-27 41st Avenue, Long Island City, 2nd floor, Room 2",collapse
R05387,"Part of the building has collapsed at Eighth Avenue Tower, and students may need rescue.","111 Eighth Avenue, Chelsea, Manhattan, 7th floor, Room 9",collapse
R04275,"I have a medical emergency at Penn Plaza Tower, 2nd floor Room Room 3 😭","2 Penn Plaza, Midtown Manhattan, 2nd floor, Room 3",medical
R05040,Hellllppppppp!!!! This building is falling!!,"27-01 Queens Plaza North, Long Island City, 5th floor, Room 5",collapse
R09511,Gas leakage here don't switch bulb on,"Sunset Park, Brooklyn",other
R01158,It will blasttt,"861 Grand Concourse, The Bronx, 3rd floor, Room 9",explosion
R01167,There has been an explosion in Atlantic Terminal there fire everywhere helpppp,"620 Atlantic Avenue, Brooklyn, 3rd floor, Room 3",explosion
R09264,Power is gone and people are stuck in the lift,"Flushing, Queens",other
R02913,Bike and car collided near Grand Concourse Tower 5th floor,"Park Slope, Brooklyn",accident
R04195,"SOS I am having an attack!!!! MetroTech Center, 1st floor Room Room 9","15 MetroTech Center, Downtown Brooklyn, 1st floor, Room 9",medical
R07113,"there is a man with black mask and gun in the bank, please help","Bushwick, Brooklyn",crime
R03669,Save meeeee save meeeee injured injured,"88 Wall Street, Financial District, Manhattan, 4th floor, Room 10",medical
R09761,Please send maintenance team to Eighth Avenue Tower,"111 Eighth Avenue, Chelsea, Manhattan, 3rd floor, Room 6",other
R07128,Am I that unlucky 😭,"27-01 Queens Plaza North, Long Island City, 8th floor, Room 2",crime
R00893,Help there is fire in Ashland Place Tower 4th floor helpppp,"300 Ashland Place, Downtown Brooklyn, 4th floor, Room 7",fire
R06390,Flood. Help ..,"620 Atlantic Avenue, Brooklyn, 2nd floor, Room 6",flood
R02377,Accident hereeee help fast pls,"111 Eighth Avenue, Chelsea, Manhattan, 6th floor, Room 2",accident
R05875,"Flood, I am stuck, save me!","15 MetroTech Center, Downtown Brooklyn, 8th floor, Room 9",flood
R06401,Please evacuate the lower floors of Edgewater Plaza as soon as possible,"1 Edgewater Plaza, Staten Island, 5th floor, Room 6",flood
R07278,"Help, there's a robbery happening at the bank on Main Road, please contact the police.","Bushwick, Brooklyn",crime
R04825,Hellllppppppp!!!! This building is falling!!,"88 Wall Street, Financial District, Manhattan, 7th floor, Room 2",collapse
R08967,Road is blocked by a fallen tree near Atlantic Terminal 307 ASAP!!,"Riverdale, The Bronx",other
R09821,"No electricity in Ashland Place Tower, please send maintenance","300 Ashland Place, Downtown Brooklyn, 6th floor, Room 6",other
R09253,Help mee,"29-27 41st Avenue, Long Island City, 2nd floor, Room 1",other
R06506,"Flood water is entering the ground floor of Eighth Avenue Tower, please send help immediately","Washington Heights, Manhattan",flood
R04330,Call ambulance ASAP!!,"111 Eighth Avenue, Chelsea, Manhattan, 2nd floor, Room 11",medical
R00369,Fire save me,"Chinatown, Manhattan",fire
R03766,Call doctor and ask for helpppp,"Riverdale, The Bronx",medical
R05651,Move to safe area,"Bushwick, Brooklyn",flood
R06510,Blub blub blub,"111 Eighth Avenue, Chelsea, Manhattan, 8th floor, Room 9",flood
R00326,Eighth Avenue Tower 6th floor is on flames.. send helpppp ASAP,"111 Eighth Avenue, Chelsea, Manhattan, 6th floor, Room 6",fire
R01824,Something exploded we need to run,"2 Penn Plaza, Midtown Manhattan, 8th floor, Room 7",explosion
R01945,explosionnn in building run away.....,"1 Edgewater Plaza, Staten Island, 3rd floor, Room 4",explosion
R04165,I need urgent medical help please!!!,"300 Ashland Place, Downtown Brooklyn, 5th floor, Room 2",medical
R05012,Leave the building quickly,"Greenwich Village, Manhattan",collapse
R05938,Flood. Help .. 😭,"Sunset Park, Brooklyn",flood
R02095,Wall Street Tower: something exploded nearby help,"Astoria, Queens",explosion
R09585,Please send maintenance team to LIC Plaza,"29-27 41st Avenue, Long Island City, 7th floor, Room 3",other
R03512,I need urgent medical help please,"861 Grand Concourse, The Bronx, 5th floor, Room 9",medical
R06807,"Help, there is a robbery happening at the bank on Main Road, please contact the police.","620 Atlantic Avenue, Brooklyn, 2nd floor, Room 4",crime
R09794,"The lift stopped suddenly, people are inside","15 MetroTech Center, Downtown Brooklyn, 5th floor, Room 5",other
R03024,"Traffic accident near Greenwich Village, Manhattan, need immediate assistance","27-01 Queens Plaza North, Long Island City, 5th floor, Room 3",accident
R06652,Helpppp i am drowning helpppp,"15 MetroTech Center, Downtown Brooklyn, 5th floor, Room 9",flood
R01622,Helpppp there is a huge explosion helpppp,"15 MetroTech Center, Downtown Brooklyn, 2nd floor, Room 2",explosion
R00411,FIREEEEEE HELPPPPPPPP USSS OUTTTTTTTT. Edgewater Plaza !!!,"1 Edgewater Plaza, Staten Island, 4th floor, Room 8",fire
R06687,"Help me.. there's robbery near Sunset Park, Brooklyn.","300 Ashland Place, Downtown Brooklyn, 7th floor, Room 7",crime
R04340,Urgent help needed hereee!!,"Greenwich Village, Manhattan",medical
R09083,A large tree has fallen across the road,"861 Grand Concourse, The Bronx, ground floor, Room 1",other
R01646,"EXPLOSION 7th floor, Atlantic Terminal, HELP MEEE!","620 Atlantic Avenue, Brooklyn, 7th floor, Room 8",explosion
R09841,"In case of gas leak, don't switch on the bulb","Sunset Park, Brooklyn",other
R05568,"Flood water is entering the ground floor of Queens Plaza Complex, please send help immediately","Flushing, Queens",flood
R02873,"Road accident near Chelsea Heights, ambulance needed","450 West 33rd Street, Chelsea, Manhattan, 3rd floor, Room 2",accident
R02217,Something just burst around me. Send rescue squad ASAP,"88 Wall Street, Financial District, Manhattan, 7th floor, Room 1",explosion
R03562,I need urgent medical help please,"111 Eighth Avenue, Chelsea, Manhattan, 7th floor, Room 7",medical
R00992,Fireeeeee helpppppp,"29-27 41st Avenue, Long Island City, ground floor, Room 9",fire
R02609,Bike and car collided near MetroTech Center 2nd floor,"15 MetroTech Center, Downtown Brooklyn, 2nd floor, Room 2",accident
R06293,Please evacuate the lower floors of Queens Plaza Complex as soon as possible,"Greenwich Village, Manhattan",flood
R01757,Shit!! huge blast,"88 Wall Street, Financial District, Manhattan, 1st floor, Room 4",explosion
R06262,Get to higher ground now!!,"Morningside Heights, Manhattan",flood
R04177,Call ambulance,"Sunset Park, Brooklyn",medical
R04904,Building collapsing run run,"Riverdale, The Bronx",collapse
R05816,Water everywhere helpppp me,"2 Penn Plaza, Midtown Manhattan, 4th floor, Room 1",flood
R04192,Save meeeee save meeeee injured injured,"300 Ashland Place, Downtown Brooklyn, 5th floor, Room 5",medical
R09751,Run for your life,"300 Ashland Place, Downtown Brooklyn, 1st floor, Room 8",other
R04353,"I have a medical emergency at Flushing, Queens","Flushing, Queens",medical
R07500,Am I that unlucky,"15 MetroTech Center, Downtown Brooklyn, ground floor, Room 1",crime
R04379,Someone needs urgent medical help at Grand Concourse Tower Room 7 ...,"861 Grand Concourse, The Bronx, 4th floor, Room 12",medical
R01088,Firee fireee at MetroTech Center saveee mee,"15 MetroTech Center, Downtown Brooklyn, 2nd floor, Room 4",fire
R05773,"The ground is flooded, send help, lifeboat and first aid","450 West 33rd Street, Chelsea, Manhattan, 3rd floor, Room 3",flood
R03279,"A vehicle crashed near Edgewater Plaza, 5th floor Room 505","1 Edgewater Plaza, Staten Island, 5th floor, Room 5",accident
R02613,A person got hit by a vehicle near Grand Concourse Tower Room 2,"861 Grand Concourse, The Bronx, ground floor, Room 10",accident
R04556,"Part of the building has collapsed at Penn Plaza Tower, and students may need rescue.","Astoria, Queens",collapse
R05360,"Someone get me out, building collapsed","29-27 41st Avenue, Long Island City, 3rd floor, Room 3",collapse
R07071,"Armed robbery happening right now at the bank, call the police","861 Grand Concourse, The Bronx, ground floor, Room 1",crime
R05560,Move to top floor!!!,"Chinatown, Manhattan",flood
R01398,"Huge explosion at Eighth Avenue Tower, smoke everywhere","111 Eighth Avenue, Chelsea, Manhattan, 3rd floor, Room 1",explosion
R02201,"There's been an explosion at Eighth Avenue Tower, 3rd floor Room 303. Call the emergency services!","111 Eighth Avenue, Chelsea, Manhattan, 3rd floor, Room 3",explosion
R06034,HELP US!!! we are stuck in the flood prone area!!!,"861 Grand Concourse, The Bronx, 5th floor, Room 5",flood
R07612,police come fast 😭,"15 MetroTech Center, Downtown Brooklyn, 4th floor, Room 5",crime
R07516,Somebody please call 112 there is a crime going on,"300 Ashland Place, Downtown Brooklyn, 6th floor, Room 6",crime
R02318,"Accident!!! people hurt, call ambulance ASAP!!","2 Penn Plaza, Midtown Manhattan, 8th floor, Room 4",accident
R01047,Firee fireee at Ashland Place Tower saveee mee,"300 Ashland Place, Downtown Brooklyn, 5th floor, Room 4",fire
R06110,Move to safe area,"620 Atlantic Avenue, Brooklyn, 7th floor, Room 8",flood
R01633,"Explosion at 4th floor, MetroTech Center Save!!!","15 MetroTech Center, Downtown Brooklyn, 4th floor, Room 4",explosion
R05135,No wayyy building falling,"Morningside Heights, Manhattan",collapse
R06597,Please evacuate the lower floors of Wall Street Tower as soon as possible,"88 Wall Street, Financial District, Manhattan, 4th floor, Room 4",flood
R01793,Loud sound. Was that a bomb?,"861 Grand Concourse, The Bronx, 2nd floor, Room 6",explosion
R03633,Call an ambulance! Call an ambulance!,"88 Wall Street, Financial District, Manhattan, 2nd floor, Room 4",medical
R06039,Flood. Help ..,"1 Edgewater Plaza, Staten Island, 3rd floor, Room 4",flood
R02895,"Vehicle overturned near Wall Street Tower, need rescue","88 Wall Street, Financial District, Manhattan, 2nd floor, Room 1",accident
R07231,"Catch the criminal, close the gates","1 Edgewater Plaza, Staten Island, 5th floor, Room 5",crime
R00514,Fire at Midtown Tower first floor.... Come quickly,"Greenwich Village, Manhattan",fire
R06700,Call police come fast,"88 Wall Street, Financial District, Manhattan, 1st floor, Room 7",crime
R02894,"Auto accident at Sunset Park, Brooklyn, please help","Sunset Park, Brooklyn",accident
R04476,Go run fast. the building is collapsing,"432 Park Avenue, Midtown Manhattan, 7th floor, Room 2",collapse
R01919,Loud sound. Was that a bomb? pls,"300 Ashland Place, Downtown Brooklyn, 2nd floor, Room 12",explosion
R00078,Edgewater Plaza 5th floor is on flames.. send help ASAP,"Riverdale, The Bronx",fire
R00108,FIREEEEEE HELPPPPPPPP USSS OUTTTTTTTT. MetroTech Center !!!,"15 MetroTech Center, Downtown Brooklyn, 4th floor, Room 4",fire
R09439,"In case of gas leak, don't switch on the bulb","Bushwick, Brooklyn",other
R03739,Hospital emergency. Help,"111 Eighth Avenue, Chelsea, Manhattan, ground floor, Room 3",medical
R05948,"Water level rising rapidly near Washington Heights, Manhattan ASAP!!","2 Penn Plaza, Midtown Manhattan, 3rd floor, Room 2",flood
R05688,"The ground is flooded, send help, lifeboat and first aid","861 Grand Concourse, The Bronx, 7th floor, Room 7",flood
R07277,Call the emergency helpline number!,"432 Park Avenue, Midtown Manhattan, 7th floor, Room 6",crime
R02369,A vehicle crashed near Wall Street Tower 501,"88 Wall Street, Financial District, Manhattan, 5th floor, Room 1",accident
R04566,EVACUATE,"Greenwich Village, Manhattan",collapse
R08901,Help mee,"861 Grand Concourse, The Bronx, 4th floor, Room 6",other
R06737,Am I that unlucky,"111 Eighth Avenue, Chelsea, Manhattan, 7th floor, Room 7",crime
R00775,AHHHHHHHH,"27-01 Queens Plaza North, Long Island City, 5th floor, Room 6",fire
R04806,"The roof just collapsed at Chelsea Heights, people are trapped","450 West 33rd Street, Chelsea, Manhattan, 4th floor, Room 1",collapse
R01456,"Huge explosion at Eighth Avenue Tower, smoke everywhere","111 Eighth Avenue, Chelsea, Manhattan, 4th floor, Room 4",explosion
R02635,"Auto accident at Ashland Place Tower, 6th floor Room 802, please help","300 Ashland Place, Downtown Brooklyn, 6th floor, Room 2",accident
R04817,Building collapsing run run,"15 MetroTech Center, Downtown Brooklyn, 4th floor, Room 4",collapse
R09282,Run for your life,"29-27 41st Avenue, Long Island City, ground floor, Room 7",other
R04425,Call 108 fasttttt there is an emergency,"111 Eighth Avenue, Chelsea, Manhattan, 1st floor, Room 1",medical
R03309,"A vehicle crashed near Ashland Place Tower, 4th floor Room Room 2","300 Ashland Place, Downtown Brooklyn, 4th floor, Room 10",accident
R09102,"No electricity in LIC Plaza, pls send maintenance","29-27 41st Avenue, Long Island City, 6th floor, Room 7",other
R05888,Get to higher ground now!! 😭,"450 West 33rd Street, Chelsea, Manhattan, 5th floor, Room 9",flood
R01637,Something exploded we need to run,"111 Eighth Avenue, Chelsea, Manhattan, 7th floor, Room 6",explosion
R05316,Leave the building quickly,"Morningside Heights, Manhattan",collapse
R05282,this builidng is collapsing ... send help,"432 Park Avenue, Midtown Manhattan, 3rd floor, Room 3",collapse
R03025,"Vehicle overturned near Eighth Avenue Tower, need rescue","111 Eighth Avenue, Chelsea, Manhattan, 6th floor, Room 2",accident
R01328,"EXPLOSION 5th floor, Grand Concourse Tower, HELP MEEE!","Riverdale, The Bronx",explosion
R09375,"Emergency situation, please send help immediately","88 Wall Street, Financial District, Manhattan, 3rd floor, Room 4",other
R05874,TAKE HIGH GROUND flood,"300 Ashland Place, Downtown Brooklyn, ground floor, Room 7",flood
R01854,Something just burst around me. Send rescue squad ASAP,"Greenwich Village, Manhattan",explosion
R06921,Somebody please call 112 there is a crime going on,"29-27 41st Avenue, Long Island City, 3rd floor, Room 3",crime
R00507,AHHHHHHHH,"Sunset Park, Brooklyn",fire
R06431,there is a flood in our hostel rn. help,"450 West 33rd Street, Chelsea, Manhattan, 5th floor, Room 12",flood
R03894,Call 108 Chelsea Heights 609 send guys,"450 West 33rd Street, Chelsea, Manhattan, ground floor, Room 9",medical
R06301,Stuck in a flood 8th floor Chelsea Heights,"450 West 33rd Street, Chelsea, Manhattan, 8th floor, Room 7",flood
R00443,Fireeeeee helpppppp,"1 Edgewater Plaza, Staten Island, 1st floor, Room 9",fire
R09485,Please send maintenance team to Queens Plaza Complex,"Bushwick, Brooklyn",other
R09352,"Something unusual is happening near Edgewater Plaza, 1st floor Room Room 7, please check","1 Edgewater Plaza, Staten Island, 1st floor, Room 7",other
R06026,Blub blub blub,"Chinatown, Manhattan",flood
R04942,Leave the building quickly ...,"88 Wall Street, Financial District, Manhattan, 1st floor, Room 11",collapse
R07414,Call the police right now!!,"450 West 33rd Street, Chelsea, Manhattan, 1st floor, Room 11",crime
R09839,The lift has stopped working. Save me!,"29-27 41st Avenue, Long Island City, 5th floor, Room 12",other
R03883,Call ambulance,"Flushing, Queens",medical
R02650,"There has been an accident at Ashland Place Tower, 7th floor Room 105, emergency help needed","300 Ashland Place, Downtown Brooklyn, 7th floor, Room 11",accident
R07485,"there's a man with black mask and gun in the bank, please help","1 Edgewater Plaza, Staten Island, 6th floor, Room 2",crime
R00194,Help there is fire in MetroTech Center 8th floor helpppp,"Bushwick, Brooklyn",fire
R07103,"Bank robbery, help, 1st floor LIC Plaza","Chinatown, Manhattan",crime
R06052,Flood. Help ..,"Riverdale, The Bronx",flood
R05644,HELP US!!! we are stuck in the flood prone area,"27-01 Queens Plaza North, Long Island City, 5th floor, Room 5",flood
R07102,"Crime happening here, need police immediately","Astoria, Queens",crime
R02315,"Two vehicles collided, Washington Heights, Manhattan","Washington Heights, Manhattan",accident
R07198,"Something serious is happening here, hurry","450 West 33rd Street, Chelsea, Manhattan, 2nd floor, Room 3",crime
R09627,Lift is stuck between floors at MetroTech Center,"15 MetroTech Center, Downtown Brooklyn, 2nd floor, Room 2",other
R03656,Call ambulance,"Flushing, Queens",medical
R00159,FIREEEEEE HELPPPPPPPP USSS OUTTTTTTTT. Midtown Tower !!!!!,"432 Park Avenue, Midtown Manhattan, 5th floor, Room 3",fire
R04809,this builidng is collapsing ... send help,"29-27 41st Avenue, Long Island City, 2nd floor, Room 1",collapse
R01741,"Explosion at 8th floor, Ashland Place Tower Save!!!","Sunset Park, Brooklyn",explosion
R07148,"Catch the criminal, close the gates","861 Grand Concourse, The Bronx, 6th floor, Room 6",crime
R03622,Call doctor and ask for helpppp,"Greenwich Village, Manhattan",medical
R06082,flood has come,"111 Eighth Avenue, Chelsea, Manhattan, ground floor, Room 11",flood
R07236,"Armed robbery happening right now at the bank, call the police","15 MetroTech Center, Downtown Brooklyn, 2nd floor, Room 2",crime
R00001,"Fire on 7th floor Grand Concourse Tower, please send help immediately","861 Grand Concourse, The Bronx, 7th floor, Room 7",fire
R00988,Eighth Avenue Tower 5th floor is on flames.. send help ASAP,"111 Eighth Avenue, Chelsea, Manhattan, 5th floor, Room 9",fire
R01899,"Quickly save us from explosion, 3rd floor, Ashland Place Tower!!","300 Ashland Place, Downtown Brooklyn, 3rd floor, Room 2",explosion
R09187,The lift has stopped working. Save me!,"111 Eighth Avenue, Chelsea, Manhattan, 2nd floor, Room 4",other
R03901,"Someone needs urgent medical help at Edgewater Plaza, 6th floor, Room Room 8","1 Edgewater Plaza, Staten Island, 6th floor, Room 8",medical
R01450,Shit!! huge blast,"1 Edgewater Plaza, Staten Island, 4th floor, Room 7",explosion
R04096,"Open wound, and concussion emergency first aid and ambulance required ASAP!","861 Grand Concourse, The Bronx, 3rd floor, Room 3",medical
R06789,"A person with a weapon is causing danger at Chelsea Heights, 2nd floor Room 202","450 West 33rd Street, Chelsea, Manhattan, 2nd floor, Room 2",crime
R09134,Power is gone and people are stuck in the lift,"620 Atlantic Avenue, Brooklyn, 1st floor, Room 8",other
R09851,"Emergency situation, please send help immediately","Sunset Park, Brooklyn",other
R06315,Water everywhere help me pls,"300 Ashland Place, Downtown Brooklyn, 1st floor, Room 3",flood
R06461,TAKE HIGH GROUND flood,"450 West 33rd Street, Chelsea, Manhattan, 7th floor, Room 5",flood
R06616,Please evacuate the lower floors of Grand Concourse Tower as soon as possible 😭,"861 Grand Concourse, The Bronx, 6th floor, Room 6",flood
R03866,Doctor where is he,"27-01 Queens Plaza North, Long Island City, 8th floor, Room 7",medical
R02846,"Traffic accident near Bushwick, Brooklyn, need immediate assistance","620 Atlantic Avenue, Brooklyn, 8th floor, Room 8",accident
R02532,"Crash happened outside Penn Plaza Tower, send medical team","2 Penn Plaza, Midtown Manhattan, 7th floor, Room 9",accident
R05588,Water everywhere helpppp me,"Chinatown, Manhattan",flood
R02781,"Car accident, people are injured, send help","Riverdale, The Bronx",accident
R07022,Am I that unlucky,"111 Eighth Avenue, Chelsea, Manhattan, 1st floor, Room 2",crime
R07165,"Someone is threatening people near Queens Plaza Complex Room 6, call police pls","Riverdale, The Bronx",crime
R07363,"Robbery happening near Ashland Place Tower, send police","300 Ashland Place, Downtown Brooklyn, 2nd floor, Room 8",crime
R09513,Gas leakage here don't switch bulb on,"111 Eighth Avenue, Chelsea, Manhattan, 3rd floor, Room 3",other
R04701,Run under the table,"Riverdale, The Bronx",collapse
R06374,"Water level rising rapidly near Bushwick, Brooklyn","29-27 41st Avenue, Long Island City, 6th floor, Room 2",flood
R07106,Call the police right now!!,"Bushwick, Brooklyn",crime
R06439,HELP US!!! we are stuck in the flood prone area,"Washington Heights, Manhattan",flood
R03142,"Road accident near Grand Concourse Tower, ambulance needed","861 Grand Concourse, The Bronx, 8th floor, Room 8",accident
R07047,Am I that unlucky,"1 Edgewater Plaza, Staten Island, 5th floor, Room 1",crime
R09425,Lift is stuck between floors at Grand Concourse Tower,"Riverdale, The Bronx",other
R01517,Save us we are in Queens Plaza Complex 8th floor,"27-01 Queens Plaza North, Long Island City, 8th floor, Room 8",explosion
R05501,Wall Street Tower under shreds! Building collapse,"88 Wall Street, Financial District, Manhattan, 5th floor, Room 5",collapse
R00455,Fire at Penn Plaza Tower first floor.... Come quickly,"2 Penn Plaza, Midtown Manhattan, 1st floor, Room 6",fire
R03256,Accident hereeee helpppp fast,"Greenwich Village, Manhattan",accident
R01630,Helpppp there is a huge explosion helpppp,"1 Edgewater Plaza, Staten Island, 5th floor, Room 11",explosion
R06422,TAKE HIGH GROUND flood,"432 Park Avenue, Midtown Manhattan, 1st floor, Room 1",flood
R00122,"Fire on 2nd floor MetroTech Center, pls send help immediately","15 MetroTech Center, Downtown Brooklyn, 2nd floor, Room 3",fire
R07596,"Crime happening here, need police immediately","432 Park Avenue, Midtown Manhattan, 1st floor, Room 2",crime
R05553,Go run fast. the building is collapsing,"620 Atlantic Avenue, Brooklyn, 2nd floor, Room 2",collapse
R02871,Someone got injured in a road accident at Chelsea Heights Room 10,"450 West 33rd Street, Chelsea, Manhattan, 8th floor, Room 3",accident
R06507,HELP US!!! we are stuck in the flood prone area,"Washington Heights, Manhattan",flood
R06759,"Someone is threatening people near LIC Plaza, 3rd floor Room 603, call police","29-27 41st Avenue, Long Island City, 3rd floor, Room 3",crime
R09860,"There is a gas smell in the building, please check","1 Edgewater Plaza, Staten Island, 1st floor, Room 3",other
R09467,Help mee,"88 Wall Street, Financial District, Manhattan, 7th floor, Room 7",other
R09254,The lift has stopped working. Save me!,"2 Penn Plaza, Midtown Manhattan, 6th floor, Room 2",other
R02788,Bike and car collided near Queens Plaza Complex 4th floor,"27-01 Queens Plaza North, Long Island City, 4th floor, Room 4",accident
R09780,A large tree has fallen across the road,"300 Ashland Place, Downtown Brooklyn, 5th floor, Room 6",other
R05824,Get to higher ground now!!,"27-01 Queens Plaza North, Long Island City, 3rd floor, Room 3",flood
R02944,"Traffic accident near Greenwich Village, Manhattan, need immediate assistance","Washington Heights, Manhattan",accident
R01461,"Chelsea Heights, 1st floor Explosion","450 West 33rd Street, Chelsea, Manhattan, 1st floor, Room 10",explosion
R05603,"Flood, I am stuck, save me!","2 Penn Plaza, Midtown Manhattan, 1st floor, Room 1",flood
R02152,Shit!! huge blast,"Sunset Park, Brooklyn",explosion
R07604,"Help me.. there's robbery near Washington Heights, Manhattan.","88 Wall Street, Financial District, Manhattan, 2nd floor, Room 3",crime
R01211,Something exploded we need to run,"861 Grand Concourse, The Bronx, 2nd floor, Room 2",explosion
R07712,Call the emergency helpline number!,"111 Eighth Avenue, Chelsea, Manhattan, 5th floor, Room 9",crime
R05099,Run under the table,"15 MetroTech Center, Downtown Brooklyn, 4th floor, Room 5",collapse
R00232,bro fire 7th floor,"27-01 Queens Plaza North, Long Island City, 7th floor, Room 4",fire
R03406,Call ambulance,"15 MetroTech Center, Downtown Brooklyn, 4th floor, Room 4",medical
R05466,EVACUATE,"450 West 33rd Street, Chelsea, Manhattan, 7th floor, Room 7",collapse
R09430,Power is gone and people are stuck in the lift,"15 MetroTech Center, Downtown Brooklyn, 1st floor, Room 6",other
R02935,"Car accident, people are injured, send help ASAP!!","27-01 Queens Plaza North, Long Island City, 7th floor, Room 7",accident
R09311,"Something unusual is happening near MetroTech Center, 2nd floor Room Room 1, please check","Flushing, Queens",other
R07314,"Robbery happening near Eighth Avenue Tower, send police","Flushing, Queens",crime
R05672,Helpppp i am drowning helpppp,"Greenwich Village, Manhattan",flood
R02603,"Road accident near Eighth Avenue Tower, ambulance needed","111 Eighth Avenue, Chelsea, Manhattan, 2nd floor, Room 12",accident
R02498,"Crash happened outside Midtown Tower, send medical team","Park Slope, Brooklyn",accident
R01714,There's been an explosion at Edgewater Plaza 301. Call the emergency services!,"1 Edgewater Plaza, Staten Island, 4th floor, Room 4",explosion
R02131,Helpppp there is a huge explosion helpppp ...,"88 Wall Street, Financial District, Manhattan, 1st floor, Room 1",explosion
R05194,Building collapsing run run,"15 MetroTech Center, Downtown Brooklyn, 7th floor, Room 8",collapse
R03282,"bike hit someone at Wall Street Tower, 4th floor Room Room 11, please send help","Morningside Heights, Manhattan",accident
R04056,Urgent help needed hereee!!,"Washington Heights, Manhattan",medical
R00788,"Fire has started in LIC Plaza Room 2, need urgent help","Flushing, Queens",fire
R04753,this builidng is collapsing ... send help,"Morningside Heights, Manhattan",collapse
R02937,"A vehicle crashed near Ashland Place Tower, 1st floor, Room Room 3 ...","300 Ashland Place, Downtown Brooklyn, 1st floor, Room 3",accident
R06612,Move to safe area,"2 Penn Plaza, Midtown Manhattan, 4th floor, Room 1",flood
R09402,"Road is blocked by a fallen tree near Flushing, Queens","Flushing, Queens",other
R00280,"Fire has started in Atlantic Terminal Room 9, need urgent help","620 Atlantic Avenue, Brooklyn, 3rd floor, Room 9",fire
R08902,Help mee,"432 Park Avenue, Midtown Manhattan, 1st floor, Room 2",other
R06800,"Crime happening here, need police immediately","2 Penn Plaza, Midtown Manhattan, ground floor, Room 9",crime
R04321,Call doctor and ask for help ...,"2 Penn Plaza, Midtown Manhattan, 4th floor, Room 6",medical
R03664,"Open wound, and concussion emergency first aid and ambulance required ASAP!","1 Edgewater Plaza, Staten Island, 6th floor, Room 1",medical
R03696,"Open wound, and concussion emergency first aid and ambulance required ASAP!","861 Grand Concourse, The Bronx, 4th floor, Room 1",medical
R07257,A person with a weapon is causing danger at LIC Plaza 7th floor,"29-27 41st Avenue, Long Island City, 7th floor, Room 4",crime
R03051,"Two vehicles collided, Atlantic Terminal, 8th floor","620 Atlantic Avenue, Brooklyn, 8th floor, Room 4",accident
R04164,"Open wound, and concussion emergency first aid and ambulance required ASAP!","Chinatown, Manhattan",medical
R02582,"Vehicle overturned near Midtown Tower, need rescue","432 Park Avenue, Midtown Manhattan, 2nd floor, Room 8",accident
R03205,"A vehicle crashed near Queens Plaza Complex, 4th floor Room Room 1","Park Slope, Brooklyn",accident
R04984,Oh no! The building! It's falling! pls,"620 Atlantic Avenue, Brooklyn, ground floor, Room 5",collapse
R05885,"Flood water is entering the ground floor of Queens Plaza Complex, please send help immediately","27-01 Queens Plaza North, Long Island City, 1st floor, Room 3",flood
R01097,Fire save me,"Flushing, Queens",fire
R06329,"The ground is flooded, send help, lifeboat and first aid","27-01 Queens Plaza North, Long Island City, 8th floor, Room 6",flood
R03296,"Vehicle overturned near Wall Street Tower, need rescue","88 Wall Street, Financial District, Manhattan, 5th floor, Room 2",accident
R09378,"In case of gas leak, don't switch on the bulb","29-27 41st Avenue, Long Island City, 2nd floor, Room 2",other
R00276,Firee fireee at Ashland Place Tower saveee mee,"300 Ashland Place, Downtown Brooklyn, 5th floor, Room 8",fire
R01485,Helpppp there is a huge explosion helpppp,"15 MetroTech Center, Downtown Brooklyn, 6th floor, Room 5",explosion
R00478,AHHHHHHHH,"27-01 Queens Plaza North, Long Island City, 8th floor, Room 11",fire
R07564,"Bank robbery, help, 8th floor Midtown Tower","Astoria, Queens",crime
R06936,Call the emergency helpline number!,"300 Ashland Place, Downtown Brooklyn, 6th floor, Room 1",crime
R02848,Accident hereeee help fast,"620 Atlantic Avenue, Brooklyn, 2nd floor, Room 2",accident
R03520,Urgent help needed hereee!!,"Greenwich Village, Manhattan",medical
R00982,Penn Plaza Tower: help mee fire fire fire,"Park Slope, Brooklyn",fire
R09948,Water pipe burst near Wall Street Tower,"88 Wall Street, Financial District, Manhattan, 5th floor, Room 1",other
R09458,A large tree has fallen across the road ...,"29-27 41st Avenue, Long Island City, 5th floor, Room 3",other
R05452,Building collapsing run run,"Washington Heights, Manhattan",collapse
R07031,"Something serious is happening here, hurry","620 Atlantic Avenue, Brooklyn, ground floor, Room 9",crime
R05110,Building collapsing run run 😭,"620 Atlantic Avenue, Brooklyn, 6th floor, Room 3",collapse
R05446,Run,"Sunset Park, Brooklyn",collapse
R05567,"Flood water is entering the ground floor of Queens Plaza Complex, please send help immediately","27-01 Queens Plaza North, Long Island City, 8th floor, Room 12",flood
R02083,There's been an explosion at Atlantic Terminal 7th floor. Call the emergency services!,"Greenwich Village, Manhattan",explosion
R03494,"Please send an ambulance to Morningside Heights, Manhattan","Morningside Heights, Manhattan",medical
R05632,Let's move to the higher ground.,"29-27 41st Avenue, Long Island City, ground floor, Room 5",flood
R00946,FIREEEEEE HELPPPPPPPP USSS OUTTTTTTTT. Ashland Place Tower !!!,"300 Ashland Place, Downtown Brooklyn, 7th floor, Room 11",fire
R05026,Leave the building quickly,"1 Edgewater Plaza, Staten Island, ground floor, Room 11",collapse
R03299,"Crash happened outside Penn Plaza Tower, send medical team","2 Penn Plaza, Midtown Manhattan, 4th floor, Room 1",accident
R03551,Call 108 Ashland Place Tower G00 send guys,"Morningside Heights, Manhattan",medical
R02013,"Huge explosion at MetroTech Center, smoke everywhere","15 MetroTech Center, Downtown Brooklyn, 6th floor, Room 6",explosion
R04220,"Chest pain, LIC Plaza need to go to the hospital fast","Riverdale, The Bronx",medical
R00196,Stay away there's a fire!!,"111 Eighth Avenue, Chelsea, Manhattan, 6th floor, Room 6",fire
R00605,THIS IS NOT A DRILL. THERE'S A FIRE IN THE BUILDING. SEND HELP!,"29-27 41st Avenue, Long Island City, 4th floor, Room 4",fire
R03824,I need urgent medical help please,"29-27 41st Avenue, Long Island City, 5th floor, Room 5",medical
R03808,Call 108 Atlantic Terminal 702 send guys,"Flushing, Queens",medical
R02275,"Major accident at Queens Plaza Complex, 3rd floor, need help","27-01 Queens Plaza North, Long Island City, 3rd floor, Room 8",accident
R05161,Leave the building quickly,"27-01 Queens Plaza North, Long Island City, 6th floor, Room 1",collapse
R02593,"Accident!!! people hurt, call ambulance 😭","Flushing, Queens",accident
R03417,"Please send an ambulance to Ashland Place Tower, 5th floor Room 505","Morningside Heights, Manhattan",medical
R01448,"EXPLOSION 7th floor, Eighth Avenue Tower, HELP MEEE!","111 Eighth Avenue, Chelsea, Manhattan, 7th floor, Room 3",explosion
R08931,"Emergency situation at Chelsea Heights 904, please send help","450 West 33rd Street, Chelsea, Manhattan, 7th floor, Room 4",other
R01094,THIS IS NOT A DRILL. THERE'S A FIRE IN THE BUILDING. SEND HELP!,"620 Atlantic Avenue, Brooklyn, 1st floor, Room 4",fire
R04716,The building has collapsed. Save me!!!!,"620 Atlantic Avenue, Brooklyn, 3rd floor, Room 3",collapse
R07237,A person with a weapon is causing danger at Penn Plaza Tower 201,"2 Penn Plaza, Midtown Manhattan, 5th floor, Room 1",crime
R02214,Shit!! huge blast,"300 Ashland Place, Downtown Brooklyn, 2nd floor, Room 2",explosion
R05207,"Someone get me out, building collapsed","Riverdale, The Bronx",collapse
R01937,Shit!! huge blast,"Park Slope, Brooklyn",explosion
R01713,"There's been an explosion at Midtown Tower, ground floor Room Room 7. Call the emergency services!","432 Park Avenue, Midtown Manhattan, ground floor, Room 7",explosion
R00449,"Fire on 2nd floor Queens Plaza Complex, please send help immediately","27-01 Queens Plaza North, Long Island City, 2nd floor, Room 6",fire
R00888,AHHHHHHHH,"88 Wall Street, Financial District, Manhattan, 2nd floor, Room 5",fire
R07394,"Bomb blast LIC Plaza, 8th floor. Save me","29-27 41st Avenue, Long Island City, 8th floor, Room 3",crime
R05338,SOS! BUILDING COLLAPSE! LOCATION SENT,"29-27 41st Avenue, Long Island City, 7th floor, Room 7",collapse
R03780,"Open wound, and concussion emergency first aid and ambulance required ASAP!","Greenwich Village, Manhattan",medical
R04998,The building has collapsed. Save me!,"620 Atlantic Avenue, Brooklyn, 4th floor, Room 7",collapse
R07492,Call the police right now!!,"Sunset Park, Brooklyn",crime
R00467,Help there is fire in Grand Concourse Tower 5th floor help,"861 Grand Concourse, The Bronx, 5th floor, Room 12",fire
R04204,"Please send an ambulance to Chinatown, Manhattan","Chinatown, Manhattan",medical
R07638,"Bomb blast Ashland Place Tower, ground floor. Save me","300 Ashland Place, Downtown Brooklyn, ground floor, Room 7",crime
R08893,Power is gone and people are stuck in the lift,"432 Park Avenue, Midtown Manhattan, 6th floor, Room 3",other
R07557,Call police come fast,"Washington Heights, Manhattan",crime
R06105,Move to safe area,"Riverdale, The Bronx",flood
R03222,"A person got hit by a vehicle near Queens Plaza Complex, ground floor, Room 707","27-01 Queens Plaza North, Long Island City, ground floor, Room 7",accident
R06645,flood has come,"861 Grand Concourse, The Bronx, ground floor, Room 9",flood
R00925,Chelsea Heights: help mee fire fire fire,"450 West 33rd Street, Chelsea, Manhattan, 7th floor, Room 2",fire
R09895,Help mee,"88 Wall Street, Financial District, Manhattan, ground floor, Room 4",other
R05001,1st floor Grand Concourse Tower building collapsed I’m stuck please help,"Park Slope, Brooklyn",collapse
R03862,"Someone needs urgent medical help at Chelsea Heights, 7th floor, Room 205 pls","450 West 33rd Street, Chelsea, Manhattan, 7th floor, Room 5",medical
R01057,"Fire has started in Chelsea Heights Room 9, need urgent help","Astoria, Queens",fire
R07387,"Gunmen in. Edgewater Plaza main office, need immediate hlp","1 Edgewater Plaza, Staten Island, ground floor, Room 8",crime
R00715,bro fire 6th floor,"Park Slope, Brooklyn",fire
R00273,Fire!! 1st floor Queens Plaza Complex !!!! Room 7!!,"27-01 Queens Plaza North, Long Island City, 3rd floor, Room 7",fire
R04138,"Call 108 Washington Heights, Manhattan send guys","Washington Heights, Manhattan",medical
R05814,there is a flood in our hostel rn. help!!,"88 Wall Street, Financial District, Manhattan, 4th floor, Room 5",flood
R00859,bro fire 2nd floor,"432 Park Avenue, Midtown Manhattan, 2nd floor, Room 2",fire
R03042,A vehicle crashed near Edgewater Plaza 506,"1 Edgewater Plaza, Staten Island, ground floor, Room 6",accident
R04268,"Open wound, and concussion emergency first aid and ambulance required ASAP!","27-01 Queens Plaza North, Long Island City, 2nd floor, Room 2",medical
R00549,"Midtown Tower, 7th floor Room Room 8 FIREEEEEE HELP","Morningside Heights, Manhattan",fire
R05894,"Water level rising rapidly near Riverdale, The Bronx","620 Atlantic Avenue, Brooklyn, 6th floor, Room 6",flood
R03517,"Chest pain, LIC Plaza need to go to the hospital fast","111 Eighth Avenue, Chelsea, Manhattan, 1st floor, Room 2",medical
R00522,THIS IS NOT A DRILL. THERE'S A FIRE IN THE BUILDING. SEND HELP! ASAP!!,"88 Wall Street, Financial District, Manhattan, 2nd floor, Room 8",fire
R00805,Help!!!!! fire here,"Park Slope, Brooklyn",fire
R00202,THIS IS NOT A DRILL. THERE'S A FIRE IN THE BUILDING. SEND HELP!,"Sunset Park, Brooklyn",fire
R03652,Hospital!!! Emergency! Cash! Vehicle needed,"Greenwich Village, Manhattan",medical
R09599,Run for your life,"300 Ashland Place, Downtown Brooklyn, 7th floor, Room 7",other
R06675,"A person with a weapon is causing danger at Penn Plaza Tower, 5th floor Room 505","2 Penn Plaza, Midtown Manhattan, 5th floor, Room 4",crime
R05455,this builidng is collapsing ... send help,"2 Penn Plaza, Midtown Manhattan, 7th floor, Room 7",collapse
R01672,"BLAST. HELP ME!!!! In Midtown Tower, 5th floor Room Room 1","432 Park Avenue, Midtown Manhattan, 5th floor, Room 1",explosion
R05365,Go run fast. the building is collapsing,"111 Eighth Avenue, Chelsea, Manhattan, 5th floor, Room 9",collapse
R07595,Call the police right now!!,"620 Atlantic Avenue, Brooklyn, 3rd floor, Room 1",crime
R00568,AHHHHHHHH,"29-27 41st Avenue, Long Island City, 7th floor, Room 2",fire
R00622,AHHHHHHHH,"2 Penn Plaza, Midtown Manhattan, 5th floor, Room 11",fire
R00700,Eighth Avenue Tower: help mee fire fire fire pls,"Morningside Heights, Manhattan",fire
R07023,"A person with a weapon is causing danger at Eighth Avenue Tower, ground floor Room 109","Chinatown, Manhattan",crime
R07721,"Someone is threatening people near Eighth Avenue Tower, 8th floor Room 802, call police","111 Eighth Avenue, Chelsea, Manhattan, 8th floor, Room 6",crime
R03457,Call ambulance,"861 Grand Concourse, The Bronx, 4th floor, Room 4",medical
R01352,"Huge explosion at Queens Plaza Complex, smoke everywhere","27-01 Queens Plaza North, Long Island City, 4th floor, Room 9",explosion
R02842,A person got hit by a vehicle near Wall Street Tower 209,"88 Wall Street, Financial District, Manhattan, 7th floor, Room 1",accident
R02056,"Explosion at 3rd floor, Edgewater Plaza Save!!!","1 Edgewater Plaza, Staten Island, 3rd floor, Room 7",explosion
R07404,"Help, there is a robbery happening at the bank on Main Road, pls contact the police.","15 MetroTech Center, Downtown Brooklyn, ground floor, Room 8",crime
R04800,Atlantic Terminal under shreds! Building collapse,"620 Atlantic Avenue, Brooklyn, 6th floor, Room 4",collapse
R08892,Help mee,"861 Grand Concourse, The Bronx, 5th floor, Room 1",other
R03271,"Accident!!! people hurt, call ambulance","620 Atlantic Avenue, Brooklyn, 1st floor, Room 3",accident
R01710,MetroTech Center: something exploded nearby help,"Chinatown, Manhattan",explosion
R04736,Building collapsing run run,"Washington Heights, Manhattan",collapse
R00239,bro fire 1st floor!!,"2 Penn Plaza, Midtown Manhattan, 1st floor, Room 5",fire
R04051,Save meeeee save meeeee injured injured,"Chinatown, Manhattan",medical
R07607,"A person with a weapon is causing danger at Edgewater Plaza, 2nd floor","1 Edgewater Plaza, Staten Island, 2nd floor, Room 12",crime
R01207,Something just burst around me. Send rescue squad ASAP,"432 Park Avenue, Midtown Manhattan, 6th floor, Room 6",explosion
R07098,"Bomb blast Wall Street Tower, ground floor Room Room 6. Save me","88 Wall Street, Financial District, Manhattan, ground floor, Room 6",crime
R04488,No wayyy building falling,"Chinatown, Manhattan",collapse
R00595,THIS IS NOT A DRILL. THERE'S A firee IN THE BUILDING. SEND HELP!,"Flushing, Queens",fire
R02048,Something exploded we need to run,"1 Edgewater Plaza, Staten Island, 5th floor, Room 9",explosion
R00465,Help!!!!! fire here,"861 Grand Concourse, The Bronx, 8th floor, Room 10",fire
R06222,Get to higher ground now!!!!,"Riverdale, The Bronx",flood
R01969,Shit!! huge blast!!,"1 Edgewater Plaza, Staten Island, 1st floor, Room 1",explosion
R02106,Something just burst around me. Send rescue squad ASAP,"15 MetroTech Center, Downtown Brooklyn, ground floor, Room 9",explosion
R06607,flood has come,"2 Penn Plaza, Midtown Manhattan, 2nd floor, Room 7",flood
R05305,Building collapsing run run,"Sunset Park, Brooklyn",collapse
R00976,"Fire on ground floor Wall Street Tower, please send help immediately","88 Wall Street, Financial District, Manhattan, ground floor, Room 5",fire
R04107,Save meeeee save meeeee injured injured,"88 Wall Street, Financial District, Manhattan, 4th floor, Room 4",medical
R03590,Call hospital fast pls 😭,"300 Ashland Place, Downtown Brooklyn, ground floor, Room 3",medical
R03272,"bike hit someone at Penn Plaza Tower, 2nd floor, please send help","2 Penn Plaza, Midtown Manhattan, 2nd floor, Room 9",accident
R00088,Help there is fire in Eighth Avenue Tower 7th floor help,"Morningside Heights, Manhattan",fire
R02092,"Huge explosion at Chelsea Heights, smoke everywhere","450 West 33rd Street, Chelsea, Manhattan, 5th floor, Room 5",explosion
R03930,Helpp it's medical emergency,"300 Ashland Place, Downtown Brooklyn, 6th floor, Room 7",medical
R09342,The lift has stopped working. Save me!,"Astoria, Queens",other
R05836,Get to higher ground now!!,"450 West 33rd Street, Chelsea, Manhattan, 3rd floor, Room 9",flood
R07529,Call the police right now!!,"Morningside Heights, Manhattan",crime
R09449,"Emergency situation, please send help immediately","300 Ashland Place, Downtown Brooklyn, 7th floor, Room 1",other
R09607,Power is gone and people are stuck in the lift,"861 Grand Concourse, The Bronx, 6th floor, Room 2",other
R05277,SOS! BUILDING COLLAPSE! LOCATION SENT 😭,"Flushing, Queens",collapse
R00043,Call fire emergency,"Washington Heights, Manhattan",fire
R09245,"The lift stopped suddenly, people are inside","Chinatown, Manhattan",other
R07664,police come fast,"1 Edgewater Plaza, Staten Island, 7th floor, Room 9",crime
R00317,bro fire 4th floor,"Morningside Heights, Manhattan",fire
R06843,police come fast,"Greenwich Village, Manhattan",crime
R05416,"Building collapsed of Edgewater Plaza, need help","1 Edgewater Plaza, Staten Island, ground floor, Room 6",collapse
R09358,The lift has stopped working. Save me!,"1 Edgewater Plaza, Staten Island, 5th floor, Room 8",other
R05754,"Flood situation in Washington Heights, Manhattan, need relief ASAP!!","620 Atlantic Avenue, Brooklyn, 6th floor, Room 6",flood
R09537,Water pipe burst near Midtown Tower,"Morningside Heights, Manhattan",other
R00569,Firee fireee at Queens Plaza Complex saveee mee,"27-01 Queens Plaza North, Long Island City, 6th floor, Room 2",fire
R05897,Stuck in a flood 7th floor LIC Plaza,"Bushwick, Brooklyn",flood
R01736,Save us we are in Atlantic Terminal 2nd floor,"620 Atlantic Avenue, Brooklyn, 2nd floor, Room 2",explosion
R06085,Water everywhere help me,"111 Eighth Avenue, Chelsea, Manhattan, 3rd floor, Room 6",flood
R06678,"Robbery happening near Edgewater Plaza, send police","1 Edgewater Plaza, Staten Island, 1st floor, Room 1",crime
R01755,Helpppp there is a huge explosion helpppp,"Riverdale, The Bronx",explosion
R09874,"No electricity in Chelsea Heights, please send maintenance","450 West 33rd Street, Chelsea, Manhattan, 1st floor, Room 1",other
R00854,bro fire ground floor,"Astoria, Queens",fire
R07389,"Gunmen in. LIC Plaza main office, need immediate hlp","29-27 41st Avenue, Long Island City, 2nd floor, Room 1",crime
R01133,There has been an explosion in LIC Plaza there fire everywhere help,"29-27 41st Avenue, Long Island City, 4th floor, Room 6",explosion
R02450,"Road accident near Wall Street Tower, ambulance needed","88 Wall Street, Financial District, Manhattan, 3rd floor, Room 3",accident
R06532,there is a flood in our hostel rn. helpppp,"2 Penn Plaza, Midtown Manhattan, 8th floor, Room 2",flood
R07313,"A person with a weapon is causing danger at Eighth Avenue Tower, 4th floor Room 601","111 Eighth Avenue, Chelsea, Manhattan, 4th floor, Room 1",crime
R09932,The lift has stopped working. Save me!,"432 Park Avenue, Midtown Manhattan, 3rd floor, Room 3",other
R05658,HELP US!!! we are stuck in the flood prone area,"Astoria, Queens",flood
R06853,"Crime happening here, need police immediately","27-01 Queens Plaza North, Long Island City, 2nd floor, Room 1",crime
R06209,Water everywhere help me,"15 MetroTech Center, Downtown Brooklyn, 4th floor, Room 2",flood
R03301,Bike and car collided near MetroTech Center ground floor,"15 MetroTech Center, Downtown Brooklyn, ground floor, Room 7",accident
R07132,"there is a man with black mask and gun in the bank, please help","300 Ashland Place, Downtown Brooklyn, 1st floor, Room 1",crime
R05633,Flood. Help ..,"620 Atlantic Avenue, Brooklyn, 5th floor, Room 8",flood
R03470,Call 108 fasttttt there is an emergency,"Riverdale, The Bronx",medical
R07583,"Someone is threatening people near Eighth Avenue Tower, 7th floor, Room 805, call police","111 Eighth Avenue, Chelsea, Manhattan, 7th floor, Room 5",crime
R05493,The building has collapsed. Save me!,"Morningside Heights, Manhattan",collapse
R05569,flood has come,"1 Edgewater Plaza, Staten Island, 4th floor, Room 4",flood
R01928,It will blasttt,"Park Slope, Brooklyn",explosion
R00414,AHHHHHHHH,"29-27 41st Avenue, Long Island City, 2nd floor, Room 7",fire
R01884,"There's been an explosion at Edgewater Plaza, 6th floor Room 509. Call the emergency services! pls","1 Edgewater Plaza, Staten Island, 6th floor, Room 9",explosion
R05472,"The roof just collapsed at Queens Plaza Complex, people are trapped","Greenwich Village, Manhattan",collapse
R05823,"Flood water is entering the ground floor of Grand Concourse Tower, please send helpppp immediately","861 Grand Concourse, The Bronx, 5th floor, Room 4",flood
R01988,Room 11! Fire!!!!! blast Midtown Tower ground floor,"Park Slope, Brooklyn",explosion
R09612,"The lift stopped suddenly, people are inside","1 Edgewater Plaza, Staten Island, 6th floor, Room 1",other
R07729,Call the police right now!!,"1 Edgewater Plaza, Staten Island, 1st floor, Room 6",crime
R01140,"Quickly save us from explosion, 4th floor, Penn Plaza Tower!!","2 Penn Plaza, Midtown Manhattan, 4th floor, Room 3",explosion
R05046,Run under the table,"861 Grand Concourse, The Bronx, 3rd floor, Room 9",collapse
R05366,Building has been collapsed!,"111 Eighth Avenue, Chelsea, Manhattan, 6th floor, Room 3",collapse
R06053,"Flood situation in Park Slope, Brooklyn, need relief ASAP!!","861 Grand Concourse, The Bronx, 8th floor, Room 2",flood
R09318,A large tree has fallen across the road,"111 Eighth Avenue, Chelsea, Manhattan, 5th floor, Room 7",other
R00109,MetroTech Center 5th floor is on flames.. send help ASAP,"Astoria, Queens",fire
R00729,Fire!! 1st floor Edgewater Plaza !!!! Room 4!!,"1 Edgewater Plaza, Staten Island, ground floor, Room 10",fire
R03386,Hospital!!! Emergency! Cash! Vehicle needed,"88 Wall Street, Financial District, Manhattan, 6th floor, Room 3",medical
R09141,A large tree has fallen across the road 😭,"88 Wall Street, Financial District, Manhattan, 6th floor, Room 6",other
R09863,The lift has stopped working. Save me!,"88 Wall Street, Financial District, Manhattan, 6th floor, Room 9",other
R00355,Help!!!!! fire here!!,"620 Atlantic Avenue, Brooklyn, 6th floor, Room 9",fire
R04534,Hellllppppppp!!!! This building is falling!!,"88 Wall Street, Financial District, Manhattan, 5th floor, Room 2",collapse
R04155,Hospital emergency. Help,"861 Grand Concourse, The Bronx, 7th floor, Room 4",medical
R09495,"Street light is not working near Washington Heights, Manhattan","Greenwich Village, Manhattan",other
R04004,Doctor where is he,"Washington Heights, Manhattan",medical
R05916,Blub blub blub,"300 Ashland Place, Downtown Brooklyn, 4th floor, Room 9",flood
R09866,"There is a gas smell in the building, please check","88 Wall Street, Financial District, Manhattan, 1st floor, Room 7",other
R02784,"Car accident, people are injured, send helpppp","861 Grand Concourse, The Bronx, 3rd floor, Room 3",accident
R08965,"Street light is not working near Astoria, Queens","861 Grand Concourse, The Bronx, 6th floor, Room 2",other
R05000,Run under the table,"Riverdale, The Bronx",collapse
R04337,"Someone needs urgent medical helpppp at Penn Plaza Tower, 6th floor Room 606","2 Penn Plaza, Midtown Manhattan, 6th floor, Room 6",medical
R09752,A large tree has fallen across the road,"Sunset Park, Brooklyn",other
R04698,EVACUATE pls,"Flushing, Queens",collapse
R02419,"Major accident at Edgewater Plaza Room 8, need help ASAP!!","1 Edgewater Plaza, Staten Island, ground floor, Room 8",accident
R07648,"Something serious is happening here, hurry","Riverdale, The Bronx",crime
R04731,SOS! BUILDING COLLAPSE! LOCATION SENT,"Washington Heights, Manhattan",collapse
R02118,It will blasttt,"861 Grand Concourse, The Bronx, ground floor, Room 4",explosion
R07705,"Gunmen in. Atlantic Terminal main office, need immediate hlp","620 Atlantic Avenue, Brooklyn, 2nd floor, Room 3",crime
R02962,Accident hereeee help fast,"300 Ashland Place, Downtown Brooklyn, 8th floor, Room 11",accident
R07438,"Robbery happening near Queens Plaza Complex, send police","27-01 Queens Plaza North, Long Island City, 3rd floor, Room 9",crime
R04387,Helpp it's medical emergency,"2 Penn Plaza, Midtown Manhattan, 2nd floor, Room 8",medical
R05084,"Someone get me out, building collapsed","432 Park Avenue, Midtown Manhattan, 1st floor, Room 4",collapse
R07348,Call the emergency helpline number!,"Riverdale, The Bronx",crime
R04458,Oh no! The building! It's falling!,"450 West 33rd Street, Chelsea, Manhattan, 7th floor, Room 1",collapse
R09813,Lift is stuck between floors at Penn Plaza Tower,"2 Penn Plaza, Midtown Manhattan, 6th floor, Room 10",other
R06452,"Flood water is entering the ground floor of Ashland Place Tower, pls send help immediately","Park Slope, Brooklyn",flood
R01984,Explosion in building run away.....,"620 Atlantic Avenue, Brooklyn, 4th floor, Room 4",explosion
R07133,Call police come fast,"Chinatown, Manhattan",crime
R06300,Helpppp i am drowning helpppp,"1 Edgewater Plaza, Staten Island, 4th floor, Room 1",flood
R06029,Savee me from the floodd pls,"300 Ashland Place, Downtown Brooklyn, 4th floor, Room 4",flood
R05817,Flood. Help ..,"29-27 41st Avenue, Long Island City, 6th floor, Room 6",flood
R05143,SOS! BUILDING COLLAPSE! LOCATION SENT,"111 Eighth Avenue, Chelsea, Manhattan, 5th floor, Room 5",collapse
R04992,"Someone get me out, building collapsed","Flushing, Queens",collapse
R07221,Call police come fast,"27-01 Queens Plaza North, Long Island City, 3rd floor, Room 10",crime
R09777,Please send maintenance team to MetroTech Center,"Astoria, Queens",other
R00949,Fire!! 1st floor Chelsea Heights !!!! 309!!,"450 West 33rd Street, Chelsea, Manhattan, 2nd floor, Room 2",fire
R02127,Something exploded we need to run,"432 Park Avenue, Midtown Manhattan, 1st floor, Room 1",explosion
R07211,"Armed robbery happening right now at the bank, call the police","2 Penn Plaza, Midtown Manhattan, 3rd floor, Room 6",crime
R00735,THIS IS NOT A DRILL. THERE'S A FIRE IN THE BUILDING. SEND HELP!,"861 Grand Concourse, The Bronx, 2nd floor, Room 3",fire
R02170,"Explosion help , 7th floor Grand Concourse Tower","Astoria, Queens",explosion
R04795,"The roof just collapsed at Wall Street Tower, people are trapped","88 Wall Street, Financial District, Manhattan, 8th floor, Room 8",collapse
R01397,"Explosion at ground floor, Atlantic Terminal Save!!!!!","Riverdale, The Bronx",explosion
R00817,"Oh no, fire has started","Astoria, Queens",fire
R09494,Water pipe burst near Grand Concourse Tower!!!,"861 Grand Concourse, The Bronx, 4th floor, Room 6",other
R03692,"Someone needs urgent medical help at Chelsea Heights, 3rd floor Room 105","Greenwich Village, Manhattan",medical
R02372,"Someone got injured in a road accident at LIC Plaza, 7th floor Room 607","29-27 41st Avenue, Long Island City, 7th floor, Room 9",accident
R03902,"Please send an ambulance to Grand Concourse Tower, 4th floor Room Room 7","861 Grand Concourse, The Bronx, 4th floor, Room 3",medical
R09285,"Road is blocked by a fallen tree near Grand Concourse Tower, 7th floor Room Room 10","861 Grand Concourse, The Bronx, 7th floor, Room 9",other
R02400,"Someone got injured in a road accident at MetroTech Center, 4th floor, Room 401","15 MetroTech Center, Downtown Brooklyn, 4th floor, Room 1",accident
R00028,LIC Plaza: help mee firee firee firee,"29-27 41st Avenue, Long Island City, 7th floor, Room 7",fire
R06193,Get to higher ground now!!,"450 West 33rd Street, Chelsea, Manhattan, 1st floor, Room 8",flood
R01673,"EXPLOSION 8th floor, Grand Concourse Tower, HELP MEEE!","Riverdale, The Bronx",explosion
R03773,Urgent help needed hereee!!,"Astoria, Queens",medical
R03680,I have a medical emergency at Chelsea Heights 807,"450 West 33rd Street, Chelsea, Manhattan, ground floor, Room 7",medical
R01722,Something just burst around me. Send rescue squad ASAP pls,"29-27 41st Avenue, Long Island City, 5th floor, Room 3",explosion
R02743,"Major accident at Edgewater Plaza, ground floor Room 801, need help","Sunset Park, Brooklyn",accident
R02195,"There's been an explosion at LIC Plaza, 2nd floor. Call the emergency services!","29-27 41st Avenue, Long Island City, 2nd floor, Room 12",explosion
R02638,"There has been an accident at Queens Plaza Complex, 2nd floor Room 202, emergency help needed ASAP!!","27-01 Queens Plaza North, Long Island City, 2nd floor, Room 11",accident
R00175,THIS IS NOT A DRILL. THERE'S A FIRE IN THE BUILDING. SEND HELP!,"861 Grand Concourse, The Bronx, ground floor, Room 8",fire
R07502,Call the police right now!!,"300 Ashland Place, Downtown Brooklyn, 2nd floor, Room 2",crime
R04226,I need urgent medical help please,"Sunset Park, Brooklyn",medical
R06534,"Water level rising rapidly near Greenwich Village, Manhattan!!!","432 Park Avenue, Midtown Manhattan, 5th floor, Room 7",flood
R01524,Helpppp there is a huge explosion helpppp,"432 Park Avenue, Midtown Manhattan, 1st floor, Room 1",explosion
R04339,"Open wound, and concussion emergency first aid and ambulance required ASAP!","Morningside Heights, Manhattan",medical
R02883,"Traffic accident near Astoria, Queens, need immediate assistance ...","Riverdale, The Bronx",accident
R06257,Flood. Help ..,"861 Grand Concourse, The Bronx, 1st floor, Room 1",flood
R02966,"Someone got injured in a road accident at LIC Plaza, 3rd floor","29-27 41st Avenue, Long Island City, 3rd floor, Room 3",accident
R00267,Fire at Eighth Avenue Tower first floor.... Come quickly pls,"111 Eighth Avenue, Chelsea, Manhattan, 2nd floor, Room 3",fire
R04406,"SOS I am having an attack!!!! MetroTech Center, 2nd floor, Room 308","15 MetroTech Center, Downtown Brooklyn, 2nd floor, Room 8",medical
R09145,"Street light is not working near Washington Heights, Manhattan","Bushwick, Brooklyn",other
R09579,"In case of gas leak, don't switch on the bulb","29-27 41st Avenue, Long Island City, ground floor, Room 4",other
R02880,Accident hereeee helpppp fast,"Morningside Heights, Manhattan",accident
R09649,Water pipe burst near Eighth Avenue Tower,"111 Eighth Avenue, Chelsea, Manhattan, 7th floor, Room 7",other
R00754,Fireeeeee helpppppp,"450 West 33rd Street, Chelsea, Manhattan, 3rd floor, Room 11",fire
R06949,I am in dangerrr idk what to do,"27-01 Queens Plaza North, Long Island City, 6th floor, Room 3",crime
R02189,"BLAST. HELP ME!!!! In MetroTech Center, 4th floor!!!","15 MetroTech Center, Downtown Brooklyn, 4th floor, Room 6",explosion
R00985,firee!! 1st floor MetroTech Center !!!! Room 1!!,"15 MetroTech Center, Downtown Brooklyn, 1st floor, Room 1",fire
R03358,SOS I am having an attack!!!! Penn Plaza Tower 5th floor,"Astoria, Queens",medical
R05720,Let's move to the higher ground.,"29-27 41st Avenue, Long Island City, 2nd floor, Room 2",flood
R05052,SOS! BUILDING COLLAPSE! LOCATION SENT,"111 Eighth Avenue, Chelsea, Manhattan, 4th floor, Room 4",collapse
R05944,Let's move to the higher ground.,"111 Eighth Avenue, Chelsea, Manhattan, ground floor, Room 5",flood
R05393,Building has been collapsed!,"Morningside Heights, Manhattan",collapse
R09837,"No electricity in Edgewater Plaza, please send maintenance","1 Edgewater Plaza, Staten Island, 2nd floor, Room 2",other
R00417,THIS IS NOT A DRILL. THERE'S A firee IN THE BUILDING. SEND HELP!,"Greenwich Village, Manhattan",fire
R09635,"There is a gas smell in the building, please check","300 Ashland Place, Downtown Brooklyn, ground floor, Room 6",other
R04728,"The roof just collapsed at Wall Street Tower, people are trapped!!!","Riverdale, The Bronx",collapse
R03826,"Open wound, and concussion emergency first aid and ambulance required ASAP!","Greenwich Village, Manhattan",medical
R02245,"Major accident at Penn Plaza Tower, ground floor Room G00, need help","Park Slope, Brooklyn",accident
R01561,"Quickly save us from explosion, 2nd floor, Chelsea Heights","Bushwick, Brooklyn",explosion
R08953,"The lift stopped suddenly, people are inside","620 Atlantic Avenue, Brooklyn, 5th floor, Room 2",other
R05923,"Flood water is entering the ground floor of MetroTech Center, please send help immediately","15 MetroTech Center, Downtown Brooklyn, 4th floor, Room 9",flood
R03405,Call an ambulance! Call an ambulance!,"Sunset Park, Brooklyn",medical
R05676,Move to top floor,"29-27 41st Avenue, Long Island City, ground floor, Room 3",flood
R05760,Move to top floor,"300 Ashland Place, Downtown Brooklyn, 3rd floor, Room 4",flood
R04876,"Someone get me out, building collapsed","450 West 33rd Street, Chelsea, Manhattan, ground floor, Room 5",collapse
R09262,Gas leakage here don't switch bulb on,"Greenwich Village, Manhattan",other
R02314,Accident hereeee help fast,"88 Wall Street, Financial District, Manhattan, 6th floor, Room 11",accident
R00656,bro fire 1st floor,"29-27 41st Avenue, Long Island City, 1st floor, Room 9",fire
R04941,EVACUATE,"Sunset Park, Brooklyn",collapse
R05027,Run under the table,"29-27 41st Avenue, Long Island City, 8th floor, Room 8",collapse
R06157,HELP US!!! we are stuck in the flood prone area pls,"15 MetroTech Center, Downtown Brooklyn, 6th floor, Room 2",flood
R09374,"There is a gas smell in the building, please check","27-01 Queens Plaza North, Long Island City, 6th floor, Room 3",other
R01904,Shit!! huge blast,"Riverdale, The Bronx",explosion
R05527,"Someone get me out, building collapsed","Washington Heights, Manhattan",collapse
R00426,Chelsea Heights 6th floor is on flames.. send helpppp ASAP,"450 West 33rd Street, Chelsea, Manhattan, 6th floor, Room 2",fire
R06722,Call the emergency helpline number!,"88 Wall Street, Financial District, Manhattan, 7th floor, Room 7",crime
R04756,Run,"300 Ashland Place, Downtown Brooklyn, 6th floor, Room 1",collapse
R02272,"Two vehicles collided, Sunset Park, Brooklyn ASAP!!","Sunset Park, Brooklyn",accident
R03956,Helpp it's medical emergency,"2 Penn Plaza, Midtown Manhattan, ground floor, Room 9",medical
R03608,"Open wound, and concussion emergency first aid and ambulance required ASAP! 😭","Park Slope, Brooklyn",medical
R01880,"Quickly save us from explosion, ground floor, Chelsea Heights","Riverdale, The Bronx",explosion
R07177,Am I that unlucky,"Riverdale, The Bronx",crime
R04296,Call doctor and ask for helpppp,"Washington Heights, Manhattan",medical
R01229,Explosion in building run away.....,"432 Park Avenue, Midtown Manhattan, 7th floor, Room 4",explosion
R03997,"Call 108 LIC Plaza, 2nd floor, Room 202 send guys","29-27 41st Avenue, Long Island City, 2nd floor, Room 2",medical
R03212,"A person got hit by a vehicle near Chelsea Heights, 1st floor","450 West 33rd Street, Chelsea, Manhattan, 1st floor, Room 9",accident
R04019,I need urgent medical help please,"29-27 41st Avenue, Long Island City, ground floor, Room 12",medical
R09502,"There is a gas smell in the building, please check","1 Edgewater Plaza, Staten Island, 5th floor, Room 5",other
R01743,It will blasttt,"1 Edgewater Plaza, Staten Island, 8th floor, Room 2",explosion
R04805,SOS! BUILDING COLLAPSE! LOCATION SENT,"2 Penn Plaza, Midtown Manhattan, 8th floor, Room 4",collapse
R01861,"Explosion at 2nd floor, Queens Plaza Complex Save!!!","27-01 Queens Plaza North, Long Island City, 2nd floor, Room 2",explosion
R00269,"Fire has started in Ashland Place Tower 805, need urgent help ASAP!!","300 Ashland Place, Downtown Brooklyn, 1st floor, Room 6",fire
R05066,SOS! BUILDING COLLAPSE! LOCATION SENT ...,"2 Penn Plaza, Midtown Manhattan, 3rd floor, Room 2",collapse
R04903,Leave the building quickly,"29-27 41st Avenue, Long Island City, 3rd floor, Room 8",collapse
R01326,Shit!! huge blast,"Astoria, Queens",explosion
R01797,There's been an explosion at Queens Plaza Complex G00. Call the emergency services!,"Bushwick, Brooklyn",explosion
R03621,Save meeeee save meeeee injured injured,"620 Atlantic Avenue, Brooklyn, 6th floor, Room 10",medical
R09048,Road is blocked by a fallen tree near Queens Plaza Complex 202,"Chinatown, Manhattan",other
R06575,flood has come,"861 Grand Concourse, The Bronx, 4th floor, Room 9",flood
R06696,"Help me.. there's robbery near Astoria, Queens. 😭","27-01 Queens Plaza North, Long Island City, 2nd floor, Room 2",crime
R02040,Something exploded we need to run,"27-01 Queens Plaza North, Long Island City, 2nd floor, Room 2",explosion
R04986,The building has collapsed. Save me!,"Sunset Park, Brooklyn",collapse
R03411,"Someone needs urgent medical help at Chelsea Heights, 6th floor Room 101","450 West 33rd Street, Chelsea, Manhattan, 6th floor, Room 1",medical
R04865,SOS! BUILDING COLLAPSE! LOCATION SENT,"861 Grand Concourse, The Bronx, ground floor, Room 6",collapse
R00999,Fireeeeee helpppppp,"Sunset Park, Brooklyn",fire
R03882,Call hospital fast pls,"Park Slope, Brooklyn",medical
R02653,"Crash happened outside Chelsea Heights, send medical team","450 West 33rd Street, Chelsea, Manhattan, 6th floor, Room 6",accident
R07770,"Armed robbery happening right now at the bank, call the police!!","Morningside Heights, Manhattan",crime
R02702,Accident hereeee help fast,"Flushing, Queens",accident
R01734,Helpppp there's a huge explosion helpppp,"Riverdale, The Bronx",explosion
R05877,there is a flood in our hostel rn. help ASAP!!,"29-27 41st Avenue, Long Island City, ground floor, Room 10",flood
R03659,"Chest pain, LIC Plaza need to go to the hospital fast","1 Edgewater Plaza, Staten Island, 8th floor, Room 12",medical
R05180,Run ASAP!!,"2 Penn Plaza, Midtown Manhattan, 8th floor, Room 9",collapse
R07446,I am in dangerrr idk what to do,"1 Edgewater Plaza, Staten Island, 8th floor, Room 3",crime
R04302,"I think I'm dying, please help","Greenwich Village, Manhattan",medical
R09597,"No electricity in Chelsea Heights, please send maintenance","Sunset Park, Brooklyn",other
R05908,"Flood, I am stuck, save me!","29-27 41st Avenue, Long Island City, 7th floor, Room 3",flood
R08966,Please send maintenance team to Queens Plaza Complex,"Riverdale, The Bronx",other
R00307,THIS IS NOT A DRILL. THERE'S A FIRE IN THE BUILDING. SEND HELP!,"1 Edgewater Plaza, Staten Island, ground floor, Room 5",fire
R07069,"Something serious is happening here, hurry ASAP!!","88 Wall Street, Financial District, Manhattan, 5th floor, Room 1",crime
R03360,"Open wound, and concussion emergency first aid and ambulance required ASAP!","861 Grand Concourse, The Bronx, 3rd floor, Room 1",medical
R09900,"Emergency situation, please send help immediately","Riverdale, The Bronx",other
R04441,"Open wound, and concussion emergency first aid and ambulance required ASAP!","620 Atlantic Avenue, Brooklyn, 2nd floor, Room 9",medical
R01462,There has been an explosion in Edgewater Plaza there fire everywhere help,"1 Edgewater Plaza, Staten Island, 3rd floor, Room 3",explosion
R01028,"Fire on 6th floor MetroTech Center, please send help immediately","15 MetroTech Center, Downtown Brooklyn, 6th floor, Room 3",fire
R06776,"Crime happening here, need police immediately","450 West 33rd Street, Chelsea, Manhattan, 5th floor, Room 7",crime
R03755,I need urgent medical help pls,"Morningside Heights, Manhattan",medical
R02841,Bike and car collided near Eighth Avenue Tower 3rd floor,"111 Eighth Avenue, Chelsea, Manhattan, 3rd floor, Room 5",accident
R09397,"Road is blocked by a fallen tree near Wall Street Tower, 1st floor Room 208","88 Wall Street, Financial District, Manhattan, 1st floor, Room 8",other
R09973,The lift has stopped working. Save me!,"2 Penn Plaza, Midtown Manhattan, 7th floor, Room 7",other
R01359,Save us we are in Ashland Place Tower 4th floor,"300 Ashland Place, Downtown Brooklyn, 4th floor, Room 4",explosion
R09594,"Emergency situation at MetroTech Center, 3rd floor, Room 303, please send help","15 MetroTech Center, Downtown Brooklyn, 3rd floor, Room 3",other
R00185,"Fire on 8th floor Eighth Avenue Tower, please send help immediately","Sunset Park, Brooklyn",fire
R09790,Run for your life,"620 Atlantic Avenue, Brooklyn, 1st floor, Room 11",other
R08997,A large tree has fallen across the road,"432 Park Avenue, Midtown Manhattan, 3rd floor, Room 1",other
R04842,Go run fast. the building is collapsing ASAP!!,"432 Park Avenue, Midtown Manhattan, 8th floor, Room 8",collapse
R03436,I need urgent medical help please,"1 Edgewater Plaza, Staten Island, 3rd floor, Room 3",medical
R05483,Go run fast. the building is collapsing,"111 Eighth Avenue, Chelsea, Manhattan, ground floor, Room 12",collapse
R02749,A person got hit by a vehicle near Wall Street Tower 1st floor,"88 Wall Street, Financial District, Manhattan, 1st floor, Room 1",accident
R04947,No wayyy building falling!!!,"450 West 33rd Street, Chelsea, Manhattan, 3rd floor, Room 4",collapse
R05607,Blub blub blub,"88 Wall Street, Financial District, Manhattan, 3rd floor, Room 4",flood
R04158,Urgent help needed hereee!!,"432 Park Avenue, Midtown Manhattan, 7th floor, Room 2",medical
R07362,"Bank robbery, help, 2nd floor LIC Plaza","29-27 41st Avenue, Long Island City, 2nd floor, Room 1",crime
R06975,Call the police right now!!,"111 Eighth Avenue, Chelsea, Manhattan, 5th floor, Room 4",crime
R06194,Get to higher ground now!!,"Washington Heights, Manhattan",flood
R04010,"Please send an ambulance to MetroTech Center, 4th floor Room 404 ...","15 MetroTech Center, Downtown Brooklyn, 4th floor, Room 4",medical
R03315,"There has been an accident at Ashland Place Tower 105, emergency help needed","300 Ashland Place, Downtown Brooklyn, 2nd floor, Room 1",accident
R04737,SOS! BUILDING COLLAPSE! LOCATION SENT,"2 Penn Plaza, Midtown Manhattan, 5th floor, Room 5",collapse
R07210,"Armed robbery happening right now at the bank, call the police ASAP!!","Astoria, Queens",crime
R05891,Stuck in a flood ground floor Chelsea Heights,"Washington Heights, Manhattan",flood
R04194,"Open wound, and concussion emergency first aid and ambulance required ASAP!","300 Ashland Place, Downtown Brooklyn, 2nd floor, Room 3",medical
R07714,"Bank robbery, help, 8th floor Chelsea Heights","450 West 33rd Street, Chelsea, Manhattan, 8th floor, Room 11",crime
R00412,Call fire emergency,"Greenwich Village, Manhattan",fire
R09207,Water pipe burst near Atlantic Terminal,"Flushing, Queens",other
R09062,Help mee,"88 Wall Street, Financial District, Manhattan, 7th floor, Room 9",other
R05362,6th floor Ashland Place Tower building collapsed I’m stuck please helpppp,"300 Ashland Place, Downtown Brooklyn, 6th floor, Room 11",collapse
R05659,Please evacuate the lower floors of Atlantic Terminal as soon as possible,"620 Atlantic Avenue, Brooklyn, ground floor, Room 1",flood
R01643,"Explosion help , 4th floor Penn Plaza Tower","Sunset Park, Brooklyn",explosion
R02064,Helpppp there is a huge explosion helpppp,"861 Grand Concourse, The Bronx, ground floor, Room 1",explosion
R02504,"Traffic accident near Bushwick, Brooklyn, need immediate assistance","29-27 41st Avenue, Long Island City, 4th floor, Room 9",accident
R09330,Help mee,"15 MetroTech Center, Downtown Brooklyn, ground floor, Room 7",other
R09334,Run for your life,"29-27 41st Avenue, Long Island City, 1st floor, Room 11",other
R02243,Someone got injured in a road accident at Ashland Place Tower 3rd floor,"300 Ashland Place, Downtown Brooklyn, 3rd floor, Room 7",accident
R05779,Move to safe area,"88 Wall Street, Financial District, Manhattan, 4th floor, Room 3",flood
R02273,"Road accident near Ashland Place Tower, ambulance needed","300 Ashland Place, Downtown Brooklyn, 2nd floor, Room 2",accident
R09719,"In case of gas leak, don't switch on the bulb pls","29-27 41st Avenue, Long Island City, 7th floor, Room 9",other
R01873,"EXPLOSION ground floor, Edgewater Plaza, HELP MEEE!","1 Edgewater Plaza, Staten Island, ground floor, Room 2",explosion
R01434,Loud sound. Was that a bomb?,"Bushwick, Brooklyn",explosion
R01998,"BLAST. HELP ME!!!! In Midtown Tower, 5th floor Room 505","432 Park Avenue, Midtown Manhattan, 5th floor, Room 5",explosion
R02474,"Road accident near Midtown Tower, ambulance needed","432 Park Avenue, Midtown Manhattan, 3rd floor, Room 3",accident
R03967,"Chest pain, LIC Plaza need to go to the hospital fast","Flushing, Queens",medical
R00329,Stay away there's a firee!!,"2 Penn Plaza, Midtown Manhattan, 7th floor, Room 1",fire
R00864,Penn Plaza Tower: helpppp mee fire fire fire,"2 Penn Plaza, Midtown Manhattan, 1st floor, Room 1",fire
R06550,Please evacuate the lower floors of Penn Plaza Tower as soon as possible,"Sunset Park, Brooklyn",flood
R05577,"The ground is flooded, send helpppp, lifeboat and first aid","27-01 Queens Plaza North, Long Island City, 8th floor, Room 1",flood
R04128,Helpp it's medical emergency,"Sunset Park, Brooklyn",medical
R03988,Doctor where is he,"2 Penn Plaza, Midtown Manhattan, 8th floor, Room 7",medical
R07147,"Bomb blast Atlantic Terminal, 6th floor, Room Room 6. Save me","620 Atlantic Avenue, Brooklyn, 6th floor, Room 6",crime
R07693,Call the police right now!! ASAP!!,"450 West 33rd Street, Chelsea, Manhattan, ground floor, Room 9",crime
R00420,THIS IS NOT A DRILL. THERE'S A FIRE IN THE BUILDING. SEND HELP!,"111 Eighth Avenue, Chelsea, Manhattan, 6th floor, Room 1",fire
R07340,"Gunmen in. LIC Plaza main office, need immediate hlp","29-27 41st Avenue, Long Island City, 1st floor, Room 1",crime
R01196,"Huge explosion at Wall Street Tower, smoke everywhere","88 Wall Street, Financial District, Manhattan, 7th floor, Room 9",explosion
R04743,Go run fast. the building is collapsing,"15 MetroTech Center, Downtown Brooklyn, 1st floor, Room 2",collapse
R09283,"Street light is not working near Park Slope, Brooklyn","1 Edgewater Plaza, Staten Island, 8th floor, Room 3",other
R04692,"The roof just collapsed at Ashland Place Tower, people are trapped","300 Ashland Place, Downtown Brooklyn, 8th floor, Room 7",collapse
R07040,police come fast,"Greenwich Village, Manhattan",crime
R03487,"Open wound, and concussion emergency first aid and ambulance required ASAP!","861 Grand Concourse, The Bronx, 1st floor, Room 2",medical
R01473,Explosion in building run away.....,"620 Atlantic Avenue, Brooklyn, 4th floor, Room 7",explosion
R04729,"Building collapsed of Grand Concourse Tower, need help","861 Grand Concourse, The Bronx, 6th floor, Room 6",collapse
R01477,Save us we are in Penn Plaza Tower 5th floor,"2 Penn Plaza, Midtown Manhattan, 5th floor, Room 5",explosion
R09861,Road is blocked by a fallen tree near Wall Street Tower 808,"88 Wall Street, Financial District, Manhattan, 8th floor, Room 10",other
R02112,"There's been an explosion at Eighth Avenue Tower, ground floor Room G00. Call the emergency services!","Park Slope, Brooklyn",explosion
R01876,"Huge explosion at Penn Plaza Tower, smoke everywhere","Chinatown, Manhattan",explosion
R09995,"Something unusual is happening near Midtown Tower, 3rd floor Room 303, please check pls","Sunset Park, Brooklyn",other
R00879,"Chelsea Heights, 7th floor, Room 304 FIREEEEEE HELP","450 West 33rd Street, Chelsea, Manhattan, 7th floor, Room 4",fire
R00928,"Oh no, fire has started","Sunset Park, Brooklyn",fire
R09151,"Emergency situation at Grand Concourse Tower 301, please send help","861 Grand Concourse, The Bronx, 4th floor, Room 5",other
R07700,"Something serious is happening here, hurry","15 MetroTech Center, Downtown Brooklyn, ground floor, Room 8",crime
R03079,"Vehicle overturned near LIC Plaza, need rescue","29-27 41st Avenue, Long Island City, 4th floor, Room 1",accident
R00419,Fire at Eighth Avenue Tower first floor.... Come quickly!!!,"Astoria, Queens",fire
R03832,Save meeeee save meeeee injured injured,"861 Grand Concourse, The Bronx, 3rd floor, Room 5",medical
R00090,Firee fireee at Penn Plaza Tower saveee mee,"2 Penn Plaza, Midtown Manhattan, 1st floor, Room 2",fire
R09333,Water pipe burst near Edgewater Plaza,"Bushwick, Brooklyn",other
R00880,Eighth Avenue Tower: helpppp mee fire fire fire,"Bushwick, Brooklyn",fire
R04091,Doctor where is he,"88 Wall Street, Financial District, Manhattan, 3rd floor, Room 3",medical
R00849,bro fire 8th floor,"Greenwich Village, Manhattan",fire
R03492,Urgent help needed hereee!!,"Astoria, Queens",medical
R01740,"There's been an explosion at MetroTech Center, ground floor, Room Room 1. Call the emergency services!","15 MetroTech Center, Downtown Brooklyn, ground floor, Room 1",explosion
R07565,"Gunmen in. Queens Plaza Complex main office, need immediate hlp","27-01 Queens Plaza North, Long Island City, ground floor, Room 3",crime
R00071,Queens Plaza Complex: help mee fire fire fire,"27-01 Queens Plaza North, Long Island City, 6th floor, Room 6",fire
R07479,"Armed robbery happening right now at the bank, call the police","88 Wall Street, Financial District, Manhattan, 5th floor, Room 1",crime
R03154,"Car accident, people are injured, send help","620 Atlantic Avenue, Brooklyn, 3rd floor, Room 10",accident
R00221,Call fire emergency,"Park Slope, Brooklyn",fire
R03273,"Road accident near Chelsea Heights, ambulance needed!!","450 West 33rd Street, Chelsea, Manhattan, 5th floor, Room 1",accident
R06775,"Catch the criminal, close the gates","Astoria, Queens",crime
R02393,"There has been an accident at Eighth Avenue Tower 604, emergency help needed","Greenwich Village, Manhattan",accident
R00923,AHHHHHHHH,"Sunset Park, Brooklyn",fire
R09563,Gas leakage here don't switch bulb on,"300 Ashland Place, Downtown Brooklyn, 7th floor, Room 9",other
R02697,"Auto accident at Eighth Avenue Tower, ground floor Room G00, please help","111 Eighth Avenue, Chelsea, Manhattan, ground floor, Room 10",accident
R05968,Let's move to the higher ground.,"2 Penn Plaza, Midtown Manhattan, 6th floor, Room 1",flood
R06485,Helpppp i am drowning helpppp,"432 Park Avenue, Midtown Manhattan, 3rd floor, Room 3",flood
R01901,"Huge explosion at Chelsea Heights, smoke everywhere","450 West 33rd Street, Chelsea, Manhattan, ground floor, Room 6",explosion
R06211,Blub blub blub!!,"861 Grand Concourse, The Bronx, 1st floor, Room 1",flood
R05414,"Building collapsed of Wall Street Tower, need help","88 Wall Street, Financial District, Manhattan, 5th floor, Room 5",collapse
R01856,Loud sound. Was that a bomb?,"432 Park Avenue, Midtown Manhattan, ground floor, Room 9",explosion
R04064,"Chest pain, LIC Plaza need to go to the hospital fast","432 Park Avenue, Midtown Manhattan, 1st floor, Room 6",medical
R05283,Oh no! The building! It's falling!,"620 Atlantic Avenue, Brooklyn, 3rd floor, Room 3",collapse
R04018,"Chest pain, LIC Plaza need to go to the hospital fast 😭","Park Slope, Brooklyn",medical
R03481,Call doctor and ask for help,"Greenwich Village, Manhattan",medical
R06348,"Flood situation in Riverdale, The Bronx, need relief ASAP!! pls","Park Slope, Brooklyn",flood
R09528,Road is blocked by a fallen tree near MetroTech Center 7th floor,"15 MetroTech Center, Downtown Brooklyn, 7th floor, Room 3",other
R06655,TAKE HIGH GROUND flood ...,"Bushwick, Brooklyn",flood
R07503,Call the emergency helpline number!,"300 Ashland Place, Downtown Brooklyn, 3rd floor, Room 3",crime
R04017,Call ambulance,"861 Grand Concourse, The Bronx, 4th floor, Room 6",medical
R00710,Eighth Avenue Tower: help mee fire fire fire,"Morningside Heights, Manhattan",fire
R03532,Call an ambulance! Call an ambulance!!!,"2 Penn Plaza, Midtown Manhattan, 3rd floor, Room 5",medical
R04263,"Please send an ambulance to Midtown Tower, 6th floor Room Room 7","432 Park Avenue, Midtown Manhattan, 6th floor, Room 7",medical
R04926,SOS! BUILDING COLLAPSE! LOCATION SENT ASAP!!,"29-27 41st Avenue, Long Island City, ground floor, Room 6",collapse
R06829,Call the police right now!!,"111 Eighth Avenue, Chelsea, Manhattan, 7th floor, Room 7",crime
R09446,"Road is blocked by a fallen tree near Chelsea Heights, 1st floor","450 West 33rd Street, Chelsea, Manhattan, 1st floor, Room 3",other
R07218,"Help, there is a robbery happening at the bank on Main Road, please contact the police.","Park Slope, Brooklyn",crime
R02952,"Auto accident at Grand Concourse Tower, 3rd floor, please help","861 Grand Concourse, The Bronx, 3rd floor, Room 1",accident
R09026,Power is gone and people are stuck in the lift,"300 Ashland Place, Downtown Brooklyn, 8th floor, Room 8",other
R07629,Call police come fast,"Chinatown, Manhattan",crime
R06600,"Water level rising rapidly near Chinatown, Manhattan","620 Atlantic Avenue, Brooklyn, 8th floor, Room 8",flood
R03553,"Open wound, and concussion emergency first aid and ambulance required ASAP!","620 Atlantic Avenue, Brooklyn, 7th floor, Room 7",medical
R04581,No wayyy building falling,"861 Grand Concourse, The Bronx, 2nd floor, Room 2",collapse
R05765,Water everywhere help me,"27-01 Queens Plaza North, Long Island City, 4th floor, Room 4",flood
R03037,"Crash happened outside Midtown Tower, send medical team","Riverdale, The Bronx",accident
R04167,Someone needs urgent medical help at Grand Concourse Tower 6th floor,"861 Grand Concourse, The Bronx, 6th floor, Room 9",medical
R04725,Run,"15 MetroTech Center, Downtown Brooklyn, 1st floor, Room 1",collapse
R06370,"Flood situation in Park Slope, Brooklyn, need relief ASAP!!","Astoria, Queens",flood
R04767,No wayyy building falling,"111 Eighth Avenue, Chelsea, Manhattan, 5th floor, Room 4",collapse
R02805,"Road accident near Penn Plaza Tower, ambulance needed","Bushwick, Brooklyn",accident
R01953,"Wall Street Tower, 6th floor Room 903 Explosion","Washington Heights, Manhattan",explosion
R07066,Call the police right now!!,"432 Park Avenue, Midtown Manhattan, 3rd floor, Room 3",crime
R00397,"Fire has started in Edgewater Plaza 304, need urgent help","Chinatown, Manhattan",fire
R00670,Stay away there's a fire!!,"620 Atlantic Avenue, Brooklyn, 6th floor, Room 6",fire
R01624,"Explosion help , 1st floor Edgewater Plaza","1 Edgewater Plaza, Staten Island, 1st floor, Room 5",explosion
R05397,Grand Concourse Tower under shreds! Building collapse,"861 Grand Concourse, The Bronx, 6th floor, Room 8",collapse
R00084,Help!!!!! fire here!!,"Chinatown, Manhattan",fire
R04884,No wayyy building falling,"432 Park Avenue, Midtown Manhattan, 8th floor, Room 1",collapse
R03003,Someone got injured in a road accident at MetroTech Center 202,"Riverdale, The Bronx",accident
R03853,Call hospital fast pls,"Astoria, Queens",medical
R03285,"Auto accident at Grand Concourse Tower, 2nd floor, Room 302, please help","861 Grand Concourse, The Bronx, 2nd floor, Room 2",accident
R05153,Run,"29-27 41st Avenue, Long Island City, ground floor, Room 6",collapse
R02113,It will blasttt,"27-01 Queens Plaza North, Long Island City, 4th floor, Room 4",explosion
R09308,The lift has stopped working. Save me!,"2 Penn Plaza, Midtown Manhattan, 8th floor, Room 9",other
R00171,"Queens Plaza Complex, 5th floor, Room Room 6 FIREEEEEE HELP","27-01 Queens Plaza North, Long Island City, 5th floor, Room 6",fire
R09849,"Something unusual is happening near Eighth Avenue Tower, 1st floor Room Room 2, pls check","111 Eighth Avenue, Chelsea, Manhattan, 1st floor, Room 2",other
R02927,"Vehicle overturned near Penn Plaza Tower, need rescue","Chinatown, Manhattan",accident
R02785,A person got hit by a vehicle near Queens Plaza Complex 7th floor,"27-01 Queens Plaza North, Long Island City, 7th floor, Room 3",accident
R03218,"Someone got injured in a road accident at Bushwick, Brooklyn","Bushwick, Brooklyn",accident
R02391,"Vehicle overturned near Queens Plaza Complex, need rescue","Park Slope, Brooklyn",accident
R05602,"The ground is flooded, send helpppp, lifeboat and first aid","27-01 Queens Plaza North, Long Island City, 2nd floor, Room 1",flood
R05503,Oh no! The building! It's falling!,"27-01 Queens Plaza North, Long Island City, 3rd floor, Room 3",collapse
R07382,"Bomb blast Ashland Place Tower, 5th floor Room 103. Save me","Washington Heights, Manhattan",crime
R00668,Firee fireee at Chelsea Heights saveee mee,"450 West 33rd Street, Chelsea, Manhattan, 4th floor, Room 1",fire
R01021,Eighth Avenue Tower ground floor is on flames.. send helpppp ASAP,"111 Eighth Avenue, Chelsea, Manhattan, ground floor, Room 2",fire
R05154,Building collapsing run run pls,"15 MetroTech Center, Downtown Brooklyn, 2nd floor, Room 2",collapse
R09524,Please send maintenance team to Ashland Place Tower,"300 Ashland Place, Downtown Brooklyn, 5th floor, Room 1",other
R04293,Hospital!!! Emergency! Cash! Vehicle needed,"2 Penn Plaza, Midtown Manhattan, 3rd floor, Room 10",medical
R06793,I am in dangerrr idk what to do,"450 West 33rd Street, Chelsea, Manhattan, 5th floor, Room 4",crime
R02026,Explosion in building run away.....,"Astoria, Queens",explosion
R03468,Call doctor and ask for helpppp,"620 Atlantic Avenue, Brooklyn, ground floor, Room 9",medical
R05898,there is a flood in our hostel rn. help,"Bushwick, Brooklyn",flood
R03312,"Someone got injured in a road accident at Atlantic Terminal, 4th floor Room 506","620 Atlantic Avenue, Brooklyn, 4th floor, Room 6",accident
R04507,Go run fast. the building is collapsing,"Astoria, Queens",collapse
R04663,"Part of the building has collapsed at Edgewater Plaza, and students may need rescue.","1 Edgewater Plaza, Staten Island, 2nd floor, Room 6",collapse
R02357,"Crash happened outside MetroTech Center, send medical team","15 MetroTech Center, Downtown Brooklyn, ground floor, Room 6",accident
R01526,Shit!! huge blast ASAP!!,"432 Park Avenue, Midtown Manhattan, 8th floor, Room 3",explosion
R07597,"Bomb blast Riverdale, The Bronx. Save me","Riverdale, The Bronx",crime
R06060,flood has come,"2 Penn Plaza, Midtown Manhattan, ground floor, Room 4",flood
R00973,Queens Plaza Complex: help mee fire fire fire,"27-01 Queens Plaza North, Long Island City, 3rd floor, Room 3",fire
R05112,Run under the table,"15 MetroTech Center, Downtown Brooklyn, ground floor, Room 1",collapse
R09336,Please send maintenance team to Wall Street Tower,"Astoria, Queens",other
R09437,"No electricity in Grand Concourse Tower, please send maintenance","861 Grand Concourse, The Bronx, 1st floor, Room 2",other
R07715,"Crime happening here, need police immediately","88 Wall Street, Financial District, Manhattan, 5th floor, Room 2",crime
R02856,"There has been an accident at Washington Heights, Manhattan, emergency help needed!!!","Washington Heights, Manhattan",accident
R03986,"I have a medical emergency at Chelsea Heights, 7th floor Room 707","450 West 33rd Street, Chelsea, Manhattan, 7th floor, Room 7",medical
R04503,Hellllppppppp!!!! This building is falling!!!!,"111 Eighth Avenue, Chelsea, Manhattan, 1st floor, Room 1",collapse
R02580,"Vehicle overturned near Eighth Avenue Tower, need rescue","111 Eighth Avenue, Chelsea, Manhattan, 1st floor, Room 5",accident
R03140,"A person got hit by a vehicle near MetroTech Center, 7th floor Room 707 ASAP!!","15 MetroTech Center, Downtown Brooklyn, 7th floor, Room 7",accident
R03511,"Someone needs urgent medical help at Atlantic Terminal, 7th floor Room Room 11","620 Atlantic Avenue, Brooklyn, 7th floor, Room 8",medical
R03971,Call hospital fast pls,"861 Grand Concourse, The Bronx, 8th floor, Room 12",medical
R05775,Move to safe area,"300 Ashland Place, Downtown Brooklyn, 5th floor, Room 4",flood
R00757,AHHHHHHHH,"Flushing, Queens",fire
R06063,Let's move to the higher ground.,"29-27 41st Avenue, Long Island City, 7th floor, Room 4",flood
R03700,Urgent help needed hereee!!!!!,"1 Edgewater Plaza, Staten Island, 6th floor, Room 1",medical
R00398,Fire save me,"111 Eighth Avenue, Chelsea, Manhattan, 8th floor, Room 3",fire
R05763,flood has come,"861 Grand Concourse, The Bronx, 6th floor, Room 4",flood
R05232,Oh no! The building! It's falling!,"2 Penn Plaza, Midtown Manhattan, 2nd floor, Room 1",collapse
R06953,"Armed robbery happening right now at the bank, call the police","432 Park Avenue, Midtown Manhattan, 7th floor, Room 6",crime
R06233,Blub blub blub,"15 MetroTech Center, Downtown Brooklyn, 5th floor, Room 6",flood
R02922,"Traffic accident near Washington Heights, Manhattan, need immediate assistance","Park Slope, Brooklyn",accident
R02954,"Crash happened outside Chelsea Heights, send medical team pls","450 West 33rd Street, Chelsea, Manhattan, 4th floor, Room 4",accident
R04245,Save meeeee save meeeee injured injured!!!,"432 Park Avenue, Midtown Manhattan, 7th floor, Room 5",medical
R05909,"Flood water is entering the ground floor of Penn Plaza Tower, please send help immediately","2 Penn Plaza, Midtown Manhattan, 8th floor, Room 8",flood
R07466,"Catch the criminal, close the gates","15 MetroTech Center, Downtown Brooklyn, 7th floor, Room 3",crime
R00013,Save me I am trapped in fire,"Washington Heights, Manhattan",fire
R02898,"Car accident, people are injured, send help","15 MetroTech Center, Downtown Brooklyn, ground floor, Room 4",accident
R01591,"Explosion at 8th floor, Penn Plaza Tower Save!!!","Bushwick, Brooklyn",explosion
R00991,Help there is fire in Edgewater Plaza 3rd floor helpppp,"Flushing, Queens",fire
R05937,Blub blub blub,"Morningside Heights, Manhattan",flood
R02125,"Explosion help , 2nd floor Penn Plaza Tower","Chinatown, Manhattan",explosion
R06093,Move to top floor,"15 MetroTech Center, Downtown Brooklyn, 3rd floor, Room 3",flood
R09234,"Emergency situation, please send help immediately","432 Park Avenue, Midtown Manhattan, 2nd floor, Room 7",other
R05356,Run,"Sunset Park, Brooklyn",collapse
R04844,SOS! BUILDING COLLAPSE! LOCATION SENT,"27-01 Queens Plaza North, Long Island City, ground floor, Room 2",collapse
R06413,there is a flood in our hostel rn. help!!!,"Park Slope, Brooklyn",flood
R02665,"Auto accident at Atlantic Terminal 4th floor, please help","620 Atlantic Avenue, Brooklyn, 4th floor, Room 6",accident
R03944,Call 108 fasttttt there is an emergency,"300 Ashland Place, Downtown Brooklyn, 5th floor, Room 5",medical
R07200,Am I that unlucky,"620 Atlantic Avenue, Brooklyn, 6th floor, Room 5",crime
R01795,Something exploded we need to run,"29-27 41st Avenue, Long Island City, 5th floor, Room 7",explosion
R02671,"There has been an accident at Edgewater Plaza, ground floor Room G00, emergency help needed","1 Edgewater Plaza, Staten Island, ground floor, Room 8",accident
R04288,"I think I'm dying, please help","432 Park Avenue, Midtown Manhattan, ground floor, Room 4",medical
R08988,A large tree has fallen across the road,"300 Ashland Place, Downtown Brooklyn, 6th floor, Room 6",other
R01584,Explosion in building run away..... 😭,"Bushwick, Brooklyn",explosion
R03786,Call hospital fast pls!!,"432 Park Avenue, Midtown Manhattan, 6th floor, Room 4",medical
R09118,Help mee,"300 Ashland Place, Downtown Brooklyn, 4th floor, Room 4",other
R06701,"Robbery happening near Chelsea Heights, send police","Park Slope, Brooklyn",crime
R02237,"bike hit someone at Morningside Heights, Manhattan, pls send help","Morningside Heights, Manhattan",accident
R07440,"Bomb blast Edgewater Plaza, 6th floor. Save me","1 Edgewater Plaza, Staten Island, 6th floor, Room 1",crime
R05195,The building has collapsed. Save me! 😭,"620 Atlantic Avenue, Brooklyn, 7th floor, Room 12",collapse
R02573,Bike and car collided near Grand Concourse Tower 1st floor,"861 Grand Concourse, The Bronx, 1st floor, Room 6",accident
R04141,I need urgent medical help please,"15 MetroTech Center, Downtown Brooklyn, 7th floor, Room 3",medical
R07627,"there is a man with black mask and gun in the bank, please help","861 Grand Concourse, The Bronx, ground floor, Room 8",crime
R04654,Run under the table,"88 Wall Street, Financial District, Manhattan, 8th floor, Room 11",collapse
R03519,"SOS I am having an attack!!!! Riverdale, The Bronx","Riverdale, The Bronx",medical
R04314,Save meeeee save meeeee injured injured 😭,"27-01 Queens Plaza North, Long Island City, 2nd floor, Room 2",medical
R06588,flood has come,"111 Eighth Avenue, Chelsea, Manhattan, ground floor, Room 8",flood
R01929,Atlantic Terminal: something exploded nearby helpppp,"Washington Heights, Manhattan",explosion
R06985,"Bank robbery, help, 7th floor Grand Concourse Tower","Riverdale, The Bronx",crime
R03540,Urgent help needed hereee!!,"1 Edgewater Plaza, Staten Island, 3rd floor, Room 2",medical
R04144,Save meeeee save meeeee injured injured,"88 Wall Street, Financial District, Manhattan, 3rd floor, Room 9",medical
R03122,"Major accident at Grand Concourse Tower 4th floor, need help","861 Grand Concourse, The Bronx, 4th floor, Room 3",accident
R05949,"Flood situation in Morningside Heights, Manhattan, need relief ASAP!!","27-01 Queens Plaza North, Long Island City, ground floor, Room 5",flood
R05457,"The roof just collapsed at Midtown Tower, people are trapped 😭","432 Park Avenue, Midtown Manhattan, 7th floor, Room 2",collapse
R01704,Something just burst around me. Send rescue squad ASAP 😭,"29-27 41st Avenue, Long Island City, ground floor, Room 1",explosion
R02041,804! Fire!!!!! blast MetroTech Center 5th floor,"Washington Heights, Manhattan",explosion
R09660,"Street light is not working near Chinatown, Manhattan","29-27 41st Avenue, Long Island City, 1st floor, Room 1",other
R08992,"Something unusual is happening near LIC Plaza, 1st floor Room 604, please check","29-27 41st Avenue, Long Island City, 1st floor, Room 4",other
R00303,Fire at Wall Street Tower first floor.... Come quickly,"88 Wall Street, Financial District, Manhattan, 4th floor, Room 4",fire
R05704,"Flood, I am stuck, save me!","Park Slope, Brooklyn",flood
R06608,there is a flood in our hostel rn. help,"620 Atlantic Avenue, Brooklyn, ground floor, Room 7",flood
R02186,"Explosion help , 8th floor Wall Street Tower","88 Wall Street, Financial District, Manhattan, 8th floor, Room 3",explosion
R02383,"Two vehicles collided, Chelsea Heights, 8th floor, Room Room 3","450 West 33rd Street, Chelsea, Manhattan, 8th floor, Room 3",accident
R02596,"bike hit someone at Midtown Tower, 7th floor Room 707, please send helpppp","432 Park Avenue, Midtown Manhattan, 7th floor, Room 7",accident
R06234,there is a flood in our hostel rn. help,"450 West 33rd Street, Chelsea, Manhattan, 6th floor, Room 6",flood
R03629,I have a medical emergency at Atlantic Terminal Room 8,"Morningside Heights, Manhattan",medical
R02975,"Traffic accident near Chinatown, Manhattan, need immediate assistance","432 Park Avenue, Midtown Manhattan, 4th floor, Room 12",accident
R05025,"The roof just collapsed at Edgewater Plaza, people are trapped","1 Edgewater Plaza, Staten Island, ground floor, Room 10",collapse
R05137,6th floor Wall Street Tower building collapsed I’m stuck please help!!!,"88 Wall Street, Financial District, Manhattan, 6th floor, Room 2",collapse
R07315,Somebody please call 112 there is a crime going on,"Chinatown, Manhattan",crime
R05103,The building has collapsed. Save me!,"1 Edgewater Plaza, Staten Island, 3rd floor, Room 4",collapse
R03783,"SOS im having an attack!!!! Midtown Tower, 7th floor Room Room 3","432 Park Avenue, Midtown Manhattan, 7th floor, Room 3",medical
R04463,this builidng is collapsing ... send help,"Bushwick, Brooklyn",collapse
R05477,Building collapsing run run,"Park Slope, Brooklyn",collapse
R06258,Blub blub blub,"Astoria, Queens",flood
R06228,Move to top floor,"Chinatown, Manhattan",flood
R00663,Call fire emergency,"15 MetroTech Center, Downtown Brooklyn, 7th floor, Room 8",fire
R05162,"The roof just collapsed at Eighth Avenue Tower, people are trapped","Bushwick, Brooklyn",collapse
R09002,A large tree has fallen across the road,"450 West 33rd Street, Chelsea, Manhattan, 5th floor, Room 5",other
R06237,"The ground is flooded, send help, lifeboat and first aid","15 MetroTech Center, Downtown Brooklyn, ground floor, Room 10",flood
R02210,It will blasttt,"29-27 41st Avenue, Long Island City, 2nd floor, Room 7",explosion
R04968,SOS! BUILDING COLLAPSE! LOCATION SENT,"88 Wall Street, Financial District, Manhattan, 3rd floor, Room 1",collapse
R03275,A person got hit by a vehicle near Ashland Place Tower Room 4,"300 Ashland Place, Downtown Brooklyn, ground floor, Room 4",accident
R07660,Somebody please call 112 there is a crime going on,"29-27 41st Avenue, Long Island City, 4th floor, Room 3",crime
R00085,"Fire on ground floor Wall Street Tower, please send help immediately","88 Wall Street, Financial District, Manhattan, ground floor, Room 2",fire
R04208,"Chest pain, LIC Plaza need to go to the hospital fast","Riverdale, The Bronx",medical
R09700,A large tree has fallen across the road,"Astoria, Queens",other
R01348,"EXPLOSION 7th floor, Ashland Place Tower, HELP MEEE!","300 Ashland Place, Downtown Brooklyn, 7th floor, Room 7",explosion
R09337,Power is gone and people are stuck in the lift,"Riverdale, The Bronx",other
R02172,"Explosion help , 2nd floor Chelsea Heights ...","Astoria, Queens",explosion
R04447,The building has collapsed. Save me!,"27-01 Queens Plaza North, Long Island City, 6th floor, Room 6",collapse
R03734,Hospital emergency. Help,"Flushing, Queens",medical
R03526,Helpp it's medical emergency,"300 Ashland Place, Downtown Brooklyn, 3rd floor, Room 3",medical
R07434,"Help me.. there's robbery near Bushwick, Brooklyn.","27-01 Queens Plaza North, Long Island City, 4th floor, Room 6",crime
R01731,Explosion in building run away.....!!,"300 Ashland Place, Downtown Brooklyn, 8th floor, Room 8",explosion
R01783,There has been an explosion in Eighth Avenue Tower there fire everywhere help,"111 Eighth Avenue, Chelsea, Manhattan, 6th floor, Room 5",explosion
R04950,EVACUATE ASAP!!,"29-27 41st Avenue, Long Island City, 5th floor, Room 5",collapse
R04599,this builidng is collapsing ... send help,"88 Wall Street, Financial District, Manhattan, 7th floor, Room 3",collapse
R06010,Savee me from the floodd,"432 Park Avenue, Midtown Manhattan, 3rd floor, Room 3",flood
R03459,Hospital emergency. Help,"27-01 Queens Plaza North, Long Island City, 4th floor, Room 1",medical
R04645,"Building collapsed of Edgewater Plaza, need help","1 Edgewater Plaza, Staten Island, 4th floor, Room 7",collapse
R02748,"Road accident near Queens Plaza Complex, ambulance needed","27-01 Queens Plaza North, Long Island City, 3rd floor, Room 4",accident
R06084,"Water level rising rapidly near Park Slope, Brooklyn pls","Riverdale, The Bronx",flood
R00199,"FIRE. HELP!!!!! Eighth Avenue Tower, 3rd floor, Room 303 ASAP!!","111 Eighth Avenue, Chelsea, Manhattan, 3rd floor, Room 3",fire
R02077,Something exploded we need to run 😭,"Chinatown, Manhattan",explosion
R05904,Let's move to the higher ground.,"88 Wall Street, Financial District, Manhattan, 7th floor, Room 2",flood
R00320,"FIRE. HELP!!!!! Grand Concourse Tower, 3rd floor, Room Room 10","861 Grand Concourse, The Bronx, 3rd floor, Room 8",fire
R05262,EVACUATE!!,"88 Wall Street, Financial District, Manhattan, 1st floor, Room 1",collapse
R00574,Help there is fire in Ashland Place Tower 4th floor helpppp,"Sunset Park, Brooklyn",fire
R05906,"Flood situation in Park Slope, Brooklyn, need relief ASAP!!","1 Edgewater Plaza, Staten Island, 3rd floor, Room 6",flood
R04531,Oh no! The building! It's falling!,"29-27 41st Avenue, Long Island City, 7th floor, Room 8",collapse
R05286,"Someone get me out, building collapsed","Chinatown, Manhattan",collapse
R00444,"Oh no, fire has started","15 MetroTech Center, Downtown Brooklyn, 4th floor, Room 1",fire
R00659,"Oh no, fire has started","620 Atlantic Avenue, Brooklyn, ground floor, Room 6",fire
R05665,Water everywhere help me,"1 Edgewater Plaza, Staten Island, 3rd floor, Room 9",flood
R06069,"Water level rising rapidly near Washington Heights, Manhattan","Washington Heights, Manhattan",flood
R04718,Run under the table,"620 Atlantic Avenue, Brooklyn, ground floor, Room 3",collapse
R05369,Go run fast. the building is collapsing,"88 Wall Street, Financial District, Manhattan, 1st floor, Room 1",collapse
R01540,Something exploded we need to run,"Bushwick, Brooklyn",explosion
R01753,"Quickly save us from explosion, 4th floor, Queens Plaza Complex!!","Park Slope, Brooklyn",explosion
R03447,Save meeeee save meeeee injured injured,"Riverdale, The Bronx",medical
R05036,Building collapsing run run,"620 Atlantic Avenue, Brooklyn, 8th floor, Room 4",collapse
R01110,Fireeeeee helpppppp,"620 Atlantic Avenue, Brooklyn, 6th floor, Room 4",fire
R09739,"Something unusual is happening near Edgewater Plaza, 8th floor Room 808, please check","1 Edgewater Plaza, Staten Island, 8th floor, Room 8",other
R01048,Call fire emergency,"27-01 Queens Plaza North, Long Island City, 1st floor, Room 5",fire
R02499,"Auto accident at Queens Plaza Complex, 7th floor Room 707, please help","Greenwich Village, Manhattan",accident
R06389,Let's move to the higher ground.,"432 Park Avenue, Midtown Manhattan, 5th floor, Room 6",flood
R03837,Save meeeee save meeeee injured injured,"88 Wall Street, Financial District, Manhattan, 7th floor, Room 9",medical
R02401,"A person got hit by a vehicle near MetroTech Center, 7th floor Room Room 9","15 MetroTech Center, Downtown Brooklyn, 7th floor, Room 9",accident
R03048,"Two vehicles collided, Edgewater Plaza, ground floor Room Room 1","Park Slope, Brooklyn",accident
R05927,Water everywhere help me,"111 Eighth Avenue, Chelsea, Manhattan, 8th floor, Room 7",flood
R09085,Water pipe burst near Chelsea Heights,"450 West 33rd Street, Chelsea, Manhattan, 4th floor, Room 4",other
R09568,Road is blocked by a fallen tree near Midtown Tower 501,"432 Park Avenue, Midtown Manhattan, 6th floor, Room 1",other
R05458,SOS! BUILDING COLLAPSE! LOCATION SENT,"15 MetroTech Center, Downtown Brooklyn, 1st floor, Room 3",collapse
R03022,"Car accident, people are injured, send help","111 Eighth Avenue, Chelsea, Manhattan, 1st floor, Room 1",accident
R02533,Accident hereeee help fast,"15 MetroTech Center, Downtown Brooklyn, 4th floor, Room 3",accident
R02730,"Accident!!! people hurt, call ambulance","300 Ashland Place, Downtown Brooklyn, 2nd floor, Room 7",accident
R01364,Helpppp there is a huge explosion helpppp,"620 Atlantic Avenue, Brooklyn, ground floor, Room 9",explosion
R07087,"Bank robbery, help, 2nd floor Midtown Tower 😭","Greenwich Village, Manhattan",crime
R09591,"There is a gas smell in the building, please check","Chinatown, Manhattan",other
R05049,"The roof just collapsed at Edgewater Plaza, people are trapped","1 Edgewater Plaza, Staten Island, 4th floor, Room 3",collapse
R04046,Urgent help needed hereee!!,"29-27 41st Avenue, Long Island City, 6th floor, Room 9",medical
R07777,"Something serious is happening here, hurry","450 West 33rd Street, Chelsea, Manhattan, ground floor, Room 2",crime
R02000,"BLAST. HELP ME!!!! In Eighth Avenue Tower, 3rd floor","111 Eighth Avenue, Chelsea, Manhattan, 3rd floor, Room 9",explosion
R03851,Helpp it's medical emergency,"29-27 41st Avenue, Long Island City, 5th floor, Room 5",medical
R01393,"Huge explosion at Eighth Avenue Tower, smoke everywhere","111 Eighth Avenue, Chelsea, Manhattan, 2nd floor, Room 2",explosion
R04794,Leave the building quickly ...,"620 Atlantic Avenue, Brooklyn, 3rd floor, Room 1",collapse
R03597,Hospital!!! Emergency! Cash! Vehicle needed,"450 West 33rd Street, Chelsea, Manhattan, 6th floor, Room 2",medical
R06746,"Bomb blast Grand Concourse Tower, 5th floor Room Room 1. Save me","861 Grand Concourse, The Bronx, 5th floor, Room 1",crime
R03653,Call ambulance,"Chinatown, Manhattan",medical
R01581,Loud sound. Was that a bomb?,"861 Grand Concourse, The Bronx, ground floor, Room 10",explosion
R08926,Help mee,"111 Eighth Avenue, Chelsea, Manhattan, 6th floor, Room 11",other
R09807,Please send maintenance team to Queens Plaza Complex,"27-01 Queens Plaza North, Long Island City, 1st floor, Room 1",other
R04253,Hospital!!! Emergency! Cash! Vehicle needed,"Greenwich Village, Manhattan",medical
R04332,"SOS im having an attack!!!! Edgewater Plaza, 5th floor, Room Room 10","1 Edgewater Plaza, Staten Island, 5th floor, Room 12",medical
R06605,Let's move to the higher ground.,"27-01 Queens Plaza North, Long Island City, 5th floor, Room 4",flood
R04552,Leave the building quickly,"15 MetroTech Center, Downtown Brooklyn, 6th floor, Room 1",collapse
R05095,Go run fast. the building is collapsing,"29-27 41st Avenue, Long Island City, 8th floor, Room 7",collapse
R07435,"Gunmen in. Grand Concourse Tower main office, need immediate hlp","861 Grand Concourse, The Bronx, ground floor, Room 8",crime
R04347,SOS I am having an attack!!!! Wall Street Tower Room 8,"88 Wall Street, Financial District, Manhattan, ground floor, Room 8",medical
R02745,Someone got injured in a road accident at Grand Concourse Tower Room 8,"Chinatown, Manhattan",accident
R06302,Let's move to the higher ground.,"27-01 Queens Plaza North, Long Island City, 8th floor, Room 8",flood
R03842,"Someone needs urgent medical help at Grand Concourse Tower, 4th floor Room 207","861 Grand Concourse, The Bronx, 4th floor, Room 3",medical
R00281,Fire at MetroTech Center first floor.... Come quickly,"15 MetroTech Center, Downtown Brooklyn, 4th floor, Room 1",fire
R04132,"I have a medical emergency at Morningside Heights, Manhattan","Morningside Heights, Manhattan",medical
R06410,"The ground is flooded, send help, lifeboat and first aid","Morningside Heights, Manhattan",flood
R07136,Call the police right now!!,"111 Eighth Avenue, Chelsea, Manhattan, 4th floor, Room 8",crime
R02226,"Crash happened outside Edgewater Plaza, send medical team!!!","1 Edgewater Plaza, Staten Island, 3rd floor, Room 8",accident
R06743,police come fast,"300 Ashland Place, Downtown Brooklyn, 5th floor, Room 1",crime
R06886,"Bomb blast Wall Street Tower, 2nd floor Room Room 4. Save me","88 Wall Street, Financial District, Manhattan, 2nd floor, Room 4",crime
R01384,Loud sound. Was that a bomb?,"300 Ashland Place, Downtown Brooklyn, 8th floor, Room 7",explosion
R00081,"Oh no, fire has started","620 Atlantic Avenue, Brooklyn, 2nd floor, Room 6",fire
R02365,"A person got hit by a vehicle near Chelsea Heights, 4th floor","450 West 33rd Street, Chelsea, Manhattan, 4th floor, Room 2",accident
R09573,Run for your life,"Flushing, Queens",other
R00866,AHHHHHHHH,"861 Grand Concourse, The Bronx, 7th floor, Room 7",fire
R07462,"Someone is threatening people near Wall Street Tower, 1st floor, Room Room 9, call police!!!","88 Wall Street, Financial District, Manhattan, 1st floor, Room 9",crime
R05996,flood has come,"27-01 Queens Plaza North, Long Island City, 1st floor, Room 5",flood
R00620,Queens Plaza Complex 5th floor is on flames.. send help ASAP,"27-01 Queens Plaza North, Long Island City, 5th floor, Room 9",fire
R02991,"Auto accident at Ashland Place Tower, 1st floor Room Room 10, please help","300 Ashland Place, Downtown Brooklyn, 1st floor, Room 3",accident
R09335,Power is gone and people are stuck in the lift,"15 MetroTech Center, Downtown Brooklyn, 4th floor, Room 2",other
R09671,"The lift stopped suddenly, people are inside","Park Slope, Brooklyn",other
R04188,Save meeeee save meeeee injured injured,"1 Edgewater Plaza, Staten Island, 6th floor, Room 1",medical
R02566,"Traffic accident near Greenwich Village, Manhattan, need immediate assistance","620 Atlantic Avenue, Brooklyn, 6th floor, Room 11",accident
R05954,HELP US!!! we are stuck in the flood prone area!!,"15 MetroTech Center, Downtown Brooklyn, 8th floor, Room 3",flood
R02161,"Quickly save us from explosion, 4th floor, MetroTech Center","15 MetroTech Center, Downtown Brooklyn, 4th floor, Room 1",explosion
R05295,Building has been collapsed!,"861 Grand Concourse, The Bronx, 6th floor, Room 6",collapse
R05703,Move to top floor,"Morningside Heights, Manhattan",flood
R05912,"Flood situation in Greenwich Village, Manhattan, need relief ASAP!!","Morningside Heights, Manhattan",flood
R02536,"Vehicle overturned near Chelsea Heights, need rescue","450 West 33rd Street, Chelsea, Manhattan, 8th floor, Room 9",accident
R02042,"Huge explosion at Penn Plaza Tower, smoke everywhere","2 Penn Plaza, Midtown Manhattan, ground floor, Room 3",explosion
R06366,"Flood, I am stuck, save me!","861 Grand Concourse, The Bronx, 2nd floor, Room 2",flood
R05809,Move to top floor,"1 Edgewater Plaza, Staten Island, 1st floor, Room 1",flood
R05361,"Someone get me out, building collapsed","111 Eighth Avenue, Chelsea, Manhattan, 7th floor, Room 10",collapse
R04280,Save meeeee save meeeee injured injured!!,"88 Wall Street, Financial District, Manhattan, 8th floor, Room 9",medical
R02859,"A person got hit by a vehicle near Grand Concourse Tower, ground floor","861 Grand Concourse, The Bronx, ground floor, Room 4",accident
R04951,"Someone get me out, building collapsed","620 Atlantic Avenue, Brooklyn, 1st floor, Room 1",collapse
R03946,Doctor where is he,"Washington Heights, Manhattan",medical
R09431,Power is gone and people are stuck in the lift,"111 Eighth Avenue, Chelsea, Manhattan, ground floor, Room 12",other
R09657,"Emergency situation, please send help immediately","861 Grand Concourse, The Bronx, 7th floor, Room 7",other
R05637,"Flood water is entering the ground floor of LIC Plaza, please send help immediately","Riverdale, The Bronx",flood
R02278,"Two vehicles collided, MetroTech Center, 1st floor Room Room 4 😭","Morningside Heights, Manhattan",accident
R03434,"Chest pain, LIC Plaza need to go to the hospital fast","Chinatown, Manhattan",medical
R09785,"The lift stopped suddenly, people are inside","Chinatown, Manhattan",other
R04715,"Building collapsed of Wall Street Tower, need help","Flushing, Queens",collapse
R03086,"Auto accident at Grand Concourse Tower 202, please help","861 Grand Concourse, The Bronx, 2nd floor, Room 2",accident
R00168,"Grand Concourse Tower, 8th floor, Room 308 FIREEEEEE HELP","861 Grand Concourse, The Bronx, 8th floor, Room 8",fire
R06572,Get to higher ground now!!,"15 MetroTech Center, Downtown Brooklyn, 7th floor, Room 8",flood
R03165,"Traffic accident near Washington Heights, Manhattan, need immediate assistance","620 Atlantic Avenue, Brooklyn, 1st floor, Room 6",accident
R07613,"Bank robbery, help, ground floor Edgewater Plaza","1 Edgewater Plaza, Staten Island, ground floor, Room 6",crime
R03938,Save meeeee save meeeee injured injured,"450 West 33rd Street, Chelsea, Manhattan, 3rd floor, Room 3",medical
R09802,Please send maintenance team to Chelsea Heights,"450 West 33rd Street, Chelsea, Manhattan, 1st floor, Room 1",other
R02070,Loud sound. Was that a bomb?,"Sunset Park, Brooklyn",explosion
R04445,Hospital!!! Emergency! Cash! Vehicle needed,"29-27 41st Avenue, Long Island City, 7th floor, Room 8",medical
R05038,Building collapsing run run,"620 Atlantic Avenue, Brooklyn, 1st floor, Room 1",collapse
R00989,FIREEEEEE HELPPPPPPPP USSS OUTTTTTTTT. Chelsea Heights !!! pls,"450 West 33rd Street, Chelsea, Manhattan, 4th floor, Room 4",fire
R04707,"Building collapsed of Grand Concourse Tower, need help","861 Grand Concourse, The Bronx, 7th floor, Room 7",collapse
R03991,I need urgent medical help please,"111 Eighth Avenue, Chelsea, Manhattan, 4th floor, Room 8",medical
R03365,Helpp it's medical emergency,"2 Penn Plaza, Midtown Manhattan, 7th floor, Room 4",medical
R00506,Stay away there's a fire!!!!,"620 Atlantic Avenue, Brooklyn, 4th floor, Room 3",fire
R08964,"In case of gas leak, don't switch on the bulb","15 MetroTech Center, Downtown Brooklyn, 6th floor, Room 1",other
R07161,Am I that unlucky,"Greenwich Village, Manhattan",crime
R04393,Urgent help needed hereee!!,"2 Penn Plaza, Midtown Manhattan, 7th floor, Room 7",medical
R02384,"Vehicle overturned near Ashland Place Tower, need rescue","300 Ashland Place, Downtown Brooklyn, 7th floor, Room 2",accident
R09363,"Something unusual is happening near Park Slope, Brooklyn, please check","Park Slope, Brooklyn",other
R04262,Hospital!!! Emergency! Cash! Vehicle needed,"Bushwick, Brooklyn",medical
R04401,"Open wound, and concussion emergency first aid and ambulance required ASAP!","2 Penn Plaza, Midtown Manhattan, 7th floor, Room 7",medical
R05420,Run,"Washington Heights, Manhattan",collapse
R06580,TAKE HIGH GROUND flood,"Riverdale, The Bronx",flood
R02133,Explosion in building run away.....,"Park Slope, Brooklyn",explosion
R03327,"Car accident, people are injured, send help","Sunset Park, Brooklyn",accident
R09850,"No electricity in Chelsea Heights, please send maintenance","Greenwich Village, Manhattan",other
R07395,"Crime happening here, need police immediately","861 Grand Concourse, The Bronx, 1st floor, Room 1",crime
R01521,"BLAST. HELP ME!!!! In Penn Plaza Tower, 2nd floor, Room Room 5","2 Penn Plaza, Midtown Manhattan, 2nd floor, Room 5",explosion
R05742,flood has come,"1 Edgewater Plaza, Staten Island, 5th floor, Room 7",flood
R00689,"Fire on 2nd floor Wall Street Tower, please send help immediately ...","88 Wall Street, Financial District, Manhattan, 2nd floor, Room 8",fire
R04008,Please send an ambulance to LIC Plaza 404,"Washington Heights, Manhattan",medical
R07558,Am I that unlucky,"450 West 33rd Street, Chelsea, Manhattan, 7th floor, Room 6",crime
R01423,Something exploded we need to run,"Park Slope, Brooklyn",explosion
R06165,Let's move to the higher ground.,"Bushwick, Brooklyn",flood
R03936,Save meeeee save meeeee injured injured,"Greenwich Village, Manhattan",medical
R07579,Call the emergency helpline number!,"27-01 Queens Plaza North, Long Island City, 3rd floor, Room 3",crime
R07674,"A person with a weapon is causing danger at Atlantic Terminal, ground floor Room 505","620 Atlantic Avenue, Brooklyn, ground floor, Room 5",crime
R07575,Call the police right now!!,"1 Edgewater Plaza, Staten Island, 3rd floor, Room 4",crime
R03167,Someone got injured in a road accident at Eighth Avenue Tower 1st floor!!,"111 Eighth Avenue, Chelsea, Manhattan, 1st floor, Room 12",accident
R02616,"Road accident near Midtown Tower, ambulance needed","432 Park Avenue, Midtown Manhattan, 5th floor, Room 8",accident
R09221,"No electricity in Wall Street Tower, please send maintenance","Sunset Park, Brooklyn",other
R02277,"Accident!!! people hurt, call ambulance","27-01 Queens Plaza North, Long Island City, 5th floor, Room 10",accident
R06741,Call the emergency helpline number!,"Chinatown, Manhattan",crime
R01096,Fire at Grand Concourse Tower first floor.... Come quickly,"861 Grand Concourse, The Bronx, 3rd floor, Room 5",fire
R09789,Help mee,"Morningside Heights, Manhattan",other
R06097,"Flood water is entering the ground floor of Queens Plaza Complex, please send help immediately","27-01 Queens Plaza North, Long Island City, 6th floor, Room 8",flood
R03833,"Call 108 Midtown Tower, 6th floor Room 404 send guys","432 Park Avenue, Midtown Manhattan, 6th floor, Room 4",medical
R04024,Call hospital fast pls,"Flushing, Queens",medical
R05321,Run,"450 West 33rd Street, Chelsea, Manhattan, 6th floor, Room 6",collapse
R02892,"bike hit someone at Ashland Place Tower, 6th floor Room 109, please send help","300 Ashland Place, Downtown Brooklyn, 6th floor, Room 9",accident
R02297,Someone got injured in a road accident at Chelsea Heights 302,"Bushwick, Brooklyn",accident
R01117,105! Fire!!!!! blast MetroTech Center 1st floor,"15 MetroTech Center, Downtown Brooklyn, 1st floor, Room 5",explosion
R00611,Save me I am trapped in fire,"88 Wall Street, Financial District, Manhattan, 5th floor, Room 12",fire
R01446,Explosion in building run away.....,"2 Penn Plaza, Midtown Manhattan, 8th floor, Room 8",explosion
R02008,There's been an explosion at MetroTech Center 6th floor. Call the emergency services!,"Morningside Heights, Manhattan",explosion
R02771,"A vehicle crashed near Washington Heights, Manhattan","Washington Heights, Manhattan",accident
R07068,police come fast,"27-01 Queens Plaza North, Long Island City, 7th floor, Room 8",crime
R06615,Stuck in a flood 1st floor Atlantic Terminal,"620 Atlantic Avenue, Brooklyn, 1st floor, Room 8",flood
R06718,"Help me.. there's robbery near Riverdale, The Bronx.","88 Wall Street, Financial District, Manhattan, 4th floor, Room 11",crime
R09216,Water pipe burst near Penn Plaza Tower,"2 Penn Plaza, Midtown Manhattan, 8th floor, Room 4",other
R09328,A large tree has fallen across the road,"300 Ashland Place, Downtown Brooklyn, 8th floor, Room 1",other
R02862,"Major accident at Atlantic Terminal, 8th floor Room Room 4, need help","620 Atlantic Avenue, Brooklyn, 8th floor, Room 4",accident
R07181,Call the police right now!!,"111 Eighth Avenue, Chelsea, Manhattan, 1st floor, Room 1",crime
R09281,"Emergency situation at Chelsea Heights, 1st floor Room 401, please send help","450 West 33rd Street, Chelsea, Manhattan, 1st floor, Room 1",other
R00531,Ashland Place Tower 5th floor is on flames.. send help ASAP,"300 Ashland Place, Downtown Brooklyn, 5th floor, Room 5",fire
R05724,Blub blub blub,"1 Edgewater Plaza, Staten Island, 2nd floor, Room 2",flood
R06008,HELP US!!! we are stuck in the flood prone area,"Washington Heights, Manhattan",flood
R01475,"BLAST. HELP ME!!!! In Queens Plaza Complex, 7th floor","27-01 Queens Plaza North, Long Island City, 7th floor, Room 12",explosion
R00511,"Fire on ground floor Penn Plaza Tower, please send help immediately","2 Penn Plaza, Midtown Manhattan, ground floor, Room 8",fire
R06919,Call the emergency helpline number!,"861 Grand Concourse, The Bronx, 5th floor, Room 2",crime
R02164,There has been an explosion in Atlantic Terminal there fire everywhere help,"620 Atlantic Avenue, Brooklyn, 4th floor, Room 4",explosion
R03159,"bike hit someone at Chelsea Heights, 5th floor Room 505, please send help 😭","Morningside Heights, Manhattan",accident
R01875,"There's been an explosion at Midtown Tower, 8th floor Room 808. Call the emergency services!","432 Park Avenue, Midtown Manhattan, 8th floor, Room 8",explosion
R06392,Savee me from the floodd,"111 Eighth Avenue, Chelsea, Manhattan, 6th floor, Room 4",flood
R06780,"Armed robbery happening right now at the bank, call the police","620 Atlantic Avenue, Brooklyn, 7th floor, Room 1",crime
R02433,Accident hereeee help fast,"29-27 41st Avenue, Long Island City, 1st floor, Room 10",accident
R02081,"Explosion helpppp , 1st floor Chelsea Heights","450 West 33rd Street, Chelsea, Manhattan, 1st floor, Room 8",explosion
R01914,It will blasttt,"300 Ashland Place, Downtown Brooklyn, 6th floor, Room 1",explosion
R06930,police come fast pls,"450 West 33rd Street, Chelsea, Manhattan, 4th floor, Room 7",crime
R09465,Power is gone and people are stuck in the lift,"Riverdale, The Bronx",other
R03071,"Crash happened outside LIC Plaza, send medical team","29-27 41st Avenue, Long Island City, 2nd floor, Room 6",accident
R03444,I need urgent medical help please,"29-27 41st Avenue, Long Island City, 5th floor, Room 5",medical
R00321,Fireeeeee helpppppp pls,"15 MetroTech Center, Downtown Brooklyn, 1st floor, Room 1",fire
R04763,Chelsea Heights under shreds! Building collapse,"450 West 33rd Street, Chelsea, Manhattan, 8th floor, Room 9",collapse
R01738,Atlantic Terminal: something exploded nearby help 😭,"Park Slope, Brooklyn",explosion
R00694,"Fire has started in Atlantic Terminal Room 3, need urgent help","620 Atlantic Avenue, Brooklyn, ground floor, Room 3",fire
R07235,"Something serious is happening here, hurry","620 Atlantic Avenue, Brooklyn, 8th floor, Room 8",crime
R05829,Move to safe area,"300 Ashland Place, Downtown Brooklyn, 3rd floor, Room 3",flood
R05409,Go run fast. the building is collapsing,"2 Penn Plaza, Midtown Manhattan, 5th floor, Room 2",collapse
R04647,Go run fast. the building is collapsing,"2 Penn Plaza, Midtown Manhattan, 5th floor, Room 3",collapse
R03557,Call hospital fast pls,"Chinatown, Manhattan",medical
R04664,The building has collapsed. Save me!,"111 Eighth Avenue, Chelsea, Manhattan, 8th floor, Room 2",collapse
R03509,Call hospital fast pls,"27-01 Queens Plaza North, Long Island City, 4th floor, Room 4",medical
R01401,"BLAST. HELP ME!!!! In Park Slope, Brooklyn","Park Slope, Brooklyn",explosion
R04831,Run under the table ...,"Park Slope, Brooklyn",collapse
R01870,"BLAST. HELP ME!!!! In Penn Plaza Tower, ground floor","2 Penn Plaza, Midtown Manhattan, ground floor, Room 11",explosion
R01430,"Quickly save us from explosion, 1st floor, MetroTech Center","Flushing, Queens",explosion
R09577,Power is gone and people are stuck in the lift,"Astoria, Queens",other
R03180,"Car accident, people are injured, send help","Astoria, Queens",accident
R04922,this builidng is collapsing ... send help,"Greenwich Village, Manhattan",collapse
R03441,Call 108 fasttttt there is an emergency,"29-27 41st Avenue, Long Island City, 2nd floor, Room 8",medical
R00471,Help there is fire in Eighth Avenue Tower 5th floor helpppp,"111 Eighth Avenue, Chelsea, Manhattan, 5th floor, Room 4",fire
R02487,"There has been an accident at Grand Concourse Tower, 6th floor Room Room 7, emergency help needed","861 Grand Concourse, The Bronx, 6th floor, Room 7",accident
R05838,Stuck in a flood 8th floor Eighth Avenue Tower,"Riverdale, The Bronx",flood
R06511,Let's move to the higher ground. ASAP!!,"620 Atlantic Avenue, Brooklyn, 2nd floor, Room 2",flood
R06684,"Help me.. there's robbery near Morningside Heights, Manhattan.","Flushing, Queens",crime
R01360,It will blasttt,"27-01 Queens Plaza North, Long Island City, 1st floor, Room 5",explosion
R02699,"Two vehicles collided, Queens Plaza Complex, 2nd floor Room 108","Greenwich Village, Manhattan",accident
R04181,Call hospital fast pls,"111 Eighth Avenue, Chelsea, Manhattan, 7th floor, Room 1",medical
R00023,Help!!!!! fire here,"Flushing, Queens",fire
R09034,"Emergency situation at Edgewater Plaza, 5th floor Room Room 10, please send help","Park Slope, Brooklyn",other
R08924,"In case of gas leak, don't switch on the bulb","15 MetroTech Center, Downtown Brooklyn, 6th floor, Room 6",other
R00942,bro fire 7th floor,"300 Ashland Place, Downtown Brooklyn, 7th floor, Room 7",fire
R09571,Water pipe burst near Midtown Tower,"432 Park Avenue, Midtown Manhattan, 7th floor, Room 7",other
R00909,bro fire 8th floor,"300 Ashland Place, Downtown Brooklyn, 8th floor, Room 10",fire
R02114,401! firee!!!!! blast Ashland Place Tower 4th floor,"300 Ashland Place, Downtown Brooklyn, 4th floor, Room 3",explosion
R04783,Leave the building quickly,"29-27 41st Avenue, Long Island City, 4th floor, Room 8",collapse
R05168,"Someone get me out, building collapsed","432 Park Avenue, Midtown Manhattan, 3rd floor, Room 3",collapse
R07296,"Robbery happening near Grand Concourse Tower, send police","861 Grand Concourse, The Bronx, 4th floor, Room 4",crime
R04102,Save meeeee save meeeee injured injured,"432 Park Avenue, Midtown Manhattan, 6th floor, Room 6",medical
R02617,"Vehicle overturned near Queens Plaza Complex, need rescue","27-01 Queens Plaza North, Long Island City, 5th floor, Room 5",accident
R05752,"Flood, I am stuck, save me!","300 Ashland Place, Downtown Brooklyn, 1st floor, Room 7",flood
R01073,Call fire emergency,"111 Eighth Avenue, Chelsea, Manhattan, 1st floor, Room 1",fire
R00986,FIREEEEEE HELPPPPPPPP USSS OUTTTTTTTT. MetroTech Center !!!,"15 MetroTech Center, Downtown Brooklyn, 3rd floor, Room 7",fire
R01815,"BLAST. HELP ME!!!! In Queens Plaza Complex, ground floor Room G00","27-01 Queens Plaza North, Long Island City, ground floor, Room 4",explosion
R09559,"The lift stopped suddenly, people are inside","27-01 Queens Plaza North, Long Island City, ground floor, Room 1",other
R01636,Save us we are in Queens Plaza Complex 4th floor,"27-01 Queens Plaza North, Long Island City, 4th floor, Room 6",explosion
R08913,Please send maintenance team to Atlantic Terminal,"620 Atlantic Avenue, Brooklyn, ground floor, Room 1",other
R02994,A vehicle crashed near Eighth Avenue Tower 8th floor,"Washington Heights, Manhattan",accident
R03368,Helpp it's medical emergency,"29-27 41st Avenue, Long Island City, ground floor, Room 9",medical
R03423,"Please send an ambulance to Grand Concourse Tower, ground floor, Room G00","861 Grand Concourse, The Bronx, ground floor, Room 4",medical
R03092,"Crash happened outside Ashland Place Tower, send medical team","300 Ashland Place, Downtown Brooklyn, 7th floor, Room 2",accident
R09713,Help mee,"1 Edgewater Plaza, Staten Island, ground floor, Room 6",other
R05002,Run,"Park Slope, Brooklyn",collapse
R03219,"Road accident near MetroTech Center, ambulance needed","Sunset Park, Brooklyn",accident
R04890,"The roof just collapsed at Ashland Place Tower, people are trapped","300 Ashland Place, Downtown Brooklyn, ground floor, Room 9",collapse
R01161,BLAST. HELP ME!!!! In Chelsea Heights 404,"450 West 33rd Street, Chelsea, Manhattan, 4th floor, Room 4",explosion
R05256,Run under the table,"2 Penn Plaza, Midtown Manhattan, ground floor, Room 1",collapse
R05745,HELP US!!! we are stuck in the flood prone area,"Morningside Heights, Manhattan",flood
R00661,Firee fireee at Midtown Tower saveee mee,"Bushwick, Brooklyn",fire
R03343,Hospital!!! Emergency! Cash! Vehicle needed,"Chinatown, Manhattan",medical
R04665,3rd floor Eighth Avenue Tower building collapsed I’m stuck please help 😭,"111 Eighth Avenue, Chelsea, Manhattan, 3rd floor, Room 10",collapse
R05320,8th floor Midtown Tower building collapsed I’m stuck please help,"432 Park Avenue, Midtown Manhattan, 8th floor, Room 3",collapse
R06916,Call police come fast,"88 Wall Street, Financial District, Manhattan, 2nd floor, Room 2",crime
R05641,HELP US!!! we are stuck in the flood prone area,"111 Eighth Avenue, Chelsea, Manhattan, 1st floor, Room 2",flood
R02443,"There has been an accident at Queens Plaza Complex 402, emergency help needed","27-01 Queens Plaza North, Long Island City, 7th floor, Room 1",accident
R06601,Please evacuate the lower floors of Chelsea Heights as soon as possible,"Astoria, Queens",flood
R09908,"Street light is not working near Flushing, Queens","29-27 41st Avenue, Long Island City, 2nd floor, Room 2",other
R02358,"Crash happened outside Eighth Avenue Tower, send medical team","111 Eighth Avenue, Chelsea, Manhattan, 8th floor, Room 8",accident
R05980,Get to higher ground now!!,"29-27 41st Avenue, Long Island City, 7th floor, Room 3",flood
R09532,"No electricity in LIC Plaza, pls send maintenance","29-27 41st Avenue, Long Island City, 7th floor, Room 3",other
R02886,"Car accident, people are injured, send help","432 Park Avenue, Midtown Manhattan, 7th floor, Room 3",accident
R09464,A large tree has fallen across the road,"Riverdale, The Bronx",other
R07189,"A person with a weapon is causing danger at Greenwich Village, Manhattan","Greenwich Village, Manhattan",crime
R04546,ground floor Chelsea Heights building collapsed I’m stuck please help,"450 West 33rd Street, Chelsea, Manhattan, ground floor, Room 9",collapse
R02051,"Explosion at 8th floor, Chelsea Heights Save!!!","450 West 33rd Street, Chelsea, Manhattan, 8th floor, Room 8",explosion
R06551,"Flood situation in Astoria, Queens, need relief ASAP!!","450 West 33rd Street, Chelsea, Manhattan, 3rd floor, Room 8",flood
R05053,Queens Plaza Complex under shreds! Building collapse,"27-01 Queens Plaza North, Long Island City, 8th floor, Room 1",collapse
R02141,"Huge explosion at MetroTech Center, smoke everywhere","15 MetroTech Center, Downtown Brooklyn, 4th floor, Room 4",explosion
R09675,Gas leakage here don't switch bulb on,"432 Park Avenue, Midtown Manhattan, 3rd floor, Room 9",other
R05058,Eighth Avenue Tower under shreds! Building collapse,"111 Eighth Avenue, Chelsea, Manhattan, 7th floor, Room 2",collapse
R04460,"Building collapsed of Penn Plaza Tower, need help","2 Penn Plaza, Midtown Manhattan, ground floor, Room 1",collapse
R01466,Helpppp there is a huge explosion helpppp,"300 Ashland Place, Downtown Brooklyn, 6th floor, Room 3",explosion
R09268,Help mee,"29-27 41st Avenue, Long Island City, 2nd floor, Room 5",other
R01542,Loud sound. Was that a bomb?,"861 Grand Concourse, The Bronx, 1st floor, Room 7",explosion
R06065,Water everywhere help me,"861 Grand Concourse, The Bronx, 6th floor, Room 6",flood
R06208,Blub blub blub ...,"861 Grand Concourse, The Bronx, 8th floor, Room 2",flood
R00894,Fireeeeee helpppppp,"27-01 Queens Plaza North, Long Island City, 8th floor, Room 3",fire
R05269,No wayyy building falling,"450 West 33rd Street, Chelsea, Manhattan, 2nd floor, Room 2",collapse
R05222,"Building collapsed of Grand Concourse Tower, need help","861 Grand Concourse, The Bronx, 3rd floor, Room 3",collapse
R07709,Call the police right now!!,"Bushwick, Brooklyn",crime
R06752,"Catch the criminal, close the gates","Flushing, Queens",crime
R00457,Fire save me!!!,"432 Park Avenue, Midtown Manhattan, 1st floor, Room 1",fire
R04409,"Someone needs urgent medical help at MetroTech Center, ground floor, Room Room 12","15 MetroTech Center, Downtown Brooklyn, ground floor, Room 2",medical
R06255,"Flood water is entering the ground floor of Eighth Avenue Tower, please send help immediately","111 Eighth Avenue, Chelsea, Manhattan, 1st floor, Room 6",flood
R09670,"No electricity in Grand Concourse Tower, please send maintenance 😭","861 Grand Concourse, The Bronx, 6th floor, Room 11",other
R04551,EVACUATE,"2 Penn Plaza, Midtown Manhattan, 6th floor, Room 4",collapse
R00454,Fire at Grand Concourse Tower first floor.... Come quickly,"Greenwich Village, Manhattan",fire
R09603,Gas leakage here don't switch bulb on,"15 MetroTech Center, Downtown Brooklyn, 1st floor, Room 4",other
R02739,"Auto accident at Morningside Heights, Manhattan, please helpppp","Morningside Heights, Manhattan",accident
R06251,Move to safe area pls,"450 West 33rd Street, Chelsea, Manhattan, ground floor, Room 6",flood
R00800,"Chinatown, Manhattan FIREEEEEE HELP","Chinatown, Manhattan",fire
R00621,"Fire on 1st floor Atlantic Terminal, please send helpppp immediately","620 Atlantic Avenue, Brooklyn, 1st floor, Room 1",fire
R09960,Run for your life,"861 Grand Concourse, The Bronx, 5th floor, Room 2",other
R09698,"The lift stopped suddenly, people are inside","Bushwick, Brooklyn",other
R09136,"In case of gas leak, don't switch on the bulb","Washington Heights, Manhattan",other
R03784,Urgent helpppp needed hereee!!,"Sunset Park, Brooklyn",medical
R03505,Call doctor and ask for help,"15 MetroTech Center, Downtown Brooklyn, 7th floor, Room 7",medical
R07665,"Armed robbery happening right now at the bank, call the police","450 West 33rd Street, Chelsea, Manhattan, 3rd floor, Room 8",crime
R05653,TAKE HIGH GROUND flood,"29-27 41st Avenue, Long Island City, 1st floor, Room 2",flood
R09824,"No electricity in Ashland Place Tower, please send maintenance","300 Ashland Place, Downtown Brooklyn, 8th floor, Room 1",other
R02509,"Someone got injured in a road accident at Edgewater Plaza, 2nd floor Room 202","1 Edgewater Plaza, Staten Island, 2nd floor, Room 2",accident
R02688,Accident hereeee help fast!!!,"27-01 Queens Plaza North, Long Island City, 4th floor, Room 12",accident
R03366,Helpp it's medical emergency,"15 MetroTech Center, Downtown Brooklyn, 5th floor, Room 5",medical
R02082,Shit!! huge blast,"Sunset Park, Brooklyn",explosion
R09648,"The lift stopped suddenly, people are inside","88 Wall Street, Financial District, Manhattan, ground floor, Room 7",other
R02678,"There has been an accident at Atlantic Terminal 707, emergency help needed","620 Atlantic Avenue, Brooklyn, 7th floor, Room 7",accident
R02698,"Car accident, people are injured, send help!!","Astoria, Queens",accident
R04279,Call hospital fast pls,"861 Grand Concourse, The Bronx, 5th floor, Room 7",medical
R02466,"Major accident at Park Slope, Brooklyn, need help","Park Slope, Brooklyn",accident
R09695,"The lift stopped suddenly, people are inside","861 Grand Concourse, The Bronx, 2nd floor, Room 8",other
R03605,"I think I'm dying, please help","15 MetroTech Center, Downtown Brooklyn, 6th floor, Room 1",medical
R00583,Help there is fire in Ashland Place Tower 2nd floor help,"Chinatown, Manhattan",fire
R05005,this builidng is collapsing ... send help,"861 Grand Concourse, The Bronx, 6th floor, Room 1",collapse
R01082,Fire at Atlantic Terminal first floor.... Come quickly,"620 Atlantic Avenue, Brooklyn, 3rd floor, Room 1",fire
R09604,"Street light is not working near Sunset Park, Brooklyn","300 Ashland Place, Downtown Brooklyn, 5th floor, Room 2",other
R07541,"Something serious is happening here, hurry","Sunset Park, Brooklyn",crime
R04334,Call an ambulance! Call an ambulance!,"300 Ashland Place, Downtown Brooklyn, ground floor, Room 3",medical
R02712,"bike hit someone at Edgewater Plaza, 3rd floor Room 303, please send help","1 Edgewater Plaza, Staten Island, 3rd floor, Room 3",accident
R04676,"Someone get me out, building collapsed","Sunset Park, Brooklyn",collapse
R05932,there is a flood in our hostel rn. help,"450 West 33rd Street, Chelsea, Manhattan, 5th floor, Room 5",flood
R02094,Loud sound. Was that a bomb?,"29-27 41st Avenue, Long Island City, 7th floor, Room 7",explosion
R03937,Hospital emergency. Help,"450 West 33rd Street, Chelsea, Manhattan, 2nd floor, Room 9",medical
R00948,Help there is fire in Queens Plaza Complex 1st floor helpppp,"Sunset Park, Brooklyn",fire
R06353,"Flood situation in Bushwick, Brooklyn, need relief ASAP!!","432 Park Avenue, Midtown Manhattan, 8th floor, Room 6",flood
R06095,"Flood situation in Morningside Heights, Manhattan, need relief ASAP!! ...","620 Atlantic Avenue, Brooklyn, 2nd floor, Room 8",flood
R01486,508! Fire!!!!! blast Eighth Avenue Tower 5th floor,"111 Eighth Avenue, Chelsea, Manhattan, 5th floor, Room 8",explosion
R00708,Help!!!!! fire here,"29-27 41st Avenue, Long Island City, 7th floor, Room 2",fire
R07589,"Catch the criminal, close the gates","1 Edgewater Plaza, Staten Island, 2nd floor, Room 6",crime
R00983,Help!!!!! fire here,"Chinatown, Manhattan",fire
R02004,"Quickly save us from explosion, 8th floor, MetroTech Center","15 MetroTech Center, Downtown Brooklyn, 8th floor, Room 1",explosion
R09580,A large tree has fallen across the road,"620 Atlantic Avenue, Brooklyn, 2nd floor, Room 5",other
R00106,Fireeeeee helpppppp,"Park Slope, Brooklyn",fire
R09661,"Emergency situation, please send help immediately ...","450 West 33rd Street, Chelsea, Manhattan, 3rd floor, Room 3",other
R09953,"Street light is not working near Chinatown, Manhattan","29-27 41st Avenue, Long Island City, 2nd floor, Room 5",other
R04674,Hellllppppppp!!!! This building is falling!!,"29-27 41st Avenue, Long Island City, 2nd floor, Room 2",collapse
R01801,"Quickly save us from explosion, 2nd floor, Wall Street Tower","Park Slope, Brooklyn",explosion
R09929,"There is a gas smell in the building, pls check","300 Ashland Place, Downtown Brooklyn, ground floor, Room 6",other
R09024,"In case of gas leak, don't switch on the bulb","2 Penn Plaza, Midtown Manhattan, 2nd floor, Room 7",other
R02645,"Major accident at Chelsea Heights, 3rd floor Room 303, need help","450 West 33rd Street, Chelsea, Manhattan, 3rd floor, Room 6",accident
R09442,Power is gone and people are stuck in the lift,"111 Eighth Avenue, Chelsea, Manhattan, 8th floor, Room 2",other
R06249,Move to top floor,"88 Wall Street, Financial District, Manhattan, ground floor, Room 10",flood
R06122,"Flood situation in Astoria, Queens, need relief ASAP!!","27-01 Queens Plaza North, Long Island City, 4th floor, Room 3",flood
R01539,Explosion in building run away.....,"27-01 Queens Plaza North, Long Island City, 8th floor, Room 8",explosion
R07609,I am in dangerrr idk what to do,"300 Ashland Place, Downtown Brooklyn, 6th floor, Room 5",crime
R05721,Stuck in a flood 5th floor Eighth Avenue Tower,"111 Eighth Avenue, Chelsea, Manhattan, 5th floor, Room 5",flood
R07445,Am I that unlucky,"620 Atlantic Avenue, Brooklyn, 5th floor, Room 5",crime
R02768,"bike hit someone at Sunset Park, Brooklyn, please send help","Sunset Park, Brooklyn",accident
R07472,"A person with a weapon is causing danger at Eighth Avenue Tower, 1st floor, Room 801","111 Eighth Avenue, Chelsea, Manhattan, 1st floor, Room 1",crime
R01903,Grand Concourse Tower: something exploded nearby help ...,"861 Grand Concourse, The Bronx, 4th floor, Room 1",explosion
R00184,Fire!! 1st floor Midtown Tower !!!! Room 4!!,"Chinatown, Manhattan",fire
R05804,Savee me from the floodd,"Chinatown, Manhattan",flood
R05346,Building collapsing run run,"88 Wall Street, Financial District, Manhattan, 8th floor, Room 7",collapse
R02084,"BLAST. HELP ME!!!! In Edgewater Plaza, 3rd floor Room 206","1 Edgewater Plaza, Staten Island, 3rd floor, Room 6",explosion
R05903,Let's move to the higher ground.,"620 Atlantic Avenue, Brooklyn, 3rd floor, Room 3",flood
R00316,Help there is fire in Grand Concourse Tower 7th floor helpppp,"861 Grand Concourse, The Bronx, 7th floor, Room 5",fire
R09211,"Emergency situation, please send help immediately","29-27 41st Avenue, Long Island City, 2nd floor, Room 2",other
R02096,"Explosion at 4th floor, Grand Concourse Tower Save!!!","861 Grand Concourse, The Bronx, 4th floor, Room 4",explosion
R06712,"Bank robbery, help, 8th floor Edgewater Plaza","1 Edgewater Plaza, Staten Island, 8th floor, Room 8",crime
R06874,"Armed robbery happening right now at the bank, call the police","432 Park Avenue, Midtown Manhattan, 2nd floor, Room 11",crime
R09544,"Emergency situation at Eighth Avenue Tower, 3rd floor Room 606, please send help","111 Eighth Avenue, Chelsea, Manhattan, 3rd floor, Room 6",other
R03262,"A person got hit by a vehicle near Sunset Park, Brooklyn","Sunset Park, Brooklyn",accident
R09099,Gas leakage here don't switch bulb on,"861 Grand Concourse, The Bronx, 8th floor, Room 2",other
R05631,"Flood water is entering the ground floor of Eighth Avenue Tower, please send help immediately","111 Eighth Avenue, Chelsea, Manhattan, 4th floor, Room 4",flood
R05371,"The roof just collapsed at Eighth Avenue Tower, people are trapped","Flushing, Queens",collapse
R01168,Loud sound. Was that a bomb?,"29-27 41st Avenue, Long Island City, 4th floor, Room 1",explosion
R04040,Call hospital fast pls,"88 Wall Street, Financial District, Manhattan, 1st floor, Room 9",medical
R01253,Explosion in building run away.....,"29-27 41st Avenue, Long Island City, ground floor, Room 6",explosion
R00745,bro fire 6th floor,"432 Park Avenue, Midtown Manhattan, 6th floor, Room 6",fire
R00714,Fire save me,"450 West 33rd Street, Chelsea, Manhattan, ground floor, Room 8",fire
R05179,No wayyy building falling,"620 Atlantic Avenue, Brooklyn, 7th floor, Room 6",collapse
R06988,"there is a man with black mask and gun in the bank, please helpppp","Sunset Park, Brooklyn",crime
R06646,TAKE HIGH GROUND flood,"1 Edgewater Plaza, Staten Island, 5th floor, Room 5",flood
R03709,Urgent helpppp needed hereee!!,"Sunset Park, Brooklyn",medical
R05381,this builidng is collapsing ... send help,"Flushing, Queens",collapse
R09050,The lift has stopped working. Save me!,"Bushwick, Brooklyn",other
R06424,Water everywhere help me ASAP!!,"2 Penn Plaza, Midtown Manhattan, 1st floor, Room 1",flood
R07418,"Help me.. there's robbery near Bushwick, Brooklyn.","432 Park Avenue, Midtown Manhattan, 2nd floor, Room 3",crime
R07477,police come fast,"88 Wall Street, Financial District, Manhattan, 5th floor, Room 5",crime
R09408,"In case of gas leak, don't switch on the bulb","27-01 Queens Plaza North, Long Island City, 8th floor, Room 1",other
R09052,Lift is stuck between floors at Chelsea Heights,"450 West 33rd Street, Chelsea, Manhattan, 2nd floor, Room 2",other
R09699,"There is a gas smell in the building, please check","1 Edgewater Plaza, Staten Island, 4th floor, Room 4",other
R04397,"I think I'm dying, please help","Sunset Park, Brooklyn",medical
R03800,"I have a medical emergency at Greenwich Village, Manhattan","Greenwich Village, Manhattan",medical
R04175,"Chest pain, LIC Plaza need to go to the hospital fast","Bushwick, Brooklyn",medical
R04929,No wayyy building falling,"27-01 Queens Plaza North, Long Island City, 4th floor, Room 9",collapse
R00153,THIS IS NOT A DRILL. THERE'S A FIRE IN THE BUILDING. SEND HELP!,"450 West 33rd Street, Chelsea, Manhattan, 2nd floor, Room 2",fire
R04985,5th floor Queens Plaza Complex building collapsed I’m stuck please help,"27-01 Queens Plaza North, Long Island City, 5th floor, Room 6",collapse
R07447,"Something serious is happening here, hurry!!!","2 Penn Plaza, Midtown Manhattan, 6th floor, Room 8",crime
R06242,"Flood situation in Park Slope, Brooklyn, need relief ASAP!!","29-27 41st Avenue, Long Island City, 1st floor, Room 9",flood
R07550,"Gunmen in. LIC Plaza main office, need immediate hlp","29-27 41st Avenue, Long Island City, 5th floor, Room 2",crime
R03443,"I think I'm dying, please help","300 Ashland Place, Downtown Brooklyn, 5th floor, Room 5",medical
R04351,"Please send an ambulance to Edgewater Plaza, 2nd floor Room 202 ASAP!!","1 Edgewater Plaza, Staten Island, 2nd floor, Room 2",medical
R01223,"BLAST. HELP ME!!!! In MetroTech Center, 4th floor Room 506","15 MetroTech Center, Downtown Brooklyn, 4th floor, Room 6",explosion
R03961,"I think I'm dying, please help","Flushing, Queens",medical
R08912,The lift has stopped working. Save me!,"450 West 33rd Street, Chelsea, Manhattan, ground floor, Room 2",other
R04473,SOS! BUILDING COLLAPSE! LOCATION SENT ...,"Washington Heights, Manhattan",collapse
R03896,Hospital!!! Emergency! Cash! Vehicle needed ...,"432 Park Avenue, Midtown Manhattan, 8th floor, Room 6",medical
R09717,"Something unusual is happening near Edgewater Plaza, 7th floor, please check","1 Edgewater Plaza, Staten Island, 7th floor, Room 10",other
R04637,"The roof just collapsed at Penn Plaza Tower, people are trapped","Greenwich Village, Manhattan",collapse
R02476,A vehicle crashed near Atlantic Terminal 105,"Chinatown, Manhattan",accident
R03831,Save meeeee save meeeee injured injured,"29-27 41st Avenue, Long Island City, 3rd floor, Room 6",medical
R04093,SOS I am having an attack!!!! Eighth Avenue Tower 803,"111 Eighth Avenue, Chelsea, Manhattan, 1st floor, Room 2",medical
R05699,"Flood water is entering the ground floor of Grand Concourse Tower, please send help immediately","861 Grand Concourse, The Bronx, 3rd floor, Room 12",flood
R09828,The lift has stopped working. Save me!,"861 Grand Concourse, The Bronx, 6th floor, Room 1",other
R07749,"Armed robbery happening right now at the bank, call the police!!!","300 Ashland Place, Downtown Brooklyn, 7th floor, Room 7",crime
R00391,Firee fireee at Atlantic Terminal saveee mee,"Riverdale, The Bronx",fire
R03147,"bike hit someone at Wall Street Tower 203, pls send help","88 Wall Street, Financial District, Manhattan, 8th floor, Room 4",accident
R01050,"Fire on 5th floor Eighth Avenue Tower, please send help immediately","111 Eighth Avenue, Chelsea, Manhattan, 5th floor, Room 7",fire
R00006,AHHHHHHHH,"Washington Heights, Manhattan",fire
R01004,Help!!!!! fire here,"2 Penn Plaza, Midtown Manhattan, 6th floor, Room 2",fire
R01822,Helpppp there is a huge explosion helpppp,"300 Ashland Place, Downtown Brooklyn, 8th floor, Room 11",explosion
R05372,Hellllppppppp!!!! This building is falling!!,"88 Wall Street, Financial District, Manhattan, 7th floor, Room 7",collapse
R00096,Stay away there's a fire!!,"861 Grand Concourse, The Bronx, 5th floor, Room 5",fire
R01284,"Explosion at 1st floor, Queens Plaza Complex Save!!!","27-01 Queens Plaza North, Long Island City, 1st floor, Room 1",explosion
R02709,"Road accident near Wall Street Tower, ambulance needed","Bushwick, Brooklyn",accident
R05435,8th floor Queens Plaza Complex building collapsed I’m stuck please help,"27-01 Queens Plaza North, Long Island City, 8th floor, Room 4",collapse
R01834,Queens Plaza Complex: something exploded nearby help ...,"27-01 Queens Plaza North, Long Island City, ground floor, Room 3",explosion
R02010,Explosion in building run away.....,"Chinatown, Manhattan",explosion
R06459,flood has come,"15 MetroTech Center, Downtown Brooklyn, ground floor, Room 3",flood
R05551,"The roof just collapsed at Eighth Avenue Tower, people are trapped","111 Eighth Avenue, Chelsea, Manhattan, 4th floor, Room 5",collapse
R02782,Bike and car collided near Grand Concourse Tower 8th floor,"Greenwich Village, Manhattan",accident
R03332,"Major accident at Edgewater Plaza, 7th floor, Room Room 7, need help","1 Edgewater Plaza, Staten Island, 7th floor, Room 7",accident
R03189,"A vehicle crashed near Wall Street Tower, 7th floor Room 306 pls","88 Wall Street, Financial District, Manhattan, 7th floor, Room 6",accident
R04418,"SOS I am having an attack!!!! Edgewater Plaza, 1st floor, Room 109","1 Edgewater Plaza, Staten Island, 1st floor, Room 9",medical
R02022,Something exploded we need to run,"1 Edgewater Plaza, Staten Island, 1st floor, Room 1",explosion
R00858,THIS IS NOT A DRILL. THERE'S A FIRE IN THE BUILDING. SEND HELP!!!!,"620 Atlantic Avenue, Brooklyn, 7th floor, Room 7",fire
R07566,Call the emergency helpline number!,"450 West 33rd Street, Chelsea, Manhattan, 4th floor, Room 7",crime
R03333,"Road accident near Edgewater Plaza, ambulance needed","Park Slope, Brooklyn",accident
R09694,"The lift stopped suddenly, people are inside","88 Wall Street, Financial District, Manhattan, 6th floor, Room 6",other
R03115,"Auto accident at Chelsea Heights, 6th floor, Room 606, please help","450 West 33rd Street, Chelsea, Manhattan, 6th floor, Room 6",accident
R09757,Help mee ...,"300 Ashland Place, Downtown Brooklyn, 4th floor, Room 9",other
R04679,Building collapsing run run,"Morningside Heights, Manhattan",collapse
R09912,"There is a gas smell in the building, please check","15 MetroTech Center, Downtown Brooklyn, 5th floor, Room 8",other
R06283,Blub blub blub,"861 Grand Concourse, The Bronx, 1st floor, Room 1",flood
R09613,Water pipe burst near Atlantic Terminal,"620 Atlantic Avenue, Brooklyn, 5th floor, Room 2",other
R08937,"Road is blocked by a fallen tree near Sunset Park, Brooklyn","Sunset Park, Brooklyn",other
R01287,"Quickly save us from explosion, 4th floor, Penn Plaza Tower","2 Penn Plaza, Midtown Manhattan, 4th floor, Room 2",explosion
R04897,Leave the building quickly,"88 Wall Street, Financial District, Manhattan, 3rd floor, Room 2",collapse
R06702,police come fast,"300 Ashland Place, Downtown Brooklyn, 5th floor, Room 9",crime
R06092,"Water level rising rapidly near Astoria, Queens","15 MetroTech Center, Downtown Brooklyn, 2nd floor, Room 2",flood
R09848,Road is blocked by a fallen tree near Ashland Place Tower 304,"300 Ashland Place, Downtown Brooklyn, 2nd floor, Room 8",other
R09248,Water pipe burst near Queens Plaza Complex,"Sunset Park, Brooklyn",other
R01267,"EXPLOSION 7th floor, MetroTech Center, HELP MEEE!","15 MetroTech Center, Downtown Brooklyn, 7th floor, Room 7",explosion
R03004,"Traffic accident near Morningside Heights, Manhattan, need immediate assistance","29-27 41st Avenue, Long Island City, 8th floor, Room 5",accident
R06850,"Bank robbery, help, 4th floor Wall Street Tower","88 Wall Street, Financial District, Manhattan, 4th floor, Room 2",crime
R00931,THIS IS NOT A DRILL. THERE'S A FIRE IN THE BUILDING. SEND HELP!,"Morningside Heights, Manhattan",fire
R08907,Power is gone and people are stuck in the lift,"1 Edgewater Plaza, Staten Island, 6th floor, Room 6",other
R04669,EVACUATE,"432 Park Avenue, Midtown Manhattan, 2nd floor, Room 9",collapse
R00582,bro fire 5th floor,"450 West 33rd Street, Chelsea, Manhattan, 5th floor, Room 3",fire
R05035,Penn Plaza Tower under shreds! Building collapse ASAP!!,"2 Penn Plaza, Midtown Manhattan, 5th floor, Room 5",collapse
R07728,"Gunmen in. LIC Plaza main office, need immediate hlp","29-27 41st Avenue, Long Island City, 7th floor, Room 8",crime
R09892,"Street light is not working near Greenwich Village, Manhattan","432 Park Avenue, Midtown Manhattan, 1st floor, Room 9",other
R04240,Urgent help needed hereee!!,"29-27 41st Avenue, Long Island City, 8th floor, Room 5",medical
R05726,Get to higher ground now!!,"Park Slope, Brooklyn",flood
R05388,Leave the building quickly,"432 Park Avenue, Midtown Manhattan, 1st floor, Room 1",collapse
R03958,Call doctor and ask for help,"300 Ashland Place, Downtown Brooklyn, 6th floor, Room 6",medical
R04203,Helpp it's medical emergency,"861 Grand Concourse, The Bronx, 4th floor, Room 4",medical
R00238,Wall Street Tower 4th floor is on flames.. send help ASAP,"88 Wall Street, Financial District, Manhattan, 4th floor, Room 11",fire
R09889,"Road is blocked by a fallen tree near Midtown Tower, 1st floor Room 501 ASAP!!","Washington Heights, Manhattan",other
R07569,"Crime happening here, need police immediately","27-01 Queens Plaza North, Long Island City, 3rd floor, Room 8",crime
R00686,AHHHHHHHH,"111 Eighth Avenue, Chelsea, Manhattan, ground floor, Room 3",fire
R01614,Something exploded we need to run,"1 Edgewater Plaza, Staten Island, 6th floor, Room 8",explosion
R07155,"Bank robbery, help, 7th floor Wall Street Tower","88 Wall Street, Financial District, Manhattan, 7th floor, Room 1",crime
R04604,Run,"Park Slope, Brooklyn",collapse
R03591,Call doctor and ask for help,"Riverdale, The Bronx",medical
R03134,"A vehicle crashed near Queens Plaza Complex, 8th floor Room 407","27-01 Queens Plaza North, Long Island City, 8th floor, Room 7",accident
R09787,"No electricity in Ashland Place Tower, please send maintenance","300 Ashland Place, Downtown Brooklyn, ground floor, Room 8",other
R05406,No wayyy building falling,"432 Park Avenue, Midtown Manhattan, 2nd floor, Room 9",collapse
R00425,Stay away there's a fire!!,"29-27 41st Avenue, Long Island City, 2nd floor, Room 6",fire
R03687,Call an ambulance! Call an ambulance!,"15 MetroTech Center, Downtown Brooklyn, 6th floor, Room 6",medical
R00258,Stay away there's a fire!!,"Greenwich Village, Manhattan",fire
R09008,A large tree has fallen across the road,"300 Ashland Place, Downtown Brooklyn, 1st floor, Room 6",other
R09554,A large tree has fallen across the road,"Bushwick, Brooklyn",other
R02620,"Car accident, people are injured, send help pls","Morningside Heights, Manhattan",accident
R05461,The building has collapsed. Save me!,"88 Wall Street, Financial District, Manhattan, 1st floor, Room 1",collapse
R03137,"Vehicle overturned near LIC Plaza, need rescue","29-27 41st Avenue, Long Island City, 7th floor, Room 4",accident
R04395,Urgent help needed hereee!!,"432 Park Avenue, Midtown Manhattan, 8th floor, Room 8",medical
R01836,There's been an explosion at MetroTech Center Room 10. Call the emergency services! pls,"15 MetroTech Center, Downtown Brooklyn, 7th floor, Room 1",explosion
R03266,Accident hereeee help fast,"Flushing, Queens",accident
R01068,Help there is fire in Grand Concourse Tower 8th floor help,"861 Grand Concourse, The Bronx, 8th floor, Room 1",fire
R04990,No wayyy building falling,"2 Penn Plaza, Midtown Manhattan, 8th floor, Room 4",collapse
R00755,Penn Plaza Tower 3rd floor is on flames.. send helpppp ASAP,"Astoria, Queens",fire
R04130,Call an ambulance! Call an ambulance!,"1 Edgewater Plaza, Staten Island, 8th floor, Room 7",medical
R00597,Save me I am trapped in fire,"88 Wall Street, Financial District, Manhattan, 7th floor, Room 10",fire
R04006,Save meeeee save meeeee injured injured,"432 Park Avenue, Midtown Manhattan, 6th floor, Room 2",medical
R01923,Something just burst around me. Send rescue squad ASAP,"1 Edgewater Plaza, Staten Island, 1st floor, Room 8",explosion
R03455,"Please send an ambulance to Midtown Tower, 2nd floor, Room 202","432 Park Avenue, Midtown Manhattan, 2nd floor, Room 2",medical
R04999,Building collapsing run run!!,"Chinatown, Manhattan",collapse
R05757,Water everywhere help me,"1 Edgewater Plaza, Staten Island, ground floor, Room 2",flood
R06079,"Flood situation in Riverdale, The Bronx, need relief ASAP!! pls","861 Grand Concourse, The Bronx, 3rd floor, Room 8",flood
R05832,"Flood situation in Park Slope, Brooklyn, need relief ASAP!!","Greenwich Village, Manhattan",flood
R02261,"Crash happened outside Ashland Place Tower, send medical team","300 Ashland Place, Downtown Brooklyn, 2nd floor, Room 6",accident
R07006,"Help, there is a robbery happening at the bank on Main Road, please contact the police.","27-01 Queens Plaza North, Long Island City, 6th floor, Room 3",crime
R04807,No wayyy building falling,"861 Grand Concourse, The Bronx, 2nd floor, Room 7",collapse
R04671,Run,"111 Eighth Avenue, Chelsea, Manhattan, 7th floor, Room 4",collapse
R03379,Call hospital fast pls,"Greenwich Village, Manhattan",medical
R02108,Shit!! huge blast,"88 Wall Street, Financial District, Manhattan, 2nd floor, Room 9",explosion
R01496,There has been an explosion in Grand Concourse Tower there fire everywhere help,"861 Grand Concourse, The Bronx, 6th floor, Room 2",explosion
R09628,"No electricity in Edgewater Plaza, please send maintenance","Chinatown, Manhattan",other
R04199,Doctor where is he,"1 Edgewater Plaza, Staten Island, 6th floor, Room 6",medical
R09945,"The lift stopped suddenly, people are inside","2 Penn Plaza, Midtown Manhattan, 7th floor, Room 7",other
R00156,Chelsea Heights: helpppp mee fire fire fire,"450 West 33rd Street, Chelsea, Manhattan, 8th floor, Room 1",fire
R06375,HELP US!!! we are stuck in the flood prone area,"Morningside Heights, Manhattan",flood
R09999,"Emergency situation at MetroTech Center, 5th floor, Room Room 10, please send help","15 MetroTech Center, Downtown Brooklyn, 5th floor, Room 3",other
R00741,Call fire emergency,"Chinatown, Manhattan",fire
R01279,Something exploded we need to run,"Morningside Heights, Manhattan",explosion
R05278,Hellllppppppp!!!! This building is falling!!,"2 Penn Plaza, Midtown Manhattan, 8th floor, Room 1",collapse
R05781,Stuck in a flood 6th floor Ashland Place Tower,"300 Ashland Place, Downtown Brooklyn, 6th floor, Room 10",flood
R03060,"A vehicle crashed near Penn Plaza Tower, 7th floor","2 Penn Plaza, Midtown Manhattan, 7th floor, Room 1",accident
R05032,SOS! BUILDING COLLAPSE! LOCATION SENT,"Park Slope, Brooklyn",collapse
R03389,Save meeeee save meeeee injured injured,"Riverdale, The Bronx",medical
R05772,"Flood, I am stuck, save me!","1 Edgewater Plaza, Staten Island, 8th floor, Room 3",flood
R00590,Fireeeeee helpppppp!!!,"Park Slope, Brooklyn",fire
R06877,"Crime happening here, need police immediately","27-01 Queens Plaza North, Long Island City, 3rd floor, Room 2",crime
R09920,The lift has stopped working. Save me!,"27-01 Queens Plaza North, Long Island City, ground floor, Room 1",other
R06979,Call the emergency helpline number!,"29-27 41st Avenue, Long Island City, 1st floor, Room 1",crime
R00642,"Fire has started in LIC Plaza 606, need urgent help","Astoria, Queens",fire
R00462,bro fire 1st floor,"Washington Heights, Manhattan",fire
R02562,"Someone got injured in a road accident at Edgewater Plaza, 2nd floor, Room 504","1 Edgewater Plaza, Staten Island, 2nd floor, Room 4",accident
R01305,Chelsea Heights 7th floor Explosion,"Riverdale, The Bronx",explosion
R05120,Hellllppppppp!!!! This building is falling!!,"620 Atlantic Avenue, Brooklyn, 1st floor, Room 9",collapse
R09379,Water pipe burst near LIC Plaza,"Astoria, Queens",other
R07378,I am in dangerrr idk what to do,"88 Wall Street, Financial District, Manhattan, 8th floor, Room 8",crime
R05233,Hellllppppppp!!!! This building is falling!!,"88 Wall Street, Financial District, Manhattan, 6th floor, Room 2",collapse
R05279,Run under the table,"Bushwick, Brooklyn",collapse
R09655,"There is a gas smell in the building, please check","27-01 Queens Plaza North, Long Island City, ground floor, Room 8",other
R04453,Building has been collapsed!,"2 Penn Plaza, Midtown Manhattan, 2nd floor, Room 5",collapse
R06447,Water everywhere help me,"15 MetroTech Center, Downtown Brooklyn, ground floor, Room 6",flood
R09911,Help mee,"1 Edgewater Plaza, Staten Island, 8th floor, Room 8",other
R04170,Call an ambulance! Call an ambulance!,"861 Grand Concourse, The Bronx, 4th floor, Room 7",medical
R01078,Call fire emergency,"300 Ashland Place, Downtown Brooklyn, 1st floor, Room 8",fire
R09531,"Emergency situation at Riverdale, The Bronx, please send help","Riverdale, The Bronx",other
R02598,"There has been an accident at Wall Street Tower 405, emergency help needed","88 Wall Street, Financial District, Manhattan, ground floor, Room 5",accident
R09440,Road is blocked by a fallen tree near Chelsea Heights Room 11,"450 West 33rd Street, Chelsea, Manhattan, 2nd floor, Room 1",other
R05879,"Flood situation in Chinatown, Manhattan, need relief ASAP!!","88 Wall Street, Financial District, Manhattan, ground floor, Room 2",flood
R04754,LIC Plaza under shreds! Building collapse,"29-27 41st Avenue, Long Island City, 4th floor, Room 4",collapse
R00863,Ashland Place Tower: helpppp mee fire fire fire,"300 Ashland Place, Downtown Brooklyn, 1st floor, Room 1",fire
R00491,Fireeeeee helpppppp,"1 Edgewater Plaza, Staten Island, 6th floor, Room 6",fire
R03438,Call doctor and ask for help,"Bushwick, Brooklyn",medical
R05341,Building has been collapsed!,"1 Edgewater Plaza, Staten Island, ground floor, Room 2",collapse
R00707,Stay away there's a fire!!,"1 Edgewater Plaza, Staten Island, 6th floor, Room 6",fire
R00300,Fire save me,"29-27 41st Avenue, Long Island City, 1st floor, Room 6",fire
R00026,AHHHHHHHH 😭,"620 Atlantic Avenue, Brooklyn, 1st floor, Room 8",fire
R03533,"SOS I am having an attack!!!! Eighth Avenue Tower, 6th floor Room 606","111 Eighth Avenue, Chelsea, Manhattan, 6th floor, Room 6",medical
R04032,Doctor where is he,"620 Atlantic Avenue, Brooklyn, 3rd floor, Room 3",medical
R01701,Loud sound. Was that a bomb?,"111 Eighth Avenue, Chelsea, Manhattan, 3rd floor, Room 9",explosion
R01853,"Quickly save us from explosion, ground floor, Chelsea Heights","Bushwick, Brooklyn",explosion
R00051,bro fire 4th floor,"Riverdale, The Bronx",fire
R02300,"Vehicle overturned near Edgewater Plaza, need rescue","1 Edgewater Plaza, Staten Island, 3rd floor, Room 9",accident
R02354,"Auto accident at Bushwick, Brooklyn, please help","Bushwick, Brooklyn",accident
R06540,flood has come,"432 Park Avenue, Midtown Manhattan, 2nd floor, Room 2",flood
R00878,Stay away there's a fire!!,"620 Atlantic Avenue, Brooklyn, 3rd floor, Room 3",fire
R09348,A large tree has fallen across the road,"15 MetroTech Center, Downtown Brooklyn, ground floor, Room 1",other
R03213,"Road accident near Atlantic Terminal, ambulance needed","Park Slope, Brooklyn",accident
R07531,Am I that unlucky,"620 Atlantic Avenue, Brooklyn, ground floor, Room 8",crime
R01606,Explosion in building run away.....,"29-27 41st Avenue, Long Island City, ground floor, Room 11",explosion
R09461,"In case of gas leak, don't switch on the bulb","450 West 33rd Street, Chelsea, Manhattan, ground floor, Room 6",other
R07582,Somebody please call 112 there is a crime going on ASAP!!,"2 Penn Plaza, Midtown Manhattan, 5th floor, Room 7",crime
R04530,Leave the building quickly,"Bushwick, Brooklyn",collapse
R03677,Call doctor and ask for help,"620 Atlantic Avenue, Brooklyn, 8th floor, Room 8",medical
R02501,"A vehicle crashed near Edgewater Plaza, 3rd floor Room 303","1 Edgewater Plaza, Staten Island, 3rd floor, Room 3",accident
R01324,"There's been an explosion at Atlantic Terminal, 4th floor, Room 208. Call the emergency services!!!","620 Atlantic Avenue, Brooklyn, 4th floor, Room 8",explosion
R00418,AHHHHHHHH,"15 MetroTech Center, Downtown Brooklyn, ground floor, Room 2",fire
R04584,"Someone get me out, building collapsed","Greenwich Village, Manhattan",collapse
R03228,"Car accident, people are injured, send help","1 Edgewater Plaza, Staten Island, 8th floor, Room 6",accident
R06563,Move to top floor,"29-27 41st Avenue, Long Island City, 5th floor, Room 5",flood
R03026,"Traffic accident near Park Slope, Brooklyn, need immediate assistance","111 Eighth Avenue, Chelsea, Manhattan, 3rd floor, Room 3",accident
R06298,"Flood situation in Bushwick, Brooklyn, need relief ASAP!!","432 Park Avenue, Midtown Manhattan, 4th floor, Room 11",flood
R04053,Call doctor and ask for help!!,"15 MetroTech Center, Downtown Brooklyn, 6th floor, Room 10",medical
R01585,Helpppp there is a huge explosion helpppp,"Astoria, Queens",explosion
R02666,"Accident!!! people hurt, call ambulance","Flushing, Queens",accident
R01205,"Explosion at 7th floor, Chelsea Heights Save!!!","450 West 33rd Street, Chelsea, Manhattan, 7th floor, Room 1",explosion
R04149,"Please send an ambulance to Atlantic Terminal, 2nd floor, Room Room 3","620 Atlantic Avenue, Brooklyn, 2nd floor, Room 3",medical
R06009,Let's move to the higher ground.,"432 Park Avenue, Midtown Manhattan, ground floor, Room 5",flood
R07530,I am in dangerrr idk what to do,"Morningside Heights, Manhattan",crime
R05931,Helpppp i am drowning helppppppp,"300 Ashland Place, Downtown Brooklyn, 8th floor, Room 4",flood
R00333,Help!!!!! fire here,"111 Eighth Avenue, Chelsea, Manhattan, 3rd floor, Room 3",fire
R00742,Fire save me,"88 Wall Street, Financial District, Manhattan, 5th floor, Room 6",fire
R03108,Bike and car collided near Penn Plaza Tower 3rd floor,"2 Penn Plaza, Midtown Manhattan, 3rd floor, Room 3",accident
R05375,Go run fast. the building is collapsing,"15 MetroTech Center, Downtown Brooklyn, 6th floor, Room 1",collapse
R02362,"Accident!!! people hurt, call ambulance","2 Penn Plaza, Midtown Manhattan, 4th floor, Room 3",accident
R01116,There has been an explosion in LIC Plaza there fire everywhere help,"29-27 41st Avenue, Long Island City, 1st floor, Room 8",explosion
R05813,Move to top floor,"15 MetroTech Center, Downtown Brooklyn, 5th floor, Room 6",flood
R07349,police come fast,"Flushing, Queens",crime
R04955,Hellllppppppp!!!! This building is falling!! ...,"861 Grand Concourse, The Bronx, 5th floor, Room 5",collapse
R04616,The building has collapsed. Save me!,"27-01 Queens Plaza North, Long Island City, ground floor, Room 7",collapse
R04513,EVACUATE,"432 Park Avenue, Midtown Manhattan, 6th floor, Room 3",collapse
R06324,TAKE HIGH GROUND flood,"Bushwick, Brooklyn",flood
R05591,Move to safe area,"Washington Heights, Manhattan",flood
R05145,The building has collapsed. Save me!,"620 Atlantic Avenue, Brooklyn, 8th floor, Room 10",collapse
R07640,"Something serious is happening here, hurry","Morningside Heights, Manhattan",crime
R04440,I have a medical emergency at Edgewater Plaza 2nd floor,"Washington Heights, Manhattan",medical
R01400,Explosion in building run away..... pls,"432 Park Avenue, Midtown Manhattan, 2nd floor, Room 9",explosion
R00377,FIREEEEEE HELPPPPPPPP USSS OUTTTTTTTT. MetroTech Center !!!,"Chinatown, Manhattan",fire
R01799,Loud sound. Was that a bomb?,"15 MetroTech Center, Downtown Brooklyn, 4th floor, Room 12",explosion
R01823,Chelsea Heights 2nd floor Explosion pls,"450 West 33rd Street, Chelsea, Manhattan, 2nd floor, Room 12",explosion
R03841,Save meeeee save meeeee injured injured,"Flushing, Queens",medical
R01973,"Explosion at 6th floor, Queens Plaza Complex Save!!!","27-01 Queens Plaza North, Long Island City, 6th floor, Room 4",explosion
R01860,MetroTech Center: something exploded nearby help pls,"15 MetroTech Center, Downtown Brooklyn, 5th floor, Room 5",explosion
R04529,SOS! BUILDING COLLAPSE! LOCATION SENT,"2 Penn Plaza, Midtown Manhattan, 4th floor, Room 6",collapse
R03239,"Road accident near Queens Plaza Complex, ambulance needed","27-01 Queens Plaza North, Long Island City, 4th floor, Room 5",accident
R03510,"I think I'm dying, please help","Flushing, Queens",medical
R09667,"Street light is not working near Sunset Park, Brooklyn","27-01 Queens Plaza North, Long Island City, 6th floor, Room 9",other
R01257,"Edgewater Plaza, 2nd floor, Room Room 5 Explosion","1 Edgewater Plaza, Staten Island, 2nd floor, Room 5",explosion
R04582,SOS! BUILDING COLLAPSE! LOCATION SENT,"620 Atlantic Avenue, Brooklyn, 8th floor, Room 11",collapse
R00372,Help there is fire in Wall Street Tower 2nd floor help ASAP!!,"88 Wall Street, Financial District, Manhattan, 2nd floor, Room 3",fire
R07419,"Help me.. there's robbery near Flushing, Queens.","1 Edgewater Plaza, Staten Island, 7th floor, Room 4",crime
R00035,"FIRE. HELP!!!!! Wall Street Tower, 4th floor Room 808","88 Wall Street, Financial District, Manhattan, 4th floor, Room 8",fire
R09390,Please send maintenance team to Wall Street Tower,"88 Wall Street, Financial District, Manhattan, 7th floor, Room 7",other
R04113,Save meeeee save meeeee injured injured,"29-27 41st Avenue, Long Island City, 4th floor, Room 10",medical
R00119,Help there is fire in Penn Plaza Tower 6th floor help,"2 Penn Plaza, Midtown Manhattan, 6th floor, Room 6",fire
R01784,"Quickly save us from explosion, 2nd floor, Edgewater Plaza","1 Edgewater Plaza, Staten Island, 2nd floor, Room 2",explosion
R06005,TAKE HIGH GROUND flood,"29-27 41st Avenue, Long Island City, 8th floor, Room 6",flood
R06442,Move to top floor!!!,"861 Grand Concourse, The Bronx, 6th floor, Room 3",flood
R07505,"Robbery happening near MetroTech Center, send police","15 MetroTech Center, Downtown Brooklyn, ground floor, Room 6",crime
R06604,Please evacuate the lower floors of Ashland Place Tower as soon as possible,"300 Ashland Place, Downtown Brooklyn, 3rd floor, Room 3",flood
R06167,Savee me from the floodd,"Flushing, Queens",flood
R03694,I have a medical emergency at MetroTech Center 205,"15 MetroTech Center, Downtown Brooklyn, 5th floor, Room 11",medical
R00476,Fire at Penn Plaza Tower first floor.... Come quickly,"Riverdale, The Bronx",fire
R00311,Call fire emergency,"432 Park Avenue, Midtown Manhattan, 2nd floor, Room 2",fire
R03005,Accident hereeee help fast,"Riverdale, The Bronx",accident
R09324,"Street light is not working near Sunset Park, Brooklyn","861 Grand Concourse, The Bronx, 5th floor, Room 1",other
R00929,AHHHHHHHH,"111 Eighth Avenue, Chelsea, Manhattan, 4th floor, Room 6",fire
R03860,"Call 108 Penn Plaza Tower, 3rd floor Room 102 send guys pls","2 Penn Plaza, Midtown Manhattan, 3rd floor, Room 2",medical
R09360,A large tree has fallen across the road,"Chinatown, Manhattan",other
R04215,Call ambulance,"2 Penn Plaza, Midtown Manhattan, 2nd floor, Room 2",medical
R01564,Explosion in building run away..... ...,"620 Atlantic Avenue, Brooklyn, 7th floor, Room 1",explosion
R00844,Fireeeeee helpppppp,"27-01 Queens Plaza North, Long Island City, ground floor, Room 4",fire
R00210,Save me I am trapped in fire 😭,"2 Penn Plaza, Midtown Manhattan, 5th floor, Room 5",fire
R01214,BLAST. HELP ME!!!! In Eighth Avenue Tower 5th floor,"Park Slope, Brooklyn",explosion
R09164,"Street light is not working near Greenwich Village, Manhattan","88 Wall Street, Financial District, Manhattan, 6th floor, Room 6",other
R02007,508! Fire!!!!! blast Midtown Tower 7th floor,"432 Park Avenue, Midtown Manhattan, 7th floor, Room 4",explosion
R00464,"Fire on ground floor Eighth Avenue Tower, please send help immediately","111 Eighth Avenue, Chelsea, Manhattan, ground floor, Room 9",fire
R09280,Run for your life,"Washington Heights, Manhattan",other
R02721,"Major accident at LIC Plaza, 1st floor, Room Room 3, need help","29-27 41st Avenue, Long Island City, 1st floor, Room 3",accident
R01008,Eighth Avenue Tower 3rd floor is on flames.. send help ASAP,"111 Eighth Avenue, Chelsea, Manhattan, 3rd floor, Room 1",fire
R03693,"I have a medical emergency at LIC Plaza, 1st floor Room 808","Greenwich Village, Manhattan",medical
R01051,bro fire 3rd floor,"111 Eighth Avenue, Chelsea, Manhattan, 3rd floor, Room 1",fire
R01016,Midtown Tower: help mee fire fire fire,"432 Park Avenue, Midtown Manhattan, 8th floor, Room 8",fire
R03331,"bike hit someone at Edgewater Plaza, 1st floor Room 101, please send help","Morningside Heights, Manhattan",accident
R09006,A large tree has fallen across the road,"88 Wall Street, Financial District, Manhattan, 2nd floor, Room 2",other
R05669,Please evacuate the lower floors of Penn Plaza Tower as soon as possible,"Sunset Park, Brooklyn",flood
R01037,"Fire on 1st floor Edgewater Plaza, please send helpppp immediately","1 Edgewater Plaza, Staten Island, 1st floor, Room 6",fire
R09917,Power is gone and people are stuck in the lift,"450 West 33rd Street, Chelsea, Manhattan, 3rd floor, Room 7",other
R03381,Call 108 fasttttt there is an emergency,"2 Penn Plaza, Midtown Manhattan, 7th floor, Room 7",medical
R02116,809! Fire!!!!! blast Atlantic Terminal 6th floor,"620 Atlantic Avenue, Brooklyn, 6th floor, Room 5",explosion
R01812,Queens Plaza Complex: something exploded nearby help,"27-01 Queens Plaza North, Long Island City, ground floor, Room 1",explosion
R00206,Firee fireee at Eighth Avenue Tower saveee mee,"111 Eighth Avenue, Chelsea, Manhattan, 2nd floor, Room 2",fire
R09871,Power is gone and people are stuck in the lift,"29-27 41st Avenue, Long Island City, 8th floor, Room 8",other
R05344,Leave the building quickly,"Flushing, Queens",collapse
R09614,"Emergency situation, please send help immediately","29-27 41st Avenue, Long Island City, 7th floor, Room 3",other
R03963,Doctor where is he,"432 Park Avenue, Midtown Manhattan, 1st floor, Room 1",medical
R01105,"FIRE. HELP!!!!! Edgewater Plaza, 1st floor","1 Edgewater Plaza, Staten Island, 1st floor, Room 2",fire
R06838,Somebody please call 112 there is a crime going on,"1 Edgewater Plaza, Staten Island, ground floor, Room 2",crime
R04887,The building has collapsed. Save me!,"15 MetroTech Center, Downtown Brooklyn, 4th floor, Room 9",collapse
R03254,"A person got hit by a vehicle near Queens Plaza Complex, 8th floor Room Room 6","27-01 Queens Plaza North, Long Island City, 8th floor, Room 3",accident
R09994,"Something unusual is happening near Midtown Tower, ground floor Room 109, please check","Washington Heights, Manhattan",other
R02522,"Vehicle overturned near LIC Plaza, need rescue","29-27 41st Avenue, Long Island City, 8th floor, Room 6",accident
R02458,"bike hit someone at Atlantic Terminal, 5th floor Room 505, please send help","Greenwich Village, Manhattan",accident
R02485,"Two vehicles collided, Atlantic Terminal, 4th floor","620 Atlantic Avenue, Brooklyn, 4th floor, Room 2",accident
R03255,Bike and car collided near Ashland Place Tower 7th floor,"300 Ashland Place, Downtown Brooklyn, 7th floor, Room 6",accident
R02890,"Major accident at Ashland Place Tower, 3rd floor Room Room 5, need help","300 Ashland Place, Downtown Brooklyn, 3rd floor, Room 11",accident
R03292,"A person got hit by a vehicle near Grand Concourse Tower, 5th floor Room Room 8","861 Grand Concourse, The Bronx, 5th floor, Room 5",accident
R04491,The building has collapsed. Save me!,"27-01 Queens Plaza North, Long Island City, 1st floor, Room 4",collapse
R05147,"The roof just collapsed at LIC Plaza, people are trapped","29-27 41st Avenue, Long Island City, 4th floor, Room 12",collapse
R07172,Somebody please call 112 there is a crime going on,"88 Wall Street, Financial District, Manhattan, 4th floor, Room 9",crime
R00148,"Fire on 6th floor Atlantic Terminal, please send help immediately","620 Atlantic Avenue, Brooklyn, 6th floor, Room 7",fire
R04124,"Open wound, and concussion emergency first aid and ambulance required ASAP!","111 Eighth Avenue, Chelsea, Manhattan, 1st floor, Room 9",medical
R01243,"Edgewater Plaza, 2nd floor Room 806 Explosion","1 Edgewater Plaza, Staten Island, 2nd floor, Room 8",explosion
R02426,"Someone got injured in a road accident at Grand Concourse Tower, 1st floor Room 807","Park Slope, Brooklyn",accident
R09846,The lift has stopped working. Save me!,"450 West 33rd Street, Chelsea, Manhattan, 5th floor, Room 2",other
R00012,Chelsea Heights 2nd floor is on flames.. send help ASAP,"450 West 33rd Street, Chelsea, Manhattan, 2nd floor, Room 2",fire
R05308,Building collapsing run run,"15 MetroTech Center, Downtown Brooklyn, 2nd floor, Room 7",collapse
R00125,FIREEEEEE HELPPPPPPPP USSS OUTTTTTTTT. Midtown Tower !!!,"Chinatown, Manhattan",fire
R05311,Run,"29-27 41st Avenue, Long Island City, 2nd floor, Room 2",collapse
R09505,"Emergency situation at MetroTech Center 305, please send help","15 MetroTech Center, Downtown Brooklyn, 1st floor, Room 5",other
R03085,"bike hit someone at Atlantic Terminal, 2nd floor Room 202, please send help","620 Atlantic Avenue, Brooklyn, 2nd floor, Room 2",accident
R03713,Helpp it's medical emergency,"Flushing, Queens",medical
R09926,The lift has stopped working. Save me!,"15 MetroTech Center, Downtown Brooklyn, 8th floor, Room 3",other
R01248,There has been an explosion in Eighth Avenue Tower there fire everywhere help,"111 Eighth Avenue, Chelsea, Manhattan, 1st floor, Room 1",explosion
R01556,It will blasttt 😭,"Washington Heights, Manhattan",explosion
R07088,"Bank robbery, help, 1st floor Atlantic Terminal","620 Atlantic Avenue, Brooklyn, 1st floor, Room 1",crime
R05181,Oh no! The building! It's falling!,"450 West 33rd Street, Chelsea, Manhattan, 6th floor, Room 6",collapse
R04117,Helpp it's medical emergency,"15 MetroTech Center, Downtown Brooklyn, ground floor, Room 2",medical
R03318,"Car accident, people are injured, send help","Bushwick, Brooklyn",accident
R04029,"Chest pain, LIC Plaza need to go to the hospital fast pls","300 Ashland Place, Downtown Brooklyn, 1st floor, Room 8",medical
R01659,Room 12! Fire!!!!! blast Chelsea Heights 4th floor,"450 West 33rd Street, Chelsea, Manhattan, 4th floor, Room 2",explosion
R02903,Accident hereeee help fast,"Bushwick, Brooklyn",accident
R03100,Accident hereeee help fast,"1 Edgewater Plaza, Staten Island, 5th floor, Room 2",accident
R02577,"bike hit someone at Grand Concourse Tower, 2nd floor Room Room 1, please send help ...","Greenwich Village, Manhattan",accident
R06720,"Catch the criminal, close the gates","88 Wall Street, Financial District, Manhattan, ground floor, Room 1",crime
R07406,"Someone is threatening people near Ashland Place Tower Room 12, call police","300 Ashland Place, Downtown Brooklyn, 4th floor, Room 2",crime
R01282,"EXPLOSION ground floor, Grand Concourse Tower, HELP MEEE!","Park Slope, Brooklyn",explosion
R09161,Power is gone and people are stuck in the lift,"300 Ashland Place, Downtown Brooklyn, 3rd floor, Room 6",other
R00167,"Oh no, fire has started","Morningside Heights, Manhattan",fire
R01426,"Explosion help , 4th floor Grand Concourse Tower","861 Grand Concourse, The Bronx, 4th floor, Room 11",explosion
R06125,"Flood, I am stuck, save me!","Flushing, Queens",flood
R07373,"Someone is threatening people near Chelsea Heights 401, call police","450 West 33rd Street, Chelsea, Manhattan, 8th floor, Room 1",crime
R06489,"Flood situation in Bushwick, Brooklyn, need relief ASAP!!","432 Park Avenue, Midtown Manhattan, ground floor, Room 10",flood
R09799,"In case of gas leak, don't switch on the bulb","620 Atlantic Avenue, Brooklyn, 6th floor, Room 7",other
R06961,"Something serious is happening here, hurry","111 Eighth Avenue, Chelsea, Manhattan, 7th floor, Room 2",crime
R00545,Save me I am trapped in fire,"29-27 41st Avenue, Long Island City, 4th floor, Room 4",fire
R05803,flood has come,"Morningside Heights, Manhattan",flood
R00113,Stay away there's a fire!!,"1 Edgewater Plaza, Staten Island, 8th floor, Room 9",fire
R00073,"Fire has started in Ashland Place Tower 607, need urgent help","300 Ashland Place, Downtown Brooklyn, ground floor, Room 2",fire
R05231,Leave the building quickly,"861 Grand Concourse, The Bronx, ground floor, Room 5",collapse
R07249,"Someone is threatening people near Edgewater Plaza, 7th floor Room 305, call police","1 Edgewater Plaza, Staten Island, 7th floor, Room 5",crime
R05915,HELP US!!! we are stuck in the flood prone area,"29-27 41st Avenue, Long Island City, 5th floor, Room 12",flood
R07507,Somebody please call 112 there's a crime going on,"Chinatown, Manhattan",crime
R07449,"Robbery happening near Queens Plaza Complex, send police","27-01 Queens Plaza North, Long Island City, 8th floor, Room 10",crime
R05379,"The roof just collapsed at Wall Street Tower, people are trapped","Riverdale, The Bronx",collapse
R06358,Water everywhere help me,"88 Wall Street, Financial District, Manhattan, 1st floor, Room 11",flood
R07305,"Armed robbery happening right now at the bank, call the police","1 Edgewater Plaza, Staten Island, 2nd floor, Room 2",crime
R07536,"Catch the criminal, close the gates","450 West 33rd Street, Chelsea, Manhattan, 5th floor, Room 7",crime
R01432,"Explosion at 3rd floor, LIC Plaza Save!!!","29-27 41st Avenue, Long Island City, 3rd floor, Room 2",explosion
R05238,"Building collapsed of Queens Plaza Complex, need help","Chinatown, Manhattan",collapse
R04802,Building collapsing run run,"450 West 33rd Street, Chelsea, Manhattan, 6th floor, Room 6",collapse
R02912,"Someone got injured in a road accident at Atlantic Terminal, 5th floor Room Room 9","Sunset Park, Brooklyn",accident
R02834,"Major accident at Edgewater Plaza, 2nd floor Room 202, need help pls","1 Edgewater Plaza, Staten Island, 2nd floor, Room 2",accident
R02268,"Two vehicles collided, Queens Plaza Complex, 4th floor Room 404","27-01 Queens Plaza North, Long Island City, 4th floor, Room 4",accident
R02034,It will blasttt,"29-27 41st Avenue, Long Island City, 8th floor, Room 7",explosion
R00727,THIS IS NOT A DRILL. THERE'S A FIRE IN THE BUILDING. SEND HELP!,"Bushwick, Brooklyn",fire
R04016,Hospital!!! Emergency! Cash! Vehicle needed,"Morningside Heights, Manhattan",medical
R02984,A vehicle crashed near Queens Plaza Complex 8th floor!!,"Astoria, Queens",accident
R04105,Hospital!!! Emergency! Cash! Vehicle needed,"Riverdale, The Bronx",medical
R07336,"Help, there is a robbery happening at the bank on Main Road, please contact the police.","111 Eighth Avenue, Chelsea, Manhattan, 8th floor, Room 1",crime
R06802,Somebody please call 112 there is a crime going on!!,"Chinatown, Manhattan",crime
R04034,"Open wound, and concussion emergency first aid and ambulance required ASAP!","Chinatown, Manhattan",medical
R02053,Shit!! huge blast,"Sunset Park, Brooklyn",explosion
R07742,"Help me.. there's robbery near Washington Heights, Manhattan.","15 MetroTech Center, Downtown Brooklyn, 7th floor, Room 7",crime
R05196,Atlantic Terminal under shreds! Building collapse,"620 Atlantic Avenue, Brooklyn, 5th floor, Room 6",collapse
R07094,Call police come fast ASAP!!,"450 West 33rd Street, Chelsea, Manhattan, 6th floor, Room 2",crime
R01482,Something just burst around me. Send rescue squad ASAP,"620 Atlantic Avenue, Brooklyn, 7th floor, Room 6",explosion
R01311,"EXPLOSION 6th floor, Penn Plaza Tower, HELP MEEE!","2 Penn Plaza, Midtown Manhattan, 6th floor, Room 9",explosion
R09298,"Emergency situation at Morningside Heights, Manhattan, please send help","Morningside Heights, Manhattan",other
R01932,There has been an explosion in Penn Plaza Tower there fire everywhere help,"2 Penn Plaza, Midtown Manhattan, 1st floor, Room 4",explosion
R05111,Building collapsing run run,"450 West 33rd Street, Chelsea, Manhattan, 8th floor, Room 8",collapse
R02684,"Crash happened outside Edgewater Plaza, send medical team","1 Edgewater Plaza, Staten Island, 6th floor, Room 7",accident
R03169,Bike and car collided near Wall Street Tower 8th floor pls,"88 Wall Street, Financial District, Manhattan, 8th floor, Room 1",accident
R05353,"The roof just collapsed at Penn Plaza Tower, people are trapped","Greenwich Village, Manhattan",collapse
R06153,Savee me from the floodd,"Washington Heights, Manhattan",flood
R01730,"There's been an explosion at Ashland Place Tower, 2nd floor Room 906. Call the emergency services!","300 Ashland Place, Downtown Brooklyn, 2nd floor, Room 6",explosion
R04201,"Open wound, and concussion emergency first aid and ambulance required ASAP!","Park Slope, Brooklyn",medical
R09615,A large tree has fallen across the road,"Sunset Park, Brooklyn",other
R06870,"Crime happening here, need police immediately","861 Grand Concourse, The Bronx, 1st floor, Room 9",crime
R06651,"Flood situation in Astoria, Queens, need relief ASAP!!","27-01 Queens Plaza North, Long Island City, 5th floor, Room 5",flood
R09691,Help mee ...,"Morningside Heights, Manhattan",other
R00262,Fireeeeee helpppppp ...,"29-27 41st Avenue, Long Island City, 7th floor, Room 4",fire
R00731,Help there is fire in Midtown Tower 3rd floor help,"Riverdale, The Bronx",fire
R00936,FIREEEEEE HELPPPPPPPP USSS OUTTTTTTTT. Atlantic Terminal !!!,"Sunset Park, Brooklyn",fire
R01504,Save us we are in Midtown Tower 1st floor ASAP!!,"Astoria, Queens",explosion
R04542,Run,"111 Eighth Avenue, Chelsea, Manhattan, 7th floor, Room 1",collapse
R06448,"Flood, I am stuck, save me!","2 Penn Plaza, Midtown Manhattan, 5th floor, Room 5",flood
R07426,Somebody please call 112 there is a crime going on,"Chinatown, Manhattan",crime
R06138,"Flood situation in Washington Heights, Manhattan, need relief ASAP!!","432 Park Avenue, Midtown Manhattan, 6th floor, Room 5",flood
R07247,"Something serious is happening here, hurry ASAP!!","Park Slope, Brooklyn",crime
R01003,Fireeeeee helpppppp,"88 Wall Street, Financial District, Manhattan, 8th floor, Room 7",fire
R03038,"There has been an accident at Ashland Place Tower, 1st floor, emergency help needed","300 Ashland Place, Downtown Brooklyn, 1st floor, Room 3",accident
R00760,FIREEEEEE HELPPPPPPPP USSS OUTTTTTTTT. Chelsea Heights !!!,"Flushing, Queens",fire
R02153,Grand Concourse Tower: something exploded nearby help,"Astoria, Queens",explosion
R09269,Gas leakage here don't switch bulb on,"27-01 Queens Plaza North, Long Island City, 7th floor, Room 7",other
R03338,"Chest pain, LIC Plaza need to go to the hospital fast","111 Eighth Avenue, Chelsea, Manhattan, 6th floor, Room 7",medical
R09148,Help mee,"Park Slope, Brooklyn",other
R09025,Help mee!!!,"300 Ashland Place, Downtown Brooklyn, 4th floor, Room 2",other
R00950,Fireeeeee helpppppp,"27-01 Queens Plaza North, Long Island City, 3rd floor, Room 3",fire
R02949,"Vehicle overturned near Edgewater Plaza, need rescue","Flushing, Queens",accident
R00339,"Fire on 5th floor MetroTech Center, please send help immediately","Greenwich Village, Manhattan",fire
R06168,there is a flood in our hostel rn. help,"Riverdale, The Bronx",flood
R04771,Run ASAP!!,"2 Penn Plaza, Midtown Manhattan, 7th floor, Room 2",collapse
R09829,"Emergency situation at Wall Street Tower, 2nd floor Room 202, please send help","88 Wall Street, Financial District, Manhattan, 2nd floor, Room 2",other
R04944,"Someone get me out, building collapsed!!","Greenwich Village, Manhattan",collapse
R00553,AHHHHHHHH,"Park Slope, Brooklyn",fire
R08898,Water pipe burst near Queens Plaza Complex!!,"27-01 Queens Plaza North, Long Island City, 1st floor, Room 4",other
R07291,"Bomb blast Queens Plaza Complex, 3rd floor Room Room 4. Save me","27-01 Queens Plaza North, Long Island City, 3rd floor, Room 4",crime
R10000,"Street light is not working near Flushing, Queens","Chinatown, Manhattan",other
R04702,"Part of the building has collapsed at MetroTech Center, and students may need rescue. ASAP!!","Chinatown, Manhattan",collapse
R09219,Help mee,"Morningside Heights, Manhattan",other
R01487,"Chelsea Heights, 2nd floor, Room 202 Explosion","450 West 33rd Street, Chelsea, Manhattan, 2nd floor, Room 2",explosion
R04910,The building has collapsed. Save me!,"432 Park Avenue, Midtown Manhattan, 3rd floor, Room 2",collapse
R09295,Gas leakage here don't switch bulb on,"432 Park Avenue, Midtown Manhattan, 3rd floor, Room 9",other
R01493,Explosion in building run away.....,"15 MetroTech Center, Downtown Brooklyn, 8th floor, Room 8",explosion
R00610,Help!!!!! fire here,"29-27 41st Avenue, Long Island City, 2nd floor, Room 2",fire
R06574,Helpppp i am drowning helpppp,"432 Park Avenue, Midtown Manhattan, 1st floor, Room 8",flood
R00037,FIREEEEEE HELPPPPPPPP USSS OUTTTTTTTT. Atlantic Terminal !!! 😭,"620 Atlantic Avenue, Brooklyn, 4th floor, Room 2",fire
R05174,The building has collapsed. Save me!,"15 MetroTech Center, Downtown Brooklyn, 8th floor, Room 7",collapse
R00697,Help there is fire in Atlantic Terminal 6th floor help,"Flushing, Queens",fire
R00920,FIREEEEEE HELPPPPPPPP USSS OUTTTTTTTT. MetroTech Center !!!,"Morningside Heights, Manhattan",fire
R07118,Call the police right now!!,"1 Edgewater Plaza, Staten Island, 2nd floor, Room 8",crime
R00334,Help!!!!! fire here,"Washington Heights, Manhattan",fire
R01737,"Explosion help , 7th floor Penn Plaza Tower","Sunset Park, Brooklyn",explosion
R05193,this builidng is collapsing ... send help,"300 Ashland Place, Downtown Brooklyn, 7th floor, Room 7",collapse
R07491,"Help me.. there's robbery near Morningside Heights, Manhattan.","Sunset Park, Brooklyn",crime
R09935,"No electricity in LIC Plaza, please send maintenance","29-27 41st Avenue, Long Island City, 7th floor, Room 1",other
R09178,A large tree has fallen across the road 😭,"Greenwich Village, Manhattan",other
R03504,Call an ambulance! Call an ambulance!,"450 West 33rd Street, Chelsea, Manhattan, 8th floor, Room 1",medical
R07323,"Catch the criminal, close the gates","432 Park Avenue, Midtown Manhattan, 8th floor, Room 4",crime
R00336,"Oh no, fire has started!!!","27-01 Queens Plaza North, Long Island City, 7th floor, Room 1",fire
R05281,Run under the table,"861 Grand Concourse, The Bronx, 5th floor, Room 1",collapse
R01913,BLAST. HELP ME!!!! In LIC Plaza 407,"29-27 41st Avenue, Long Island City, 6th floor, Room 4",explosion
R02461,"Road accident near Queens Plaza Complex, ambulance needed","27-01 Queens Plaza North, Long Island City, 5th floor, Room 4",accident
R04995,Building collapsing run run,"111 Eighth Avenue, Chelsea, Manhattan, 7th floor, Room 2",collapse
R09842,Power is gone and people are stuck in the lift,"111 Eighth Avenue, Chelsea, Manhattan, 1st floor, Room 7",other
R00193,Fire save me,"300 Ashland Place, Downtown Brooklyn, 7th floor, Room 7",fire
R00904,Stay away there's a fire!!,"432 Park Avenue, Midtown Manhattan, 7th floor, Room 5",fire
R01549,Loud sound. Was that a bomb?,"15 MetroTech Center, Downtown Brooklyn, 2nd floor, Room 2",explosion
R03781,Please send an ambulance to LIC Plaza Room 10,"29-27 41st Avenue, Long Island City, 2nd floor, Room 1",medical
R08933,"Emergency situation, please send help immediately pls","300 Ashland Place, Downtown Brooklyn, 6th floor, Room 1",other
R07332,Somebody please call 112 there is a crime going on,"Bushwick, Brooklyn",crime
R07718,"Catch the criminal, close the gates","88 Wall Street, Financial District, Manhattan, 1st floor, Room 2",crime
R06068,Flood. Help ..,"29-27 41st Avenue, Long Island City, 3rd floor, Room 6",flood
R01936,"BLAST. HELP ME!!!! In Queens Plaza Complex, 3rd floor, Room Room 9","27-01 Queens Plaza North, Long Island City, 3rd floor, Room 9",explosion
R05694,Helpppp i am drowning helpppp,"861 Grand Concourse, The Bronx, 1st floor, Room 3",flood
R06764,Somebody please call 112 there is a crime going on,"88 Wall Street, Financial District, Manhattan, 7th floor, Room 9",crime
R02060,"EXPLOSION 5th floor, Queens Plaza Complex, HELP MEEE! 😭","27-01 Queens Plaza North, Long Island City, 5th floor, Room 2",explosion
R00810,Help!!!!! fire here ASAP!!,"861 Grand Concourse, The Bronx, 1st floor, Room 1",fire
R02438,"Accident!!! people hurt, call ambulance","29-27 41st Avenue, Long Island City, 7th floor, Room 7",accident
R02988,"bike hit someone at Grand Concourse Tower, 5th floor Room 505, please send help!!","861 Grand Concourse, The Bronx, 5th floor, Room 5",accident
R05605,HELP US!!! we are stuck in the flood prone area,"29-27 41st Avenue, Long Island City, 4th floor, Room 2",flood
R03538,Call 108 fasttttt there is an emergency,"620 Atlantic Avenue, Brooklyn, 2nd floor, Room 2",medical
R04260,Save meeeee save meeeee injured injured ...,"Sunset Park, Brooklyn",medical
R07774,I am in dangerrr idk what to do,"1 Edgewater Plaza, Staten Island, 5th floor, Room 3",crime
R02664,Accident hereeee help fast,"300 Ashland Place, Downtown Brooklyn, 6th floor, Room 9",accident
R00494,Call fire emergency,"Bushwick, Brooklyn",fire
R05398,"The roof just collapsed at Penn Plaza Tower, people are trapped","Morningside Heights, Manhattan",collapse
R00118,Eighth Avenue Tower 7th floor is on flames.. send helpppp ASAP,"111 Eighth Avenue, Chelsea, Manhattan, 7th floor, Room 11",fire
R06861,"Catch the criminal, close the gates","Chinatown, Manhattan",crime
R02939,Bike and car collided near Edgewater Plaza 2nd floor,"Greenwich Village, Manhattan",accident
R05209,The building has collapsed. Save me!,"620 Atlantic Avenue, Brooklyn, 6th floor, Room 5",collapse
R03593,Urgent helpppp needed hereee!!,"861 Grand Concourse, The Bronx, 3rd floor, Room 4",medical
R02425,"Vehicle overturned near Ashland Place Tower, need rescue","Astoria, Queens",accident
R02980,"Accident!!! people hurt, call ambulance","432 Park Avenue, Midtown Manhattan, 7th floor, Room 7",accident
R09516,Gas leakage here don't switch bulb on,"15 MetroTech Center, Downtown Brooklyn, 5th floor, Room 7",other
R07018,"Crime happening here, need police immediately","88 Wall Street, Financial District, Manhattan, 8th floor, Room 11",crime
R09943,Power is gone and people are stuck in the lift,"1 Edgewater Plaza, Staten Island, 8th floor, Room 8",other
R08919,Power is gone and people are stuck in the lift,"27-01 Queens Plaza North, Long Island City, ground floor, Room 1",other
R05939,Blub blub blub,"Flushing, Queens",flood
R09483,Help mee,"450 West 33rd Street, Chelsea, Manhattan, 8th floor, Room 5",other
R04299,Call doctor and ask for help,"27-01 Queens Plaza North, Long Island City, 8th floor, Room 1",medical
R00612,Fire at Midtown Tower first floor.... Come quickly,"432 Park Avenue, Midtown Manhattan, 1st floor, Room 4",fire
R03121,"Someone got injured in a road accident at Ashland Place Tower, 7th floor","300 Ashland Place, Downtown Brooklyn, 7th floor, Room 2",accident
R04798,Go run fast. the building is collapsing ...,"450 West 33rd Street, Chelsea, Manhattan, 3rd floor, Room 3",collapse
R02323,Bike and car collided near Midtown Tower 4th floor 😭,"432 Park Avenue, Midtown Manhattan, 4th floor, Room 4",accident
R09273,"Emergency situation at Wall Street Tower, 1st floor, Room 807, please send help","88 Wall Street, Financial District, Manhattan, 1st floor, Room 7",other
R03064,Accident hereeee help fast,"29-27 41st Avenue, Long Island City, 3rd floor, Room 4",accident
R05921,"Flood situation in Astoria, Queens, need relief ASAP!!","450 West 33rd Street, Chelsea, Manhattan, 6th floor, Room 1",flood
R05942,Savee me from the floodd,"450 West 33rd Street, Chelsea, Manhattan, 4th floor, Room 4",flood
R06094,flood has come 😭,"450 West 33rd Street, Chelsea, Manhattan, 5th floor, Room 11",flood
R03925,Hospital emergency. Help,"2 Penn Plaza, Midtown Manhattan, 4th floor, Room 3",medical
R02990,"A person got hit by a vehicle near Penn Plaza Tower, 4th floor Room Room 12","2 Penn Plaza, Midtown Manhattan, 4th floor, Room 2",accident
R01837,"Huge explosion at LIC Plaza, smoke everywhere","29-27 41st Avenue, Long Island City, 8th floor, Room 2",explosion
R04159,Please send an ambulance to Atlantic Terminal 609,"620 Atlantic Avenue, Brooklyn, 1st floor, Room 1",medical
R02519,"Crash happened outside Edgewater Plaza, send medical team","1 Edgewater Plaza, Staten Island, 3rd floor, Room 6",accident
R07771,"Help, there is a robbery happening at the bank on Main Road, please contact the police.","450 West 33rd Street, Chelsea, Manhattan, 1st floor, Room 8",crime
R02359,"Someone got injured in a road accident at MetroTech Center, 1st floor, Room Room 2","15 MetroTech Center, Downtown Brooklyn, 1st floor, Room 2",accident
R02451,"Car accident, people are injured, send help","Riverdale, The Bronx",accident
R09361,Power is gone and people are stuck in the lift,"Sunset Park, Brooklyn",other
R02589,"Traffic accident near Morningside Heights, Manhattan, need immediate assistance ASAP!!","432 Park Avenue, Midtown Manhattan, 2nd floor, Room 2",accident
R01323,There has been an explosion in MetroTech Center there fire everywhere help,"15 MetroTech Center, Downtown Brooklyn, 8th floor, Room 8",explosion
R06650,TAKE HIGH GROUND flood,"29-27 41st Avenue, Long Island City, 6th floor, Room 3",flood
R03419,"Chest pain, LIC Plaza need to go to the hospital fast","111 Eighth Avenue, Chelsea, Manhattan, ground floor, Room 12",medical
R07456,"there is a man with black mask and gun in the bank, please help","Riverdale, The Bronx",crime
R05625,Savee me from the floodd,"450 West 33rd Street, Chelsea, Manhattan, 2nd floor, Room 10",flood
R04058,"SOS I am having an attack!!!! Edgewater Plaza, 7th floor Room 201","1 Edgewater Plaza, Staten Island, 7th floor, Room 1",medical
R07641,Call the emergency helpline number!,"861 Grand Concourse, The Bronx, 3rd floor, Room 10",crime
R07090,"there is a man with black mask and gun in the bank, please help","Riverdale, The Bronx",crime
R04247,I need urgent medical help please ASAP!!,"15 MetroTech Center, Downtown Brooklyn, 3rd floor, Room 12",medical
R02627,"Accident!!! people hurt, call ambulance","Flushing, Queens",accident
R03402,Call 108 fasttttt there is an emergency,"861 Grand Concourse, The Bronx, 8th floor, Room 2",medical
R08927,Water pipe burst near Queens Plaza Complex,"27-01 Queens Plaza North, Long Island City, 1st floor, Room 7",other
R01250,It will blasttt,"Bushwick, Brooklyn",explosion
R08978,Water pipe burst near Atlantic Terminal pls,"620 Atlantic Avenue, Brooklyn, 4th floor, Room 6",other
R04015,Doctor where is he,"Morningside Heights, Manhattan",medical
R02735,"Car accident, people are injured, send help","27-01 Queens Plaza North, Long Island City, 5th floor, Room 6",accident
R00176,Fire save me,"15 MetroTech Center, Downtown Brooklyn, ground floor, Room 5",fire
R04571,Leave the building quickly,"27-01 Queens Plaza North, Long Island City, ground floor, Room 12",collapse
R02254,"Crash happened outside Midtown Tower, send medical team","Morningside Heights, Manhattan",accident
R05266,2nd floor Wall Street Tower building collapsed I’m stuck please help,"88 Wall Street, Financial District, Manhattan, 2nd floor, Room 2",collapse
R07344,Call the police right now!!,"620 Atlantic Avenue, Brooklyn, 8th floor, Room 5",crime
R06023,Please evacuate the lower floors of Penn Plaza Tower as soon as possible,"2 Penn Plaza, Midtown Manhattan, 3rd floor, Room 7",flood
R06836,"Bank robbery, help, 1st floor Wall Street Tower","Flushing, Queens",crime
R02417,"Car accident, people are injured, send help","Astoria, Queens",accident
R06749,"Someone is threatening people near Eighth Avenue Tower, 2nd floor, call police","111 Eighth Avenue, Chelsea, Manhattan, 2nd floor, Room 6",crime
R07690,Somebody please call 112 there is a crime going on,"300 Ashland Place, Downtown Brooklyn, 7th floor, Room 6",crime
R03705,SOS I am having an attack!!!! Eighth Avenue Tower 307,"111 Eighth Avenue, Chelsea, Manhattan, 3rd floor, Room 3",medical
R03067,"Major accident at Queens Plaza Complex Room 4, need help","Flushing, Queens",accident
R06488,Move to top floor,"15 MetroTech Center, Downtown Brooklyn, 3rd floor, Room 2",flood
R09054,Power is gone and people are stuck in the lift,"Park Slope, Brooklyn",other
R00848,"Fire on 5th floor Eighth Avenue Tower, please send help immediately","Chinatown, Manhattan",fire
R05079,Go run fast. the building is collapsing,"861 Grand Concourse, The Bronx, 7th floor, Room 4",collapse
R05882,TAKE HIGH GROUND flood,"15 MetroTech Center, Downtown Brooklyn, 1st floor, Room 8",flood
R02260,"Two vehicles collided, Midtown Tower, ground floor Room G00","432 Park Avenue, Midtown Manhattan, ground floor, Room 5",accident
R00935,Fire save me,"29-27 41st Avenue, Long Island City, 7th floor, Room 4",fire
R03182,"There has been an accident at MetroTech Center, 5th floor, emergency help needed","15 MetroTech Center, Downtown Brooklyn, 5th floor, Room 3",accident
R06455,Flood. Help ..,"Greenwich Village, Manhattan",flood
R04125,"I think I'm dying, please help ASAP!!","620 Atlantic Avenue, Brooklyn, ground floor, Room 5",medical
R09462,Lift is stuck between floors at Wall Street Tower,"Bushwick, Brooklyn",other
R05506,"The roof just collapsed at Ashland Place Tower, people are trapped","300 Ashland Place, Downtown Brooklyn, 2nd floor, Room 6",collapse
R09878,A large tree has fallen across the road,"1 Edgewater Plaza, Staten Island, 3rd floor, Room 3",other
R00249,Help!!!!! fire here,"Astoria, Queens",fire
R03788,Call 108 fasttttt there is an emergency pls,"Morningside Heights, Manhattan",medical
R00036,bro fire 3rd floor,"450 West 33rd Street, Chelsea, Manhattan, 3rd floor, Room 3",fire
R06665,Get to higher ground now!!,"111 Eighth Avenue, Chelsea, Manhattan, 1st floor, Room 7",flood
R00572,"Oh no, fire has started","27-01 Queens Plaza North, Long Island City, 1st floor, Room 7",fire
R02241,"Traffic accident near Chinatown, Manhattan, need immediate assistance","Park Slope, Brooklyn",accident
R02810,"Car accident, people are injured, send help 😭","432 Park Avenue, Midtown Manhattan, 4th floor, Room 4",accident
R07397,"Bomb blast MetroTech Center, ground floor Room Room 2. Save me","15 MetroTech Center, Downtown Brooklyn, ground floor, Room 2",crime
R00297,Stay away there's a fire!!,"27-01 Queens Plaza North, Long Island City, ground floor, Room 9",fire
R03811,"I have a medical emergency at MetroTech Center, 3rd floor Room 704 ASAP!!","15 MetroTech Center, Downtown Brooklyn, 3rd floor, Room 4",medical
R07391,Call the police right now!!,"1 Edgewater Plaza, Staten Island, 7th floor, Room 1",crime
R03996,Hospital!!! Emergency! Cash! Vehicle needed,"111 Eighth Avenue, Chelsea, Manhattan, 4th floor, Room 2",medical
R07527,"Bomb blast Chelsea Heights, 4th floor Room 404. Save me","450 West 33rd Street, Chelsea, Manhattan, 4th floor, Room 4",crime
R02100,There's been an explosion at Edgewater Plaza 701. Call the emergency services!,"Morningside Heights, Manhattan",explosion
R04501,Building has been collapsed!,"Riverdale, The Bronx",collapse
R04157,Helpp it's medical emergency,"Washington Heights, Manhattan",medical
R05976,"Water level rising rapidly near Greenwich Village, Manhattan","Morningside Heights, Manhattan",flood
R06681,"Someone is threatening people near Park Slope, Brooklyn, call police","Park Slope, Brooklyn",crime
R09266,"Street light is not working near Flushing, Queens","450 West 33rd Street, Chelsea, Manhattan, 3rd floor, Room 1",other
R02567,"Major accident at Eighth Avenue Tower, 1st floor Room 302, need help","111 Eighth Avenue, Chelsea, Manhattan, 1st floor, Room 12",accident
R05090,SOS! BUILDING COLLAPSE! LOCATION SENT,"111 Eighth Avenue, Chelsea, Manhattan, 3rd floor, Room 3",collapse
R05303,5th floor Chelsea Heights building collapsed I’m stuck please help,"450 West 33rd Street, Chelsea, Manhattan, 5th floor, Room 12",collapse
R04142,Call 108 fasttttt there is an emergency,"Sunset Park, Brooklyn",medical
R06590,"Flood, I am stuck, save me!","15 MetroTech Center, Downtown Brooklyn, 1st floor, Room 1",flood
R06844,"Gunmen in. Ashland Place Tower main office, need immediate hlp","300 Ashland Place, Downtown Brooklyn, 4th floor, Room 6",crime
R02385,"Vehicle overturned near Eighth Avenue Tower, need rescue pls","111 Eighth Avenue, Chelsea, Manhattan, 6th floor, Room 6",accident
R09625,"Street light is not working near Washington Heights, Manhattan","Sunset Park, Brooklyn",other
R07405,Somebody please call 112 there is a crime going on,"Morningside Heights, Manhattan",crime
R09225,A large tree has fallen across the road,"432 Park Avenue, Midtown Manhattan, 7th floor, Room 2",other
R03478,"SOS I am having an attack!!!! Park Slope, Brooklyn","Park Slope, Brooklyn",medical
R00429,Firee fireee at Chelsea Heights saveee mee,"450 West 33rd Street, Chelsea, Manhattan, 4th floor, Room 4",fire
R09913,Help mee,"Riverdale, The Bronx",other
R04422,Urgent help needed hereee!!,"Morningside Heights, Manhattan",medical
R03000,"Car accident, people are injured, send help","Park Slope, Brooklyn",accident
R06970,"Someone is threatening people near LIC Plaza 608, call police","29-27 41st Avenue, Long Island City, 3rd floor, Room 6",crime
R01125,Room 2! Fire!!!!! blast Queens Plaza Complex 6th floor,"27-01 Queens Plaza North, Long Island City, 6th floor, Room 2",explosion
R09676,Lift is stuck between floors at Chelsea Heights,"450 West 33rd Street, Chelsea, Manhattan, 7th floor, Room 5",other
R02204,Something exploded we need to run!!,"2 Penn Plaza, Midtown Manhattan, 7th floor, Room 4",explosion
R00635,AHHHHHHHH,"Riverdale, The Bronx",fire
R09109,"Road is blocked by a fallen tree near Grand Concourse Tower, 5th floor Room 505","861 Grand Concourse, The Bronx, 5th floor, Room 5",other
R04525,"Someone get me out, building collapsed","Sunset Park, Brooklyn",collapse
R01197,"BLAST. HELP ME!!!! In MetroTech Center, ground floor Room Room 12","15 MetroTech Center, Downtown Brooklyn, ground floor, Room 2",explosion
R03174,Accident hereeee help fast,"111 Eighth Avenue, Chelsea, Manhattan, 6th floor, Room 4",accident
R06747,police come fast,"Sunset Park, Brooklyn",crime
R00057,Call fire emergency,"Bushwick, Brooklyn",fire
R00331,bro fire 2nd floor,"Sunset Park, Brooklyn",fire
R09009,The lift has stopped working. Save me!,"Flushing, Queens",other
R09804,"Emergency situation, please send help immediately","620 Atlantic Avenue, Brooklyn, 3rd floor, Room 1",other
R09478,The lift has stopped working. Save me!,"432 Park Avenue, Midtown Manhattan, 5th floor, Room 11",other
R04516,Ashland Place Tower under shreds! Building collapse,"300 Ashland Place, Downtown Brooklyn, ground floor, Room 5",collapse
R04145,Save meeeee save meeeee injured injured,"1 Edgewater Plaza, Staten Island, 2nd floor, Room 2",medical
R00746,Save me I am trapped in fire,"15 MetroTech Center, Downtown Brooklyn, 8th floor, Room 3",fire
R04459,Building collapsing run run,"861 Grand Concourse, The Bronx, 2nd floor, Room 5",collapse
R05792,"The ground is flooded, send help, lifeboat and first aid","300 Ashland Place, Downtown Brooklyn, 6th floor, Room 9",flood
R03131,"A vehicle crashed near MetroTech Center, 8th floor, Room 109","15 MetroTech Center, Downtown Brooklyn, 8th floor, Room 9",accident
R03130,"Crash happened outside MetroTech Center, send medical team","15 MetroTech Center, Downtown Brooklyn, 2nd floor, Room 2",accident
R06879,"Robbery happening near Midtown Tower, send police","432 Park Avenue, Midtown Manhattan, 2nd floor, Room 2",crime
R07297,Am I that unlucky,"111 Eighth Avenue, Chelsea, Manhattan, 1st floor, Room 7",crime
R02667,"bike hit someone at Chelsea Heights, 7th floor Room 904, please send helpppp","450 West 33rd Street, Chelsea, Manhattan, 7th floor, Room 4",accident
R09340,"Something unusual is happening near Chelsea Heights, 3rd floor, please check","450 West 33rd Street, Chelsea, Manhattan, 3rd floor, Room 5",other
R02262,"A vehicle crashed near Midtown Tower, 3rd floor Room 401","Washington Heights, Manhattan",accident
R06044,Savee me from the floodd,"432 Park Avenue, Midtown Manhattan, 7th floor, Room 3",flood
R02363,Accident hereeee help fast,"Morningside Heights, Manhattan",accident
R01240,"Quickly save us from explosion, 3rd floor, LIC Plaza","29-27 41st Avenue, Long Island City, 3rd floor, Room 3",explosion
R03454,Hospital!!! Emergency! Cash! Vehicle needed,"861 Grand Concourse, The Bronx, 5th floor, Room 11",medical
R07108,"Someone is threatening people near Midtown Tower 5th floor, call police","432 Park Avenue, Midtown Manhattan, 5th floor, Room 5",crime
R06487,Flood. Help ..,"27-01 Queens Plaza North, Long Island City, 3rd floor, Room 8",flood
R00516,Fireeeeee helpppppp,"861 Grand Concourse, The Bronx, 4th floor, Room 9",fire
R07126,"Help, there is a robbery happening at the bank on Main Road, please contact the police.","1 Edgewater Plaza, Staten Island, 5th floor, Room 6",crime
R05190,Oh no! The building! It's falling!,"Chinatown, Manhattan",collapse
R01976,"There's been an explosion at Penn Plaza Tower, 4th floor Room 404. Call the emergency services!","2 Penn Plaza, Midtown Manhattan, 4th floor, Room 9",explosion
R07630,"Help me.. there's robbery near Washington Heights, Manhattan.","Park Slope, Brooklyn",crime
R09177,"Emergency situation at Grand Concourse Tower 203, please send help","861 Grand Concourse, The Bronx, 8th floor, Room 10",other
R07497,Somebody please call 112 there is a crime going on,"Sunset Park, Brooklyn",crime
R02631,"Vehicle overturned near Ashland Place Tower, need rescue","Sunset Park, Brooklyn",accident
R05127,Oh no! The building! It's falling!,"Morningside Heights, Manhattan",collapse
R07528,Am I that unlucky,"Bushwick, Brooklyn",crime
R02259,A vehicle crashed near Midtown Tower 108,"Washington Heights, Manhattan",accident
R06543,Please evacuate the lower floors of Edgewater Plaza as soon as possible,"Bushwick, Brooklyn",flood
R00556,Help there is fire in Atlantic Terminal 8th floor help!!,"620 Atlantic Avenue, Brooklyn, 8th floor, Room 1",fire
R05973,"The ground is flooded, send help, lifeboat and first aid","29-27 41st Avenue, Long Island City, 1st floor, Room 2",flood
R00619,"FIRE. HELP!!!!! Flushing, Queens","Flushing, Queens",fire
R01536,"MetroTech Center, 7th floor Room 707 Explosion","15 MetroTech Center, Downtown Brooklyn, 7th floor, Room 7",explosion
R04156,Helpp it's medical emergency!!!,"27-01 Queens Plaza North, Long Island City, 2nd floor, Room 7",medical
R00421,FIREEEEEE HELPPPPPPPP USSS OUTTTTTTTT. Ashland Place Tower !!!,"300 Ashland Place, Downtown Brooklyn, 6th floor, Room 2",fire
R06055,Flood. Help ..!!,"111 Eighth Avenue, Chelsea, Manhattan, 4th floor, Room 7",flood
R06497,Please evacuate the lower floors of Wall Street Tower as soon as possible,"88 Wall Street, Financial District, Manhattan, 7th floor, Room 7",flood
R08949,A large tree has fallen across the road,"27-01 Queens Plaza North, Long Island City, 5th floor, Room 9",other
R07431,"Armed robbery happening right now at the bank, call the police","2 Penn Plaza, Midtown Manhattan, 3rd floor, Room 5",crime
R05490,this builidng is collapsing ... send help!!,"300 Ashland Place, Downtown Brooklyn, 1st floor, Room 7",collapse
R01744,Something exploded we need to run,"15 MetroTech Center, Downtown Brooklyn, 2nd floor, Room 2",explosion
R05854,Get to higher ground now!!,"2 Penn Plaza, Midtown Manhattan, 4th floor, Room 3",flood
R04367,Helpp it's medical emergency,"1 Edgewater Plaza, Staten Island, 8th floor, Room 12",medical
R06891,"there is a man with black mask and gun in the bank, please help","Chinatown, Manhattan",crime
R00730,bro fire 2nd floor,"432 Park Avenue, Midtown Manhattan, 2nd floor, Room 2",fire
R05380,Run,"88 Wall Street, Financial District, Manhattan, 7th floor, Room 5",collapse
R03607,Urgent help needed hereee!!,"620 Atlantic Avenue, Brooklyn, 2nd floor, Room 8",medical
R07306,"Crime happening here, need police immediately","Bushwick, Brooklyn",crime
R03322,Accident hereeee help fast,"Park Slope, Brooklyn",accident
R09272,"Street light is not working near Park Slope, Brooklyn","432 Park Avenue, Midtown Manhattan, 5th floor, Room 1",other
R02545,"A person got hit by a vehicle near Ashland Place Tower, 8th floor, Room Room 4!!!","300 Ashland Place, Downtown Brooklyn, 8th floor, Room 4",accident
R01592,"EXPLOSION 7th floor, Midtown Tower, HELP MEEE!","432 Park Avenue, Midtown Manhattan, 7th floor, Room 3",explosion
R00658,firee at Wall Street Tower first floor.... Come quickly,"Flushing, Queens",fire
R05585,Savee me from the floodd,"88 Wall Street, Financial District, Manhattan, 4th floor, Room 6",flood
R03935,Hospital emergency. Help,"620 Atlantic Avenue, Brooklyn, 4th floor, Room 5",medical
R06330,"Flood situation in Astoria, Queens, need relief ASAP!!","Astoria, Queens",flood
R07586,police come fast,"Park Slope, Brooklyn",crime
R02897,"Accident!!! people hurt, call ambulance","620 Atlantic Avenue, Brooklyn, ground floor, Room 6",accident
R09016,"In case of gas leak, don't switch on the bulb","2 Penn Plaza, Midtown Manhattan, ground floor, Room 6",other
R07115,"Crime happening here, need police immediately","Morningside Heights, Manhattan",crime
R06823,"Bank robbery, help, 4th floor Wall Street Tower","88 Wall Street, Financial District, Manhattan, 4th floor, Room 8",crime
R06128,Savee me from the floodd,"2 Penn Plaza, Midtown Manhattan, 5th floor, Room 5",flood
R05673,Please evacuate the lower floors of Chelsea Heights as soon as possible!!,"450 West 33rd Street, Chelsea, Manhattan, 4th floor, Room 9",flood
R09323,"Emergency situation at Chinatown, Manhattan, please send help","Chinatown, Manhattan",other
R05800,HELP US!!! we are stuck in the flood prone area,"Park Slope, Brooklyn",flood
R01865,Explosion in building run away.....,"450 West 33rd Street, Chelsea, Manhattan, ground floor, Room 6",explosion
R04586,Midtown Tower under shreds! Building collapse,"432 Park Avenue, Midtown Manhattan, 5th floor, Room 9",collapse
R04537,Eighth Avenue Tower under shreds! Building collapse 😭,"Flushing, Queens",collapse
R00346,Firee fireee at Ashland Place Tower saveee mee,"300 Ashland Place, Downtown Brooklyn, 2nd floor, Room 2",fire
R00903,"Oh no, fire has started","300 Ashland Place, Downtown Brooklyn, 6th floor, Room 4",fire
R06803,"Robbery happening near Chelsea Heights, send police","450 West 33rd Street, Chelsea, Manhattan, 7th floor, Room 6",crime
R03171,"Someone got injured in a road accident at Wall Street Tower, 5th floor Room 505","88 Wall Street, Financial District, Manhattan, 5th floor, Room 5",accident
R00263,THIS IS NOT A DRILL. THERE'S A FIRE IN THE BUILDING. SEND HELP!,"2 Penn Plaza, Midtown Manhattan, 6th floor, Room 11",fire
R07423,"Robbery happening near Atlantic Terminal, send police","Riverdale, The Bronx",crime
R07653,"Bomb blast Atlantic Terminal, 2nd floor, Room Room 1. Save me ...","620 Atlantic Avenue, Brooklyn, 2nd floor, Room 1",crime
R00737,"Fire has started in Penn Plaza Tower Room 11, need urgent help","Morningside Heights, Manhattan",fire
R01758,BLAST. HELP ME!!!! In Atlantic Terminal 808,"620 Atlantic Avenue, Brooklyn, 8th floor, Room 8",explosion
R06409,"Flood situation in Chinatown, Manhattan, need relief ASAP!!","29-27 41st Avenue, Long Island City, ground floor, Room 4",flood
R07168,Call the emergency helpline number! 😭,"88 Wall Street, Financial District, Manhattan, ground floor, Room 3",crime
R00585,"Fire on 3rd floor Grand Concourse Tower, please send helpppp immediately","861 Grand Concourse, The Bronx, 3rd floor, Room 2",fire
R06683,"there is a man with black mask and gun in the bank, please helpppp","Riverdale, The Bronx",crime
R00921,"Oh no, fire has started","Greenwich Village, Manhattan",fire
R02405,"Major accident at Penn Plaza Tower, 2nd floor Room 703, need help","Sunset Park, Brooklyn",accident
R06894,police come fast,"Bushwick, Brooklyn",crime
R02428,"There has been an accident at Midtown Tower, 1st floor Room Room 2, emergency help needed","432 Park Avenue, Midtown Manhattan, 1st floor, Room 5",accident
R04043,Call doctor and ask for help,"300 Ashland Place, Downtown Brooklyn, 7th floor, Room 1",medical
R01064,THIS IS NOT A DRILL. THERE'S A FIRE IN THE BUILDING. SEND HELP!,"88 Wall Street, Financial District, Manhattan, 4th floor, Room 9",fire
R01845,"Eighth Avenue Tower, 5th floor Room 505 Explosion ASAP!!","111 Eighth Avenue, Chelsea, Manhattan, 5th floor, Room 5",explosion
R04559,"Someone get me out, building collapsed","15 MetroTech Center, Downtown Brooklyn, 4th floor, Room 12",collapse
R09030,"Emergency situation, please send help immediately","432 Park Avenue, Midtown Manhattan, 7th floor, Room 7",other
R05239,SOS! BUILDING COLLAPSE! LOCATION SENT,"300 Ashland Place, Downtown Brooklyn, 1st floor, Room 8",collapse
R03836,"Please send an ambulance to Sunset Park, Brooklyn","Sunset Park, Brooklyn",medical
R01072,Firee fireee at Ashland Place Tower saveee mee,"300 Ashland Place, Downtown Brooklyn, 5th floor, Room 6",fire
R05159,EVACUATE,"27-01 Queens Plaza North, Long Island City, 8th floor, Room 4",collapse
R05562,"Flood, I am stuck, save me!","300 Ashland Place, Downtown Brooklyn, 4th floor, Room 3",flood
R03288,"A person got hit by a vehicle near MetroTech Center, ground floor Room G00","15 MetroTech Center, Downtown Brooklyn, ground floor, Room 1",accident
R06828,"Catch the criminal, close the gates","1 Edgewater Plaza, Staten Island, 1st floor, Room 7",crime
R04642,Oh no! The building! It's falling!,"111 Eighth Avenue, Chelsea, Manhattan, 1st floor, Room 1",collapse
R00769,Fire save me,"111 Eighth Avenue, Chelsea, Manhattan, 3rd floor, Room 2",fire
R09354,"Emergency situation, please send help immediately","432 Park Avenue, Midtown Manhattan, 1st floor, Room 7",other
R07512,I am in dangerrr idk what to do,"432 Park Avenue, Midtown Manhattan, 7th floor, Room 1",crime
R02619,"There has been an accident at Edgewater Plaza 707, emergency help needed","Morningside Heights, Manhattan",accident
R06554,"Flood, I am stuck, save me! pls","27-01 Queens Plaza North, Long Island City, ground floor, Room 3",flood
R00288,"Fire has started in Queens Plaza Complex 301, need urgent help","27-01 Queens Plaza North, Long Island City, 1st floor, Room 1",fire
R06012,Please evacuate the lower floors of Chelsea Heights as soon as possible,"450 West 33rd Street, Chelsea, Manhattan, 7th floor, Room 12",flood
R02708,"Someone got injured in a road accident at LIC Plaza, 8th floor","29-27 41st Avenue, Long Island City, 8th floor, Room 9",accident
R01813,"EXPLOSION 7th floor, Ashland Place Tower, HELP MEEE!","Bushwick, Brooklyn",explosion
R07310,"Robbery happening near Penn Plaza Tower, send police","2 Penn Plaza, Midtown Manhattan, 4th floor, Room 3",crime
R08963,A large tree has fallen across the road,"450 West 33rd Street, Chelsea, Manhattan, ground floor, Room 1",other
R01920,Helpppp there is a huge explosion helpppp,"300 Ashland Place, Downtown Brooklyn, 2nd floor, Room 1",explosion
R01567,Helpppp there is a huge explosion helpppp,"Bushwick, Brooklyn",explosion
R09747,Lift is stuck between floors at Chelsea Heights,"450 West 33rd Street, Chelsea, Manhattan, 6th floor, Room 4",other
R02579,"Major accident at Ashland Place Tower Room 4, need helpppp","300 Ashland Place, Downtown Brooklyn, 1st floor, Room 4",accident
R03490,"Open wound, and concussion emergency first aid and ambulance required ASAP!","Flushing, Queens",medical
R06369,"Flood water is entering the ground floor of Grand Concourse Tower, please send help immediately","861 Grand Concourse, The Bronx, 5th floor, Room 9",flood
R02185,There has been an explosion in Eighth Avenue Tower there fire everywhere help,"Chinatown, Manhattan",explosion
R02850,Bike and car collided near LIC Plaza 7th floor,"29-27 41st Avenue, Long Island City, 7th floor, Room 1",accident
R06725,"Help me.. there's robbery near Riverdale, The Bronx.","111 Eighth Avenue, Chelsea, Manhattan, 4th floor, Room 1",crime
R00591,Chelsea Heights: help mee fire fire fire,"450 West 33rd Street, Chelsea, Manhattan, 3rd floor, Room 3",fire
R05051,"Part of the building has collapsed at LIC Plaza, and students may need rescue.","Chinatown, Manhattan",collapse
R03530,Call 108 fasttttt there is an emergency,"432 Park Avenue, Midtown Manhattan, 7th floor, Room 7",medical
R07432,"Someone is threatening people near Chelsea Heights, 7th floor, Room 707, call police","450 West 33rd Street, Chelsea, Manhattan, 7th floor, Room 7",crime
R03627,Hospital emergency. Help,"Riverdale, The Bronx",medical
R01005,Atlantic Terminal 6th floor is on flames.. send help ASAP,"620 Atlantic Avenue, Brooklyn, 6th floor, Room 6",fire
R07007,"Something serious is happening here, hurry","Morningside Heights, Manhattan",crime
R03913,Helpp it's medical emergency,"861 Grand Concourse, The Bronx, ground floor, Room 2",medical
R01260,"BLAST. HELP ME!!!! In MetroTech Center, ground floor Room G00","15 MetroTech Center, Downtown Brooklyn, ground floor, Room 1",explosion
R01511,Shit!! huge blast,"29-27 41st Avenue, Long Island City, ground floor, Room 12",explosion
R06581,"Flood, I am stuck, save me!","88 Wall Street, Financial District, Manhattan, 3rd floor, Room 4",flood
R09810,"The lift stopped suddenly, people are inside","111 Eighth Avenue, Chelsea, Manhattan, 7th floor, Room 4",other
R09497,"The lift stopped suddenly, people are inside","432 Park Avenue, Midtown Manhattan, 7th floor, Room 7",other
R00293,"Oh no, fire has started","Sunset Park, Brooklyn",fire
R02313,"Auto accident at Edgewater Plaza, 3rd floor Room Room 10, please help","1 Edgewater Plaza, Staten Island, 3rd floor, Room 10",accident
R06935,"Someone is threatening people near Ashland Place Tower, 3rd floor Room 802, call police","300 Ashland Place, Downtown Brooklyn, 3rd floor, Room 2",crime
R01333,"BLAST. HELP ME!!!! In Edgewater Plaza, 6th floor Room 606","1 Edgewater Plaza, Staten Island, 6th floor, Room 6",explosion
R06484,Blub blub blub,"Chinatown, Manhattan",flood
R00475,Help!!!!! fire here!!!,"620 Atlantic Avenue, Brooklyn, 1st floor, Room 1",fire
R03829,Helpp it's medical emergency,"15 MetroTech Center, Downtown Brooklyn, 6th floor, Room 3",medical
R03208,"Someone got injured in a road accident at Midtown Tower, 8th floor Room 808","Washington Heights, Manhattan",accident
R09547,"Something unusual is happening near Flushing, Queens, please check pls","Flushing, Queens",other
R03747,Hospital!!! Emergency! Cash! Vehicle needed,"88 Wall Street, Financial District, Manhattan, 8th floor, Room 8",medical
R01972,"EXPLOSION 6th floor, LIC Plaza, HELP MEEE!","Sunset Park, Brooklyn",explosion
R06751,"Crime happening here, need police immediately","300 Ashland Place, Downtown Brooklyn, 8th floor, Room 8",crime
R07230,I am in dangerrr idk what to do,"450 West 33rd Street, Chelsea, Manhattan, 5th floor, Room 6",crime
R04221,Doctor where is he,"111 Eighth Avenue, Chelsea, Manhattan, 6th floor, Room 10",medical
R03547,Call an ambulance! Call an ambulance!,"450 West 33rd Street, Chelsea, Manhattan, ground floor, Room 1",medical
R09367,Road is blocked by a fallen tree near Queens Plaza Complex Room 11,"27-01 Queens Plaza North, Long Island City, ground floor, Room 1",other
R04672,this builidng is collapsing ... send help,"620 Atlantic Avenue, Brooklyn, 1st floor, Room 1",collapse
R01465,"EXPLOSION ground floor, Ashland Place Tower, HELP MEEE!","300 Ashland Place, Downtown Brooklyn, ground floor, Room 5",explosion
R09217,Water pipe burst near Atlantic Terminal,"620 Atlantic Avenue, Brooklyn, 8th floor, Room 2",other
R01062,"FIRE. HELP!!!!! Chelsea Heights, ground floor Room Room 8","450 West 33rd Street, Chelsea, Manhattan, ground floor, Room 8",fire
R02885,"Accident!!! people hurt, call ambulance ...","88 Wall Street, Financial District, Manhattan, ground floor, Room 6",accident
R00143,AHHHHHHHH,"27-01 Queens Plaza North, Long Island City, 8th floor, Room 12",fire
R05006,"The roof just collapsed at LIC Plaza, people are trapped","29-27 41st Avenue, Long Island City, 1st floor, Room 3",collapse
R02413,"Vehicle overturned near Penn Plaza Tower, need rescue","2 Penn Plaza, Midtown Manhattan, 1st floor, Room 2",accident
R06909,Somebody please call 112 there is a crime going on,"Chinatown, Manhattan",crime
R02366,"Crash happened outside Chelsea Heights, send medical team","450 West 33rd Street, Chelsea, Manhattan, 3rd floor, Room 3",accident
R09455,Run for your life,"1 Edgewater Plaza, Staten Island, 6th floor, Room 6",other
R09169,"No electricity in Midtown Tower, please send maintenance","432 Park Avenue, Midtown Manhattan, 3rd floor, Room 2",other
R07327,"Robbery happening near Ashland Place Tower, send police","300 Ashland Place, Downtown Brooklyn, 8th floor, Room 8",crime
R01615,"Edgewater Plaza, 5th floor Room 505 Explosion","1 Edgewater Plaza, Staten Island, 5th floor, Room 5",explosion
R04717,3rd floor Chelsea Heights building collapsed I’m stuck please help,"Chinatown, Manhattan",collapse
R06164,Stuck in a flood 7th floor Grand Concourse Tower,"Morningside Heights, Manhattan",flood
R03043,"A person got hit by a vehicle near MetroTech Center, 2nd floor Room 807","15 MetroTech Center, Downtown Brooklyn, 2nd floor, Room 8",accident
R02704,"Auto accident at Astoria, Queens, please help 😭","Astoria, Queens",accident
R09595,"Something unusual is happening near Eighth Avenue Tower, 5th floor Room Room 9, pls check","Morningside Heights, Manhattan",other
R01603,Midtown Tower: something exploded nearby help ASAP!!,"432 Park Avenue, Midtown Manhattan, 3rd floor, Room 1",explosion
R00917,Save me I am trapped in fire,"300 Ashland Place, Downtown Brooklyn, 8th floor, Room 6",fire
R09533,"The lift stopped suddenly, people are inside","Sunset Park, Brooklyn",other
R02860,"Someone got injured in a road accident at Eighth Avenue Tower, 2nd floor Room 208","111 Eighth Avenue, Chelsea, Manhattan, 2nd floor, Room 8",accident
R05798,there is a flood in our hostel rn. help,"29-27 41st Avenue, Long Island City, 7th floor, Room 1",flood
R04564,Oh no! The building! It's falling!,"27-01 Queens Plaza North, Long Island City, 7th floor, Room 1",collapse
R05076,8th floor MetroTech Center building collapsed I’m stuck please help,"15 MetroTech Center, Downtown Brooklyn, 8th floor, Room 6",collapse
R09847,"Road is blocked by a fallen tree near Midtown Tower, 6th floor Room 606","Bushwick, Brooklyn",other
R01031,Ashland Place Tower 3rd floor is on flames.. send help ASAP!!,"Sunset Park, Brooklyn",fire
R00395,Stay away there's a fire!!,"Flushing, Queens",fire
R03719,"Chest pain, LIC Plaza need to go to the hospital fast","27-01 Queens Plaza North, Long Island City, 2nd floor, Room 2",medical
R03323,"Two vehicles collided, Penn Plaza Tower, 7th floor, Room Room 1","2 Penn Plaza, Midtown Manhattan, 7th floor, Room 1",accident
R06441,Water everywhere help me,"88 Wall Street, Financial District, Manhattan, 6th floor, Room 4",flood
R07376,"Bank robbery, help, 3rd floor Penn Plaza Tower","2 Penn Plaza, Midtown Manhattan, 3rd floor, Room 5",crime
R02718,"Crash happened outside Edgewater Plaza, send medical team","1 Edgewater Plaza, Staten Island, 5th floor, Room 6",accident
R02479,"Two vehicles collided, Bushwick, Brooklyn","Bushwick, Brooklyn",accident
R04776,Oh no! The building! It's falling!,"111 Eighth Avenue, Chelsea, Manhattan, 4th floor, Room 7",collapse
R03053,"Two vehicles collided, Queens Plaza Complex 8th floor","27-01 Queens Plaza North, Long Island City, 8th floor, Room 6",accident
R05733,Please evacuate the lower floors of Wall Street Tower as soon as possible,"88 Wall Street, Financial District, Manhattan, 8th floor, Room 7",flood
R00360,Save me im trapped in fire,"Morningside Heights, Manhattan",fire
R02874,"Traffic accident near Chinatown, Manhattan, need immediate assistance","300 Ashland Place, Downtown Brooklyn, 8th floor, Room 7",accident
R06673,Call the emergency helpline number! ...,"Park Slope, Brooklyn",crime
R04644,Oh no! The building! It's falling!!!!,"Riverdale, The Bronx",collapse
R04518,Leave the building quickly,"Flushing, Queens",collapse
R00606,LIC Plaza 2nd floor is on flames.. send helpppp ASAP,"29-27 41st Avenue, Long Island City, 2nd floor, Room 2",fire
R02914,"A vehicle crashed near Astoria, Queens","Astoria, Queens",accident
R07329,Somebody please call 112 there is a crime going on,"1 Edgewater Plaza, Staten Island, 3rd floor, Room 5",crime
R01006,"Fire has started in LIC Plaza Room 10, need urgent help","Chinatown, Manhattan",fire
R05997,Get to higher ground now!!,"111 Eighth Avenue, Chelsea, Manhattan, 1st floor, Room 10",flood
R07010,"Armed robbery happening right now at the bank, call the police!!!","861 Grand Concourse, The Bronx, 7th floor, Room 8",crime
R01495,"BLAST. HELP ME!!!! In Grand Concourse Tower, ground floor Room Room 10","861 Grand Concourse, The Bronx, ground floor, Room 7",explosion
R01707,BLAST. HELP ME!!!! In Eighth Avenue Tower 201,"111 Eighth Avenue, Chelsea, Manhattan, 7th floor, Room 4",explosion
R05869,Savee me from the floodd,"2 Penn Plaza, Midtown Manhattan, 7th floor, Room 3",flood
R03939,I need urgent medical help please,"Morningside Heights, Manhattan",medical
R01574,There has been an explosion in LIC Plaza there fire everywhere help,"29-27 41st Avenue, Long Island City, 3rd floor, Room 1",explosion
R02590,"There has been an accident at Atlantic Terminal Room 6, emergency help needed","620 Atlantic Avenue, Brooklyn, 5th floor, Room 6",accident
R02157,Explosion in building run away.....,"2 Penn Plaza, Midtown Manhattan, 5th floor, Room 10",explosion
R06926,"Crime happening here, need police immediately","29-27 41st Avenue, Long Island City, 4th floor, Room 3",crime
R04596,"Building collapsed of Chelsea Heights, need help","Sunset Park, Brooklyn",collapse
R05934,"Flood situation in Morningside Heights, Manhattan, need relief ASAP!!","29-27 41st Avenue, Long Island City, 7th floor, Room 7",flood
R06553,Move to safe area,"620 Atlantic Avenue, Brooklyn, 8th floor, Room 2",flood
R04819,MetroTech Center under shreds! Building collapse,"15 MetroTech Center, Downtown Brooklyn, ground floor, Room 6",collapse
R04255,Call 108 Ashland Place Tower ground floor send guys,"300 Ashland Place, Downtown Brooklyn, ground floor, Room 2",medical
R05355,this builidng is collapsing ... send help,"88 Wall Street, Financial District, Manhattan, 5th floor, Room 5",collapse
R02242,"Car accident, people are injured, send help!!!","88 Wall Street, Financial District, Manhattan, ground floor, Room 4",accident
R06477,Move to top floor,"861 Grand Concourse, The Bronx, 5th floor, Room 5",flood
R04485,SOS! BUILDING COLLAPSE! LOCATION SENT,"450 West 33rd Street, Chelsea, Manhattan, 3rd floor, Room 3",collapse
R07351,"Crime happening here, need police immediately ...","620 Atlantic Avenue, Brooklyn, 1st floor, Room 7",crime
R09001,"Road is blocked by a fallen tree near Atlantic Terminal, 4th floor","620 Atlantic Avenue, Brooklyn, 4th floor, Room 2",other
R05442,Run,"111 Eighth Avenue, Chelsea, Manhattan, 2nd floor, Room 3",collapse
R06660,Flood. Help .. ASAP!!,"2 Penn Plaza, Midtown Manhattan, 1st floor, Room 1",flood
R01510,There has been an explosion in Ashland Place Tower there fire everywhere help,"Greenwich Village, Manhattan",explosion
R05439,"Part of the building has collapsed at Wall Street Tower, and students may need rescue.","Greenwich Village, Manhattan",collapse
R01299,Something exploded we need to run,"Morningside Heights, Manhattan",explosion
R04544,"Someone get me out, building collapsed","1 Edgewater Plaza, Staten Island, 6th floor, Room 9",collapse
R01206,Helpppp there is a huge explosion helpppp,"432 Park Avenue, Midtown Manhattan, 1st floor, Room 7",explosion
R02138,Explosion in building run away.....,"111 Eighth Avenue, Chelsea, Manhattan, 1st floor, Room 2",explosion
R09732,Water pipe burst near Wall Street Tower,"88 Wall Street, Financial District, Manhattan, 2nd floor, Room 7",other
R09673,Power is gone and people are stuck in the lift,"15 MetroTech Center, Downtown Brooklyn, 8th floor, Room 8",other
R04658,No wayyy building falling,"Bushwick, Brooklyn",collapse
R00139,Stay away there's a fire!!,"88 Wall Street, Financial District, Manhattan, 5th floor, Room 2",fire
R03978,Call ambulance,"2 Penn Plaza, Midtown Manhattan, 6th floor, Room 1",medical
R02111,"Huge explosion at Eighth Avenue Tower, smoke everywhere","111 Eighth Avenue, Chelsea, Manhattan, 2nd floor, Room 7",explosion
R03601,Call ambulance,"432 Park Avenue, Midtown Manhattan, 7th floor, Room 7",medical
R03364,Someone needs urgent medical help at Wall Street Tower 303,"88 Wall Street, Financial District, Manhattan, 3rd floor, Room 5",medical
R03972,Save meeeee save meeeee injured injured,"432 Park Avenue, Midtown Manhattan, 7th floor, Room 7",medical
R03761,I have a medical emergency at Penn Plaza Tower 404,"2 Penn Plaza, Midtown Manhattan, 6th floor, Room 5",medical
R02102,Shit!! huge blast,"111 Eighth Avenue, Chelsea, Manhattan, 4th floor, Room 3",explosion
R01971,Helpppp there is a huge explosion helppppppp,"1 Edgewater Plaza, Staten Island, 8th floor, Room 8",explosion
R07511,Somebody please call 112 there is a crime going on,"300 Ashland Place, Downtown Brooklyn, 8th floor, Room 6",crime
R06972,"Help me.. there's robbery near Bushwick, Brooklyn.","432 Park Avenue, Midtown Manhattan, 8th floor, Room 7",crime
R05722,Blub blub blub,"Astoria, Queens",flood
R07252,"Robbery happening near Wall Street Tower, send police","88 Wall Street, Financial District, Manhattan, 6th floor, Room 6",crime
R04861,"The roof just collapsed at LIC Plaza, people are trapped","29-27 41st Avenue, Long Island City, 6th floor, Room 6",collapse
R09630,Run for your life!!!,"620 Atlantic Avenue, Brooklyn, 6th floor, Room 5",other
R01771,Save us we are in Midtown Tower ground floor,"432 Park Avenue, Midtown Manhattan, ground floor, Room 8",explosion
R04677,Oh no! The building! It's falling!,"2 Penn Plaza, Midtown Manhattan, 8th floor, Room 10",collapse
R06756,"Catch the criminal, close the gates","1 Edgewater Plaza, Staten Island, 3rd floor, Room 1",crime
R09213,"There is a gas smell in the building, pls check","432 Park Avenue, Midtown Manhattan, 6th floor, Room 1",other
R07398,Call police come fast,"111 Eighth Avenue, Chelsea, Manhattan, 3rd floor, Room 3",crime
R08985,"In case of gas leak, don't switch on the bulb","Morningside Heights, Manhattan",other
R00022,Fireeeeee helpppppp,"Greenwich Village, Manhattan",fire
R06230,Water everywhere help me 😭,"Riverdale, The Bronx",flood
R02824,"A vehicle crashed near Morningside Heights, Manhattan","Morningside Heights, Manhattan",accident
R02608,A person got hit by a vehicle near Midtown Tower Room 3,"Washington Heights, Manhattan",accident
R05685,Savee me from the floodd,"Sunset Park, Brooklyn",flood
R09709,Run for your life,"Chinatown, Manhattan",other
R07737,"Crime happening here, need police immediately ASAP!!","88 Wall Street, Financial District, Manhattan, 7th floor, Room 10",crime
R00875,MetroTech Center: help mee firee firee firee,"15 MetroTech Center, Downtown Brooklyn, 2nd floor, Room 2",fire
R09184,Road is blocked by a fallen tree near Queens Plaza Complex 808,"27-01 Queens Plaza North, Long Island City, 8th floor, Room 8",other
R06610,"Flood water is entering the ground floor of Midtown Tower, please send help immediately","432 Park Avenue, Midtown Manhattan, 6th floor, Room 6",flood
R04189,Helpp it's medical emergency,"29-27 41st Avenue, Long Island City, 4th floor, Room 9",medical
R09686,"Road is blocked by a fallen tree near Eighth Avenue Tower, 7th floor Room 603","Sunset Park, Brooklyn",other
R00105,THIS IS NOT A DRILL. THERE'S A FIRE IN THE BUILDING. SEND HELP!,"27-01 Queens Plaza North, Long Island City, 2nd floor, Room 8",fire
R07470,"A person with a weapon is causing danger at Queens Plaza Complex, 6th floor Room 503!!!","27-01 Queens Plaza North, Long Island City, 6th floor, Room 3",crime
R04099,Call an ambulance! Call an ambulance!,"2 Penn Plaza, Midtown Manhattan, 2nd floor, Room 2",medical
R07375,I am in dangerrr idk what to do,"Riverdale, The Bronx",crime
R01318,"Explosion at 3rd floor, MetroTech Center Save!!!","15 MetroTech Center, Downtown Brooklyn, 3rd floor, Room 11",explosion
R05831,Get to higher ground now!!,"1 Edgewater Plaza, Staten Island, 3rd floor, Room 3",flood
R03714,"I think I'm dying, please help","861 Grand Concourse, The Bronx, ground floor, Room 7",medical
R00944,Save me I am trapped in fire,"1 Edgewater Plaza, Staten Island, 3rd floor, Room 6",fire
R00456,Help there is fire in Edgewater Plaza 3rd floor help,"Chinatown, Manhattan",fire
R04979,Building has been collapsed!,"88 Wall Street, Financial District, Manhattan, ground floor, Room 7",collapse
R06978,"Someone is threatening people near Chinatown, Manhattan, call police","Chinatown, Manhattan",crime
R02576,"There has been an accident at Ashland Place Tower, 4th floor Room Room 6, emergency help needed","300 Ashland Place, Downtown Brooklyn, 4th floor, Room 6",accident
R07678,"Crime happening here, need police immediately","Chinatown, Manhattan",crime
R02714,"A vehicle crashed near Ashland Place Tower, 8th floor Room 808","300 Ashland Place, Downtown Brooklyn, 8th floor, Room 8",accident
R09588,"Emergency situation, pls send help immediately","2 Penn Plaza, Midtown Manhattan, 7th floor, Room 3",other
R01728,"Quickly save us from explosion, 5th floor, Eighth Avenue Tower","111 Eighth Avenue, Chelsea, Manhattan, 5th floor, Room 1",explosion
R06444,flood has come,"Sunset Park, Brooklyn",flood
R01605,There has been an explosion in MetroTech Center there fire everywhere help,"15 MetroTech Center, Downtown Brooklyn, 8th floor, Room 8",explosion
R04634,Building collapsing run run,"29-27 41st Avenue, Long Island City, 7th floor, Room 3",collapse
R04570,this builidng is collapsing ... send help,"Bushwick, Brooklyn",collapse
R09852,"Street light is not working near Park Slope, Brooklyn","Bushwick, Brooklyn",other
R09788,Gas leakage here don't switch bulb on,"88 Wall Street, Financial District, Manhattan, 2nd floor, Room 1",other
R06731,"Bomb blast Atlantic Terminal, ground floor Room G00. Save me","620 Atlantic Avenue, Brooklyn, ground floor, Room 12",crime
R05092,EVACUATE,"300 Ashland Place, Downtown Brooklyn, 3rd floor, Room 4",collapse
R03297,"Auto accident at Wall Street Tower, 6th floor, Room 606, please help","88 Wall Street, Financial District, Manhattan, 6th floor, Room 6",accident
R09366,Please send maintenance team to Chelsea Heights,"Morningside Heights, Manhattan",other
R00633,THIS IS NOT A DRILL. THERE'S A FIRE IN THE BUILDING. SEND HELP!,"29-27 41st Avenue, Long Island City, 5th floor, Room 5",fire
R03632,Call 108 fasttttt there is an emergency,"29-27 41st Avenue, Long Island City, 5th floor, Room 1",medical
R07610,"Bomb blast Queens Plaza Complex, 6th floor Room 602. Save me!!","27-01 Queens Plaza North, Long Island City, 6th floor, Room 2",crime
R09643,The lift has stopped working. Save me!,"111 Eighth Avenue, Chelsea, Manhattan, 2nd floor, Room 2",other
R09681,"Street light is not working near Sunset Park, Brooklyn","450 West 33rd Street, Chelsea, Manhattan, 1st floor, Room 3",other
R09800,Lift is stuck between floors at Wall Street Tower,"88 Wall Street, Financial District, Manhattan, ground floor, Room 9",other
R09407,"No electricity in Queens Plaza Complex, please send maintenance 😭","Bushwick, Brooklyn",other
R00587,"Fire on 8th floor Grand Concourse Tower, please send help immediately","861 Grand Concourse, The Bronx, 8th floor, Room 12",fire
R05329,Run ASAP!!,"450 West 33rd Street, Chelsea, Manhattan, 8th floor, Room 1",collapse
R09233,Lift is stuck between floors at Penn Plaza Tower ...,"Park Slope, Brooklyn",other
R04123,Save meeeee save meeeee injured injured,"29-27 41st Avenue, Long Island City, 5th floor, Room 8",medical
R03156,Accident hereeee help fast,"300 Ashland Place, Downtown Brooklyn, 6th floor, Room 2",accident
R04777,7th floor Queens Plaza Complex building collapsed I’m stuck please help,"27-01 Queens Plaza North, Long Island City, 7th floor, Room 7",collapse
R03953,Call ambulance,"1 Edgewater Plaza, Staten Island, 7th floor, Room 2",medical
R07061,"Bomb blast Ashland Place Tower, 4th floor Room Room 8. Save me","Greenwich Village, Manhattan",crime
R00749,Call fire emergency,"861 Grand Concourse, The Bronx, ground floor, Room 6",fire
R00695,Fire save me,"450 West 33rd Street, Chelsea, Manhattan, 7th floor, Room 12",fire
R01337,"EXPLOSION 4th floor, Atlantic Terminal, HELP MEEE!","Chinatown, Manhattan",explosion
R05842,Savee me from the floodd,"Morningside Heights, Manhattan",flood
R01256,"Quickly save us from explosion, 1st floor, LIC Plaza","29-27 41st Avenue, Long Island City, 1st floor, Room 9",explosion
R09018,Water pipe burst near Grand Concourse Tower,"Washington Heights, Manhattan",other
R04837,"Building collapsed of Chelsea Heights, need help","450 West 33rd Street, Chelsea, Manhattan, 4th floor, Room 9",collapse
R00850,"Fire has started in LIC Plaza 105, need urgent help","29-27 41st Avenue, Long Island City, 6th floor, Room 5",fire
R06332,Move to top floor,"300 Ashland Place, Downtown Brooklyn, 4th floor, Room 4",flood
R00323,Call fire emergency,"Morningside Heights, Manhattan",fire
R03233,"Accident!!! people hurt, call ambulance","29-27 41st Avenue, Long Island City, 8th floor, Room 9",accident
R00033,Fireeeeee helpppppp,"1 Edgewater Plaza, Staten Island, 6th floor, Room 4",fire
R00286,AHHHHHHHH,"15 MetroTech Center, Downtown Brooklyn, 7th floor, Room 11",fire
R06896,"Help, there is a robbery happening at the bank on Main Road, please contact the police.","620 Atlantic Avenue, Brooklyn, 1st floor, Room 1",crime
R03391,Urgent help needed hereee!!,"Park Slope, Brooklyn",medical
R05086,Hellllppppppp!!!! This building is falling!!,"432 Park Avenue, Midtown Manhattan, 1st floor, Room 9",collapse
R00348,Help there is fire in Penn Plaza Tower 1st floor help,"2 Penn Plaza, Midtown Manhattan, 1st floor, Room 6",fire
R09066,"Something unusual is happening near Grand Concourse Tower, 8th floor Room 808, please check","Greenwich Village, Manhattan",other
R05325,Oh no! The building! It's falling!,"29-27 41st Avenue, Long Island City, 4th floor, Room 9",collapse
R09659,A large tree has fallen across the road 😭,"29-27 41st Avenue, Long Island City, 1st floor, Room 1",other
R00764,Help there is fire in Edgewater Plaza 5th floor help,"Washington Heights, Manhattan",fire
R02943,"Road accident near MetroTech Center, ambulance needed","15 MetroTech Center, Downtown Brooklyn, 5th floor, Room 3",accident
R03119,Bike and car collided near Eighth Avenue Tower 2nd floor,"111 Eighth Avenue, Chelsea, Manhattan, 2nd floor, Room 12",accident
R04094,Doctor where is he,"Park Slope, Brooklyn",medical
R01694,Explosion in building run away.....,"Greenwich Village, Manhattan",explosion
R00685,Fireeeeee helpppppp,"2 Penn Plaza, Midtown Manhattan, 4th floor, Room 4",fire
R01532,"Explosion help , 4th floor Atlantic Terminal","620 Atlantic Avenue, Brooklyn, 4th floor, Room 8",explosion
R03825,Hospital!!! Emergency! Cash! Vehicle needed,"Bushwick, Brooklyn",medical
R09553,Help mee,"620 Atlantic Avenue, Brooklyn, 1st floor, Room 1",other
R01274,Loud sound. Was that a bomb?!!!,"432 Park Avenue, Midtown Manhattan, 4th floor, Room 3",explosion
R06021,Move to top floor,"1 Edgewater Plaza, Staten Island, 5th floor, Room 5",flood
R00798,FIREEEEEE HELPPPPPPPP USSS OUTTTTTTTT. MetroTech Center !!!,"Park Slope, Brooklyn",fire
R04373,"I think I'm dying, please help","88 Wall Street, Financial District, Manhattan, 8th floor, Room 6",medical
R04224,Call hospital fast pls,"450 West 33rd Street, Chelsea, Manhattan, 5th floor, Room 5",medical
R06334,"Flood situation in Flushing, Queens, need relief ASAP!!","Sunset Park, Brooklyn",flood
R04171,Hospital!!! Emergency! Cash! Vehicle needed,"88 Wall Street, Financial District, Manhattan, ground floor, Room 4",medical
R06845,"Armed robbery happening right now at the bank, call the police","88 Wall Street, Financial District, Manhattan, 5th floor, Room 1",crime
R02732,"Two vehicles collided, Eighth Avenue Tower ground floor","111 Eighth Avenue, Chelsea, Manhattan, ground floor, Room 9",accident
R00015,"Fire on 7th floor Eighth Avenue Tower, please send help immediately","Morningside Heights, Manhattan",fire
R03268,"Major accident at Ashland Place Tower, 1st floor, need help 😭","300 Ashland Place, Downtown Brooklyn, 1st floor, Room 5",accident
R01186,BLAST. HELP ME!!!! In MetroTech Center 404,"Bushwick, Brooklyn",explosion
R03871,Hospital!!! Emergency! Cash! Vehicle needed,"861 Grand Concourse, The Bronx, 7th floor, Room 2",medical
R05982,Savee me from the floodd,"Washington Heights, Manhattan",flood
R05674,"Flood situation in Morningside Heights, Manhattan, need relief ASAP!!","2 Penn Plaza, Midtown Manhattan, 8th floor, Room 6",flood
R02974,"Auto accident at LIC Plaza 707, pls help","29-27 41st Avenue, Long Island City, 7th floor, Room 7",accident
R06199,Please evacuate the lower floors of Penn Plaza Tower as soon as possible,"Chinatown, Manhattan",flood
R07748,"A person with a weapon is causing danger at Eighth Avenue Tower, 7th floor, Room 701","111 Eighth Avenue, Chelsea, Manhattan, 7th floor, Room 1",crime
R09127,"There is a gas smell in the building, please check","111 Eighth Avenue, Chelsea, Manhattan, 4th floor, Room 5",other
R09886,A large tree has fallen across the road,"111 Eighth Avenue, Chelsea, Manhattan, 1st floor, Room 5",other
R00379,Fire at Wall Street Tower first floor.... Come quickly,"88 Wall Street, Financial District, Manhattan, 7th floor, Room 8",fire
R04928,this builidng is collapsing ... send help,"2 Penn Plaza, Midtown Manhattan, 5th floor, Room 9",collapse
R05386,No wayyy building falling,"111 Eighth Avenue, Chelsea, Manhattan, ground floor, Room 3",collapse
R04764,"Part of the building has collapsed at LIC Plaza, and students may need rescue.","29-27 41st Avenue, Long Island City, 3rd floor, Room 3",collapse
R01724,Room 11! Fire!!!!! blast Wall Street Tower 1st floor,"88 Wall Street, Financial District, Manhattan, 1st floor, Room 1",explosion
R04921,Run,"Park Slope, Brooklyn",collapse
R02279,"Car accident, people are injured, send help","1 Edgewater Plaza, Staten Island, 2nd floor, Room 12",accident
R05230,Hellllppppppp!!!! This building is falling!!,"111 Eighth Avenue, Chelsea, Manhattan, 6th floor, Room 6",collapse
R01396,There has been an explosion in Chelsea Heights there fire everywhere help,"450 West 33rd Street, Chelsea, Manhattan, 6th floor, Room 5",explosion
R01317,There has been an explosion in Ashland Place Tower there fire everywhere help,"Morningside Heights, Manhattan",explosion
R02906,"Auto accident at Atlantic Terminal, ground floor, Room G00, please help","620 Atlantic Avenue, Brooklyn, ground floor, Room 3",accident
R04967,Run under the table,"861 Grand Concourse, The Bronx, 1st floor, Room 12",collapse
R02548,"Road accident near Grand Concourse Tower, ambulance needed","861 Grand Concourse, The Bronx, 4th floor, Room 2",accident
R00809,"FIRE. HELP!!!!! Penn Plaza Tower, 5th floor Room 505","2 Penn Plaza, Midtown Manhattan, 5th floor, Room 6",fire
R02965,"Road accident near Penn Plaza Tower, ambulance needed","Greenwich Village, Manhattan",accident
R02434,"Vehicle overturned near Queens Plaza Complex, need rescue ...","Bushwick, Brooklyn",accident
R07371,"Help me.. there's robbery near Washington Heights, Manhattan.!!","15 MetroTech Center, Downtown Brooklyn, 8th floor, Room 8",crime
R03580,Helpp it's medical emergency,"Washington Heights, Manhattan",medical
R02036,"EXPLOSION 8th floor, Wall Street Tower, HELP MEEE!","88 Wall Street, Financial District, Manhattan, 8th floor, Room 8",explosion
R08938,"Emergency situation, please send help immediately","2 Penn Plaza, Midtown Manhattan, 1st floor, Room 6",other
R04573,"Building collapsed of Midtown Tower, need help","432 Park Avenue, Midtown Manhattan, 1st floor, Room 2",collapse
R00129,"FIRE. HELP!!!!! Ashland Place Tower, 7th floor Room 707!!","300 Ashland Place, Downtown Brooklyn, 7th floor, Room 7",fire
R05499,"Part of the building has collapsed at Atlantic Terminal, and students may need rescue.","620 Atlantic Avenue, Brooklyn, 4th floor, Room 3",collapse
R06787,"Catch the criminal, close the gates","29-27 41st Avenue, Long Island City, 4th floor, Room 8",crime
R02982,"A person got hit by a vehicle near Midtown Tower, 1st floor, Room 409","432 Park Avenue, Midtown Manhattan, 1st floor, Room 9",accident
R06190,"Flood, I am stuck, save me!","Riverdale, The Bronx",flood
R09740,"Street light is not working near Riverdale, The Bronx","861 Grand Concourse, The Bronx, ground floor, Room 9",other
R05872,"Flood, I am stuck, save me!","Greenwich Village, Manhattan",flood
R01175,"Huge explosion at Atlantic Terminal, smoke everywhere","620 Atlantic Avenue, Brooklyn, 1st floor, Room 1",explosion
R01739,"Huge explosion at Penn Plaza Tower, smoke everywhere","2 Penn Plaza, Midtown Manhattan, 4th floor, Room 4",explosion
R07548,Call the police right now!!,"Morningside Heights, Manhattan",crime
R09391,"Something unusual is happening near LIC Plaza, ground floor, Room 901, please check","29-27 41st Avenue, Long Island City, ground floor, Room 1",other
R05884,"Flood, I am stuck, save me!","432 Park Avenue, Midtown Manhattan, 5th floor, Room 4",flood
R02121,Shit!! huge blast,"1 Edgewater Plaza, Staten Island, 3rd floor, Room 4",explosion
R02958,"Traffic accident near Flushing, Queens, need immediate assistance","Astoria, Queens",accident
R06189,Let's move to the higher ground.,"88 Wall Street, Financial District, Manhattan, 2nd floor, Room 1",flood
R04307,"I have a medical emergency at Midtown Tower, 3rd floor Room Room 12","432 Park Avenue, Midtown Manhattan, 3rd floor, Room 2",medical
R02806,Bike and car collided near Wall Street Tower 4th floor,"88 Wall Street, Financial District, Manhattan, 4th floor, Room 4",accident
R06599,"Flood water is entering the ground floor of Ashland Place Tower, please send help immediately","300 Ashland Place, Downtown Brooklyn, 3rd floor, Room 8",flood
R02249,"Major accident at Eighth Avenue Tower, 3rd floor Room 303, need help","111 Eighth Avenue, Chelsea, Manhattan, 3rd floor, Room 3",accident
R06625,Water everywhere helpppp me,"Greenwich Village, Manhattan",flood
R01390,"Huge explosion at Midtown Tower, smoke everywhere","432 Park Avenue, Midtown Manhattan, 2nd floor, Room 2",explosion
R09619,"In case of gas leak, don't switch on the bulb","620 Atlantic Avenue, Brooklyn, 3rd floor, Room 3",other
R02643,"Traffic accident near Morningside Heights, Manhattan, need immediate assistance","88 Wall Street, Financial District, Manhattan, 1st floor, Room 1",accident
R02198,"Queens Plaza Complex, 5th floor Room Room 8 Explosion","Flushing, Queens",explosion
R06641,"Water level rising rapidly near Greenwich Village, Manhattan!!!","15 MetroTech Center, Downtown Brooklyn, 2nd floor, Room 8",flood
R05959,flood has come,"88 Wall Street, Financial District, Manhattan, 5th floor, Room 8",flood
R01120,Loud sound. Was that a bomb?,"1 Edgewater Plaza, Staten Island, 4th floor, Room 8",explosion
R06699,"Bank robbery, help, 4th floor Eighth Avenue Tower ASAP!!","Chinatown, Manhattan",crime
R02530,Accident hereeee help fast ...,"111 Eighth Avenue, Chelsea, Manhattan, 2nd floor, Room 2",accident
R01989,Explosion in building run away.....,"29-27 41st Avenue, Long Island City, 6th floor, Room 6",explosion
R02388,"Auto accident at Eighth Avenue Tower, 6th floor Room 606, please helpppp","111 Eighth Avenue, Chelsea, Manhattan, 6th floor, Room 6",accident
R05782,Flood. Help ..,"450 West 33rd Street, Chelsea, Manhattan, 7th floor, Room 7",flood
R07454,Call the police right now!!,"620 Atlantic Avenue, Brooklyn, 1st floor, Room 1",crime
R01871,Loud sound. Was that a bomb?,"Sunset Park, Brooklyn",explosion
R09538,Lift is stuck between floors at Midtown Tower,"432 Park Avenue, Midtown Manhattan, 5th floor, Room 1",other
R07046,Call the emergency helpline number! 😭,"1 Edgewater Plaza, Staten Island, 1st floor, Room 1",crime
R02605,"Two vehicles collided, Sunset Park, Brooklyn","Sunset Park, Brooklyn",accident
R00447,Help there is fire in Grand Concourse Tower ground floor help,"Park Slope, Brooklyn",fire
R02192,"BLAST. HELP ME!!!! In Penn Plaza Tower, 1st floor, Room Room 7","2 Penn Plaza, Midtown Manhattan, 1st floor, Room 7",explosion
R04626,Building collapsing run run,"Flushing, Queens",collapse
R09307,Water pipe burst near Eighth Avenue Tower,"111 Eighth Avenue, Chelsea, Manhattan, 8th floor, Room 8",other
R09883,Power is gone and people are stuck in the lift,"88 Wall Street, Financial District, Manhattan, 1st floor, Room 8",other
R06682,"Crime happening here, need police immediately","Park Slope, Brooklyn",crime
R01616,"Explosion help , 3rd floor Penn Plaza Tower","Washington Heights, Manhattan",explosion
R00460,AHHHHHHHH,"620 Atlantic Avenue, Brooklyn, 4th floor, Room 5",fire
R06866,"Bomb blast Eighth Avenue Tower, 5th floor Room 701. Save me","Flushing, Queens",crime
R06418,Water everywhere help me,"620 Atlantic Avenue, Brooklyn, 3rd floor, Room 3",flood
R01747,"Huge explosion at Grand Concourse Tower, smoke everywhere","Park Slope, Brooklyn",explosion
R08914,"Street light is not working near Sunset Park, Brooklyn","Morningside Heights, Manhattan",other
R02221,Save us we are in Ashland Place Tower ground floor,"300 Ashland Place, Downtown Brooklyn, ground floor, Room 6",explosion
R06522,Helpppp i am drowning helpppp,"861 Grand Concourse, The Bronx, 4th floor, Room 7",flood
R06429,TAKE HIGH GROUND flood,"861 Grand Concourse, The Bronx, 7th floor, Room 1",flood
R00295,Call fire emergency,"Astoria, Queens",fire
R02534,"Someone got injured in a road accident at MetroTech Center, 5th floor, Room Room 6","15 MetroTech Center, Downtown Brooklyn, 5th floor, Room 6",accident
R06081,TAKE HIGH GROUND flood,"300 Ashland Place, Downtown Brooklyn, 5th floor, Room 3",flood
R02764,"Car accident, people are injured, send help","Riverdale, The Bronx",accident
R09228,"Emergency situation at MetroTech Center, 6th floor Room Room 6, please send help","15 MetroTech Center, Downtown Brooklyn, 6th floor, Room 6",other
R04625,EVACUATE ASAP!!,"29-27 41st Avenue, Long Island City, 3rd floor, Room 5",collapse
R00718,FIREEEEEE HELPPPPPPPP USSS OUTTTTTTTT. Penn Plaza Tower !!!,"2 Penn Plaza, Midtown Manhattan, 1st floor, Room 1",fire
R04630,No wayyy building falling,"29-27 41st Avenue, Long Island City, 8th floor, Room 2",collapse
R01492,There has been an explosion in Atlantic Terminal there fire everywhere helpppp,"620 Atlantic Avenue, Brooklyn, 7th floor, Room 5",explosion
R02414,"Two vehicles collided, Greenwich Village, Manhattan","Greenwich Village, Manhattan",accident
R06336,flood has come,"29-27 41st Avenue, Long Island City, ground floor, Room 1",flood
R02280,Accident hereeee help fast,"88 Wall Street, Financial District, Manhattan, 5th floor, Room 5",accident
R04583,Oh no! The building! It's falling!,"15 MetroTech Center, Downtown Brooklyn, ground floor, Room 12",collapse
R01774,Loud sound. Was that a bomb?,"620 Atlantic Avenue, Brooklyn, 3rd floor, Room 6",explosion
R09132,A large tree has fallen across the road,"Astoria, Queens",other
R05340,Building collapsing run run,"432 Park Avenue, Midtown Manhattan, 5th floor, Room 1",collapse
R09303,A large tree has fallen across the road,"Park Slope, Brooklyn",other
R06117,"Water level rising rapidly near Park Slope, Brooklyn","27-01 Queens Plaza North, Long Island City, 4th floor, Room 7",flood
R05623,Helpppp i am drowning helpppp,"Washington Heights, Manhattan",flood
R01061,MetroTech Center 1st floor is on flames.. send help ASAP,"15 MetroTech Center, Downtown Brooklyn, 1st floor, Room 1",fire
R07300,"there is a man with black mask and gun in the bank, please help","88 Wall Street, Financial District, Manhattan, 3rd floor, Room 5",crime
R04076,Doctor where is he,"27-01 Queens Plaza North, Long Island City, 1st floor, Room 2",medical
R05215,Run,"Sunset Park, Brooklyn",collapse
R01507,Save us we are in LIC Plaza 5th floor,"29-27 41st Avenue, Long Island City, 5th floor, Room 5",explosion
R01128,Helpppp there is a huge explosionnn helpppp,"1 Edgewater Plaza, Staten Island, 5th floor, Room 8",explosion
R01149,"EXPLOSION 7th floor, Atlantic Terminal, HELP MEEE!","620 Atlantic Avenue, Brooklyn, 7th floor, Room 10",explosion
R01852,"EXPLOSION 5th floor, Chelsea Heights, HELP MEEE!","Flushing, Queens",explosion
R07180,Am I that unlucky,"29-27 41st Avenue, Long Island City, 5th floor, Room 5",crime
R00567,Wall Street Tower: help mee fire fire fire,"Greenwich Village, Manhattan",fire
R02575,"Traffic accident near Riverdale, The Bronx, need immediate assistance","Sunset Park, Brooklyn",accident
R01826,Shit!! huge blast 😭,"Riverdale, The Bronx",explosion
R06596,Get to higher ground now!!,"432 Park Avenue, Midtown Manhattan, 7th floor, Room 9",flood
R02787,"Road accident near Midtown Tower, ambulance needed","Bushwick, Brooklyn",accident
R09040,"Something unusual is happening near Atlantic Terminal, 1st floor Room 306, please check","Chinatown, Manhattan",other
R00349,Help there is fire in Atlantic Terminal 1st floor help,"Riverdale, The Bronx",fire
R09214,"No electricity in Grand Concourse Tower, please send maintenance","861 Grand Concourse, The Bronx, 2nd floor, Room 6",other
R06135,"Water level rising rapidly near Washington Heights, Manhattan","2 Penn Plaza, Midtown Manhattan, 1st floor, Room 4",flood
R01362,"Huge explosion at Penn Plaza Tower, smoke everywhere","2 Penn Plaza, Midtown Manhattan, 8th floor, Room 2",explosion
R07701,Am I that unlucky,"27-01 Queens Plaza North, Long Island City, 3rd floor, Room 4",crime
R02029,"Queens Plaza Complex, 8th floor Room Room 11 Explosion","27-01 Queens Plaza North, Long Island City, 8th floor, Room 2",explosion
R09578,"Something unusual is happening near Chelsea Heights, 8th floor Room 608, please check","450 West 33rd Street, Chelsea, Manhattan, 8th floor, Room 8",other
R05176,"Someone get me out, building collapsed","88 Wall Street, Financial District, Manhattan, 4th floor, Room 2",collapse
R04710,The building has collapsed. Save me!,"861 Grand Concourse, The Bronx, 7th floor, Room 9",collapse
R03548,Hospital!!! Emergency! Cash! Vehicle needed,"88 Wall Street, Financial District, Manhattan, 5th floor, Room 5",medical
R03603,"SOS I am having an attack!!!! LIC Plaza, 8th floor Room 808","Chinatown, Manhattan",medical
R06923,"Someone is threatening people near Grand Concourse Tower, 7th floor Room Room 4, call police","861 Grand Concourse, The Bronx, 7th floor, Room 4",crime
R03859,Hospital emergency. Help,"300 Ashland Place, Downtown Brooklyn, 4th floor, Room 8",medical
R07020,"Robbery happening near Chelsea Heights, send police","Sunset Park, Brooklyn",crime
R00987,Stay away there's a fire!! ASAP!!,"Astoria, Queens",fire
R04993,The building has collapsed. Save me!,"300 Ashland Place, Downtown Brooklyn, 4th floor, Room 5",collapse
R02011,Explosion in building run away.....,"111 Eighth Avenue, Chelsea, Manhattan, 6th floor, Room 7",explosion
R00021,"Atlantic Terminal, 3rd floor Room Room 5 FIREEEEEE HELP","Sunset Park, Brooklyn",fire
R09639,"Emergency situation at Midtown Tower, 8th floor Room 908, pls send help","432 Park Avenue, Midtown Manhattan, 8th floor, Room 8",other
R07127,"Someone is threatening people near LIC Plaza, 7th floor Room 201, call police","29-27 41st Avenue, Long Island City, 7th floor, Room 1",crime
R03725,Save meeeee save meeeee injured injured,"620 Atlantic Avenue, Brooklyn, 7th floor, Room 6",medical
R01975,"Explosion at ground floor, LIC Plaza Save!!!!!","29-27 41st Avenue, Long Island City, ground floor, Room 8",explosion
R06969,"Gunmen in. Grand Concourse Tower main office, need immediate hlp","Sunset Park, Brooklyn",crime
R03646,"Call 108 Ashland Place Tower, 3rd floor, Room Room 3 send guys","300 Ashland Place, Downtown Brooklyn, 3rd floor, Room 3",medical
R04228,Save meeeee save meeeee injured injured,"29-27 41st Avenue, Long Island City, 2nd floor, Room 9",medical
R06959,"Help me.. there's robbery near Astoria, Queens.","Morningside Heights, Manhattan",crime
R06679,Somebody please call 112 there is a crime going on,"Riverdale, The Bronx",crime
R03353,Call hospital fast pls,"15 MetroTech Center, Downtown Brooklyn, ground floor, Room 6",medical
R06163,flood has come,"1 Edgewater Plaza, Staten Island, 6th floor, Room 6",flood
R00618,Save me I am trapped in fire,"111 Eighth Avenue, Chelsea, Manhattan, 3rd floor, Room 3",fire
R01155,Queens Plaza Complex: something exploded nearby help,"27-01 Queens Plaza North, Long Island City, 8th floor, Room 8",explosion
R09687,"Something unusual is happening near Bushwick, Brooklyn, please check","Bushwick, Brooklyn",other
R03399,Save meeeee save meeeee injured injured,"Morningside Heights, Manhattan",medical
R01657,Grand Concourse Tower: something exploded nearby help ASAP!!,"861 Grand Concourse, The Bronx, 4th floor, Room 4",explosion
R02235,"Crash happened outside Grand Concourse Tower, send medical team","861 Grand Concourse, The Bronx, 5th floor, Room 3",accident
R02722,"Crash happened outside Chelsea Heights, send medical team","450 West 33rd Street, Chelsea, Manhattan, 4th floor, Room 2",accident
R04236,"I have a medical emergency at Queens Plaza Complex, 8th floor Room 808","Astoria, Queens",medical
R05403,Building collapsing run run,"1 Edgewater Plaza, Staten Island, 2nd floor, Room 4",collapse
R00639,FIRE. HELP!!!!! Queens Plaza Complex 8th floor,"27-01 Queens Plaza North, Long Island City, 8th floor, Room 4",fire
R00792,"Fire has started in MetroTech Center Room 9, need urgent help pls","Bushwick, Brooklyn",fire
R09765,"Something unusual is happening near Queens Plaza Complex 101, please check","27-01 Queens Plaza North, Long Island City, 1st floor, Room 1",other
R09017,Water pipe burst near Edgewater Plaza,"Morningside Heights, Manhattan",other
R05751,HELP US!!! we are stuck in the flood prone area,"300 Ashland Place, Downtown Brooklyn, 3rd floor, Room 8",flood
R05083,Building has been collapsed!,"Morningside Heights, Manhattan",collapse
R02931,"Traffic accident near Washington Heights, Manhattan, need immediate assistance","861 Grand Concourse, The Bronx, 5th floor, Room 5",accident
R06058,Get to higher ground now!!,"Riverdale, The Bronx",flood
R09481,Please send maintenance team to Wall Street Tower,"88 Wall Street, Financial District, Manhattan, 8th floor, Room 4",other
R09803,"No electricity in Eighth Avenue Tower, please send maintenance","111 Eighth Avenue, Chelsea, Manhattan, 3rd floor, Room 9",other
R07144,Call the police right now!!,"Flushing, Queens",crime
R02772,Accident hereeee help fast,"15 MetroTech Center, Downtown Brooklyn, 4th floor, Room 4",accident
R09278,"There is a gas smell in the building, please check ...","88 Wall Street, Financial District, Manhattan, ground floor, Room 3",other
R09975,The lift has stopped working. Save me!,"15 MetroTech Center, Downtown Brooklyn, ground floor, Room 4",other
R09077,"Emergency situation, please send help immediately","Washington Heights, Manhattan",other
R05491,No wayyy building falling,"Chinatown, Manhattan",collapse
R05456,"The roof just collapsed at Ashland Place Tower, people are trapped","Astoria, Queens",collapse
R02511,"Crash happened outside Penn Plaza Tower, send medical team 😭","Morningside Heights, Manhattan",accident
R04308,Helpp it's medical emergency,"2 Penn Plaza, Midtown Manhattan, 4th floor, Room 9",medical
R00613,"Fire on 1st floor LIC Plaza, please send help immediately","Chinatown, Manhattan",fire
R04987,Oh no! The building! It's falling!,"Sunset Park, Brooklyn",collapse
R02456,"Crash happened outside Queens Plaza Complex, send medical team","Flushing, Queens",accident
R03473,Doctor where is he!!!,"111 Eighth Avenue, Chelsea, Manhattan, 4th floor, Room 4",medical
R00098,"Fire has started in Queens Plaza Complex 204, need urgent help","Flushing, Queens",fire
R04622,Hellllppppppp!!!! This building is falling!!,"111 Eighth Avenue, Chelsea, Manhattan, 1st floor, Room 1",collapse
R01183,Something exploded we need to run,"111 Eighth Avenue, Chelsea, Manhattan, 2nd floor, Room 8",explosion
R09890,Power is gone and people are stuck in the lift,"111 Eighth Avenue, Chelsea, Manhattan, 7th floor, Room 3",other
R06007,there is a flood in our hostel rn. help,"15 MetroTech Center, Downtown Brooklyn, 7th floor, Room 2",flood
R00130,Fire at Grand Concourse Tower first floor.... Come quickly,"861 Grand Concourse, The Bronx, 4th floor, Room 4",fire
R05449,Leave the building quickly ASAP!!,"15 MetroTech Center, Downtown Brooklyn, 2nd floor, Room 2",collapse
R03376,"I think I'm dying, please help pls","432 Park Avenue, Midtown Manhattan, 8th floor, Room 5",medical
R06363,Let's move to the higher ground.,"29-27 41st Avenue, Long Island City, 6th floor, Room 9",flood
R06337,flood has come,"88 Wall Street, Financial District, Manhattan, 4th floor, Room 2",flood
R09862,"Street light is not working near Astoria, Queens","861 Grand Concourse, The Bronx, 3rd floor, Room 3",other
R04242,"I think I'm dying, please help","2 Penn Plaza, Midtown Manhattan, ground floor, Room 4",medical
R05550,Oh no! The building! It's falling!,"450 West 33rd Street, Chelsea, Manhattan, 2nd floor, Room 2",collapse
R07084,"Armed robbery happening right now at the bank, call the police","300 Ashland Place, Downtown Brooklyn, 4th floor, Room 5",crime
R01981,Save us we are in Ashland Place Tower 6th floor,"Bushwick, Brooklyn",explosion
R06244,HELP US!!! we are stuck in the flood prone area,"432 Park Avenue, Midtown Manhattan, 8th floor, Room 2",flood
R04139,Helpp it's medical emergency,"861 Grand Concourse, The Bronx, 2nd floor, Room 3",medical
R03699,Call 108 fasttttt there is an emergency,"620 Atlantic Avenue, Brooklyn, 4th floor, Room 9",medical
R06303,"Water level rising rapidly near Chinatown, Manhattan","620 Atlantic Avenue, Brooklyn, 4th floor, Room 9",flood
R04439,I need urgent medical help please,"300 Ashland Place, Downtown Brooklyn, ground floor, Room 1",medical
R05771,"Flood, I am stuck, save me!","432 Park Avenue, Midtown Manhattan, 6th floor, Room 8",flood
R03881,"Someone needs urgent medical help at Edgewater Plaza, 8th floor Room 808","1 Edgewater Plaza, Staten Island, 8th floor, Room 8",medical
R02436,"Traffic accident near Bushwick, Brooklyn, need immediate assistance","88 Wall Street, Financial District, Manhattan, 4th floor, Room 5",accident
R05173,Hellllppppppp!!!! This building is falling!!,"620 Atlantic Avenue, Brooklyn, 4th floor, Room 4",collapse
R03707,Hospital!!! Emergency! Cash! Vehicle needed,"432 Park Avenue, Midtown Manhattan, 3rd floor, Room 2",medical
R04143,Call doctor and ask for help,"Chinatown, Manhattan",medical
R02836,"Vehicle overturned near Edgewater Plaza, need rescue","1 Edgewater Plaza, Staten Island, 5th floor, Room 5",accident
R06420,Savee me from the floodd,"300 Ashland Place, Downtown Brooklyn, 6th floor, Room 3",flood
R00242,Save me I am trapped in fire,"1 Edgewater Plaza, Staten Island, ground floor, Room 3",fire
R02069,Helpppp there is a huge explosion helpppp ...,"Park Slope, Brooklyn",explosion
R01046,Fire save me,"29-27 41st Avenue, Long Island City, ground floor, Room 3",fire
R06880,"Crime happening here, need police immediately","861 Grand Concourse, The Bronx, ground floor, Room 5",crime
R03541,Call 108 fasttttt there is an emergency,"Sunset Park, Brooklyn",medical
R04670,Penn Plaza Tower under shreds! Building collapse,"2 Penn Plaza, Midtown Manhattan, 3rd floor, Room 3",collapse
R09196,Gas leakage here don't switch bulb on,"111 Eighth Avenue, Chelsea, Manhattan, 4th floor, Room 8",other
R09241,"Emergency situation at Penn Plaza Tower, 5th floor Room Room 9, please send help","2 Penn Plaza, Midtown Manhattan, 5th floor, Room 9",other
R07691,"there is a man with black mask and gun in the bank, please help","Morningside Heights, Manhattan",crime
R03703,I need urgent medical help please,"Flushing, Queens",medical
R01712,Edgewater Plaza 508 Explosion,"1 Edgewater Plaza, Staten Island, 7th floor, Room 2",explosion
R00404,Fire at Chelsea Heights first floor.... Come quickly!!,"Chinatown, Manhattan",fire
R07005,I am in dangerrr idk what to do,"88 Wall Street, Financial District, Manhattan, ground floor, Room 10",crime
R07611,"Help me.. there's robbery near Greenwich Village, Manhattan.","300 Ashland Place, Downtown Brooklyn, 5th floor, Room 1",crime
R00763,Fire at Midtown Tower first floor.... Come quickly,"432 Park Avenue, Midtown Manhattan, ground floor, Room 6",fire
R03179,"There has been an accident at Grand Concourse Tower, 6th floor Room Room 3, emergency help needed","861 Grand Concourse, The Bronx, 6th floor, Room 3",accident
R09181,Power is gone and people are stuck in the lift,"450 West 33rd Street, Chelsea, Manhattan, 3rd floor, Room 8",other
R05385,Leave the building quickly,"Chinatown, Manhattan",collapse
R05324,"Part of the building has collapsed at Penn Plaza Tower, and students may need rescue.","2 Penn Plaza, Midtown Manhattan, 4th floor, Room 1",collapse
R09662,Water pipe burst near Grand Concourse Tower,"Greenwich Village, Manhattan",other
R06827,"Gunmen in. Edgewater Plaza main office, need immediate hlp","1 Edgewater Plaza, Staten Island, 5th floor, Room 5",crime
R01559,"BLAST. HELP ME!!!! In Greenwich Village, Manhattan","Greenwich Village, Manhattan",explosion
R02183,Midtown Tower: something exploded nearby help,"Sunset Park, Brooklyn",explosion
R05218,Building collapsing run run,"88 Wall Street, Financial District, Manhattan, 2nd floor, Room 4",collapse
R06018,Water everywhere help me,"Riverdale, The Bronx",flood
R03878,Hospital emergency. Help,"Bushwick, Brooklyn",medical
R03584,Hospital!!! Emergency! Cash! Vehicle needed 😭,"2 Penn Plaza, Midtown Manhattan, ground floor, Room 8",medical
R05867,Helpppp i am drowning helpppp ASAP!!,"432 Park Avenue, Midtown Manhattan, 8th floor, Room 12",flood
R02763,"Car accident, people are injured, send helpppp","Chinatown, Manhattan",accident
R03952,Call hospital fast pls,"620 Atlantic Avenue, Brooklyn, 7th floor, Room 5",medical
R02052,Loud sound. Was that a bomb?,"432 Park Avenue, Midtown Manhattan, 6th floor, Room 9",explosion
R05322,The building has collapsed. Save me!!!,"620 Atlantic Avenue, Brooklyn, 6th floor, Room 2",collapse
R03224,"bike hit someone at Wall Street Tower, 5th floor Room Room 8, please send help","88 Wall Street, Financial District, Manhattan, 5th floor, Room 8",accident
R05758,Get to higher ground now!! 😭,"27-01 Queens Plaza North, Long Island City, 2nd floor, Room 2",flood
R01681,Shit!! huge blast,"620 Atlantic Avenue, Brooklyn, 7th floor, Room 7",explosion
R09589,Run for your life,"300 Ashland Place, Downtown Brooklyn, 7th floor, Room 1",other
R07647,"there is a man with black mask and gun in the bank, please help","27-01 Queens Plaza North, Long Island City, 6th floor, Room 4",crime
R07724,"Crime happening here, need police immediately","300 Ashland Place, Downtown Brooklyn, 5th floor, Room 1",crime
R03838,Doctor where is he,"432 Park Avenue, Midtown Manhattan, 4th floor, Room 2",medical
R03163,"There has been an accident at Astoria, Queens, emergency help needed","Astoria, Queens",accident
R07707,A person with a weapon is causing danger at Penn Plaza Tower Room 3,"2 Penn Plaza, Midtown Manhattan, 3rd floor, Room 3",crime
R00533,bro fire 2nd floor,"2 Penn Plaza, Midtown Manhattan, 2nd floor, Room 1",fire
R01278,Something just burst around me. Send rescue squad ASAP 😭,"111 Eighth Avenue, Chelsea, Manhattan, 5th floor, Room 7",explosion
R06760,"Bank robbery, help, ground floor Atlantic Terminal","620 Atlantic Avenue, Brooklyn, ground floor, Room 5",crime
R09147,Gas leakage here don't switch bulb on,"88 Wall Street, Financial District, Manhattan, 6th floor, Room 9",other
R04250,"Chest pain, LIC Plaza need to go to the hospital fast","Morningside Heights, Manhattan",medical
R02868,"Major accident at Queens Plaza Complex, 1st floor Room 601, need helpppp","27-01 Queens Plaza North, Long Island City, 1st floor, Room 1",accident
R00505,Firee fireee at MetroTech Center saveee mee,"Morningside Heights, Manhattan",fire
R05598,there is a flood in our hostel rn. help,"29-27 41st Avenue, Long Island City, 4th floor, Room 2",flood
R04486,Building collapsing run run,"Morningside Heights, Manhattan",collapse
R06585,Savee me from the floodd,"Riverdale, The Bronx",flood
R06071,"Flood water is entering the ground floor of Wall Street Tower, please send help immediately ASAP!!","88 Wall Street, Financial District, Manhattan, ground floor, Room 2",flood
R06639,TAKE HIGH GROUND flood,"Greenwich Village, Manhattan",flood
R00716,Stay away there's a fire!!,"Astoria, Queens",fire
R01449,"Quickly save us from explosion, 3rd floor, Grand Concourse Tower ...","Astoria, Queens",explosion
R07347,"there is a man with black mask and gun in the bank, please help","27-01 Queens Plaza North, Long Island City, 6th floor, Room 6",crime
R09606,Run for your life,"29-27 41st Avenue, Long Island City, ground floor, Room 2",other
R07298,"Robbery happening near Atlantic Terminal, send police","620 Atlantic Avenue, Brooklyn, 6th floor, Room 3",crime
R05087,Leave the building quickly,"111 Eighth Avenue, Chelsea, Manhattan, 6th floor, Room 12",collapse
R07004,"Catch the criminal, close the gates 😭","620 Atlantic Avenue, Brooklyn, 8th floor, Room 4",crime
R01228,Save us we are in LIC Plaza 3rd floor,"29-27 41st Avenue, Long Island City, 3rd floor, Room 6",explosion
R03508,I have a medical emergency at Eighth Avenue Tower 701 😭,"111 Eighth Avenue, Chelsea, Manhattan, 7th floor, Room 5",medical
R03484,"I think I'm dying, please help","Sunset Park, Brooklyn",medical
R06378,TAKE HIGH GROUND flood,"111 Eighth Avenue, Chelsea, Manhattan, 5th floor, Room 6",flood
R07412,"Someone is threatening people near Greenwich Village, Manhattan, call police!!","Greenwich Village, Manhattan",crime
R05850,Savee me from the floodd,"Riverdale, The Bronx",flood
R02035,Shit!! huge blast,"15 MetroTech Center, Downtown Brooklyn, 6th floor, Room 7",explosion
R05310,Run under the table,"27-01 Queens Plaza North, Long Island City, 6th floor, Room 1",collapse
R05246,"Someone get me out, building collapsed","Astoria, Queens",collapse
R07000,"Crime happening here, need police immediately","Greenwich Village, Manhattan",crime
R05979,"Flood situation in Astoria, Queens, need relief ASAP!!","620 Atlantic Avenue, Brooklyn, 4th floor, Room 4",flood
R05747,Please evacuate the lower floors of Grand Concourse Tower as soon as possible,"Bushwick, Brooklyn",flood
R06535,Water everywhere help me,"88 Wall Street, Financial District, Manhattan, 2nd floor, Room 8",flood
R03380,Hospital!!! Emergency! Cash! Vehicle needed,"111 Eighth Avenue, Chelsea, Manhattan, 1st floor, Room 9",medical
R02945,"Someone got injured in a road accident at Grand Concourse Tower, 5th floor Room Room 8","861 Grand Concourse, The Bronx, 5th floor, Room 8",accident
R06318,there is a flood in our hostel rn. helpppp,"300 Ashland Place, Downtown Brooklyn, ground floor, Room 1",flood
R07227,"Someone is threatening people near Ashland Place Tower 801, call police","Astoria, Queens",crime
R00660,Grand Concourse Tower: help mee fire fire fire,"861 Grand Concourse, The Bronx, 5th floor, Room 5",fire
R01474,Explosion in building run away.....,"Flushing, Queens",explosion
R00218,"Fire has started in Eighth Avenue Tower 902, need urgent help","111 Eighth Avenue, Chelsea, Manhattan, ground floor, Room 2",fire
R03521,Someone needs urgent medical help at Queens Plaza Complex 402,"27-01 Queens Plaza North, Long Island City, 4th floor, Room 2",medical
R03346,Call hospital fast pls,"432 Park Avenue, Midtown Manhattan, 4th floor, Room 11",medical
R02652,A person got hit by a vehicle near Wall Street Tower 606,"88 Wall Street, Financial District, Manhattan, 6th floor, Room 1",accident
R06045,Flood. Help ..,"300 Ashland Place, Downtown Brooklyn, ground floor, Room 3",flood
R09727,"Something unusual is happening near Chinatown, Manhattan, please check","Chinatown, Manhattan",other
R05271,Run,"Chinatown, Manhattan",collapse
R07574,Bomb blast Ashland Place Tower Room 6. Save me,"300 Ashland Place, Downtown Brooklyn, ground floor, Room 6",crime
R01766,"Penn Plaza Tower, 7th floor Room 707 Explosion","2 Penn Plaza, Midtown Manhattan, 7th floor, Room 3",explosion
R04592,Building has been collapsed!,"Morningside Heights, Manhattan",collapse
R09065,Water pipe burst near Penn Plaza Tower,"Flushing, Queens",other
R02592,Bike and car collided near Midtown Tower 6th floor,"432 Park Avenue, Midtown Manhattan, 6th floor, Room 2",accident
R09877,"Road is blocked by a fallen tree near Wall Street Tower, ground floor Room Room 7","88 Wall Street, Financial District, Manhattan, ground floor, Room 7",other
R08999,"The lift stopped suddenly, people are inside","88 Wall Street, Financial District, Manhattan, 7th floor, Room 12",other
R00068,Edgewater Plaza 106 FIREEEEEE HELP,"1 Edgewater Plaza, Staten Island, 7th floor, Room 9",fire
R09123,Gas leakage here don't switch bulb on,"88 Wall Street, Financial District, Manhattan, 8th floor, Room 7",other
R05113,SOS! BUILDING COLLAPSE! LOCATION SENT,"861 Grand Concourse, The Bronx, 2nd floor, Room 9",collapse
R00044,Firee fireee at Eighth Avenue Tower saveee mee,"111 Eighth Avenue, Chelsea, Manhattan, ground floor, Room 2",fire
R05617,flood has come,"300 Ashland Place, Downtown Brooklyn, 4th floor, Room 7",flood
R07130,"Catch the criminal, close the gates","88 Wall Street, Financial District, Manhattan, 5th floor, Room 5",crime
R01958,"Quickly save us from explosion, 1st floor, Ashland Place Tower ...","300 Ashland Place, Downtown Brooklyn, 1st floor, Room 3",explosion
R02430,"Traffic accident near Chinatown, Manhattan, need immediate assistance","Flushing, Queens",accident
R04427,"Open wound, and concussion emergency first aid and ambulance required ASAP!","2 Penn Plaza, Midtown Manhattan, 1st floor, Room 8",medical
R01545,209! Fire!!!!! blast LIC Plaza 6th floor,"29-27 41st Avenue, Long Island City, 6th floor, Room 9",explosion
R02672,"A vehicle crashed near Queens Plaza Complex, ground floor Room G00","27-01 Queens Plaza North, Long Island City, ground floor, Room 9",accident
R09059,Gas leakage here don't switch bulb on,"Washington Heights, Manhattan",other
R04118,Call hospital fast pls,"2 Penn Plaza, Midtown Manhattan, 2nd floor, Room 9",medical
R03204,"bike hit someone at Edgewater Plaza 209, please send help","Greenwich Village, Manhattan",accident
R01509,Loud sound. Was that a bomb?,"450 West 33rd Street, Chelsea, Manhattan, 1st floor, Room 4",explosion
R00762,bro fire 2nd floor!!!,"Morningside Heights, Manhattan",fire
R06445,flood has come,"Greenwich Village, Manhattan",flood
R00296,bro fire 3rd floor,"432 Park Avenue, Midtown Manhattan, 3rd floor, Room 8",fire
R06297,"Water level rising rapidly near Morningside Heights, Manhattan!!!","27-01 Queens Plaza North, Long Island City, 7th floor, Room 7",flood
R03021,"Accident!!! people hurt, call ambulance","861 Grand Concourse, The Bronx, 2nd floor, Room 10",accident
R09715,"Emergency situation, pls send help immediately","861 Grand Concourse, The Bronx, ground floor, Room 8",other
R09422,"Emergency situation, please send help immediately","300 Ashland Place, Downtown Brooklyn, 2nd floor, Room 9",other
R05394,SOS! BUILDING COLLAPSE! LOCATION SENT,"861 Grand Concourse, The Bronx, 3rd floor, Room 2",collapse
R04697,this builidng is collapsing ... send help,"Park Slope, Brooklyn",collapse
R04948,Building has been collapsed!,"Flushing, Queens",collapse
R04426,I need urgent medical help please,"Morningside Heights, Manhattan",medical
R01887,Explosion in building run away.....,"88 Wall Street, Financial District, Manhattan, 8th floor, Room 4",explosion
R02429,"Two vehicles collided, Penn Plaza Tower, 7th floor Room Room 2","2 Penn Plaza, Midtown Manhattan, 7th floor, Room 2",accident
R04629,"Someone get me out, building collapsed","861 Grand Concourse, The Bronx, 3rd floor, Room 10",collapse
R04827,"Part of the building has collapsed at MetroTech Center, and students may need rescue.","Morningside Heights, Manhattan",collapse
R06089,TAKE HIGH GROUND flood,"450 West 33rd Street, Chelsea, Manhattan, 5th floor, Room 2",flood
R09820,Run for your life,"432 Park Avenue, Midtown Manhattan, 5th floor, Room 7",other
R00191,Chelsea Heights: help mee fire fire fire,"450 West 33rd Street, Chelsea, Manhattan, ground floor, Room 12",fire
R00483,Firee fireee at Grand Concourse Tower saveee mee,"861 Grand Concourse, The Bronx, 2nd floor, Room 2",fire
R04814,No wayyy building falling ...,"29-27 41st Avenue, Long Island City, ground floor, Room 9",collapse
R02849,"Major accident at Queens Plaza Complex, 8th floor, Room Room 9, need help","27-01 Queens Plaza North, Long Island City, 8th floor, Room 9",accident
R03613,Doctor where is he,"Astoria, Queens",medical
R00485,FIREEEEEE HELPPPPPPPP USSS OUTTTTTTTT. Eighth Avenue Tower !!!,"111 Eighth Avenue, Chelsea, Manhattan, 1st floor, Room 6",fire
R09153,Power is gone and people are stuck in the lift pls,"15 MetroTech Center, Downtown Brooklyn, 4th floor, Room 10",other
R02303,"Auto accident at Eighth Avenue Tower Room 10, please help","111 Eighth Avenue, Chelsea, Manhattan, 4th floor, Room 11",accident
R07546,"Catch the criminal, close the gates","Astoria, Queens",crime
R03945,Urgent help needed hereee!!,"29-27 41st Avenue, Long Island City, 8th floor, Room 5",medical
R05843,Helpppp i am drowning helpppp,"2 Penn Plaza, Midtown Manhattan, ground floor, Room 2",flood
R09230,Power is gone and people are stuck in the lift,"Riverdale, The Bronx",other
R04879,Leave the building quickly,"111 Eighth Avenue, Chelsea, Manhattan, 3rd floor, Room 4",collapse
R04492,LIC Plaza under shreds! Building collapse,"29-27 41st Avenue, Long Island City, 8th floor, Room 5",collapse
R09725,Please send maintenance team to Ashland Place Tower ...,"Greenwich Village, Manhattan",other
R04519,Hellllppppppp!!!! This building is falling!!,"Greenwich Village, Manhattan",collapse
R07197,"there is a man with black mask and gun in the bank, please help pls","88 Wall Street, Financial District, Manhattan, 2nd floor, Room 3",crime
R01382,Explosion in building run away.....,"88 Wall Street, Financial District, Manhattan, 8th floor, Room 3",explosion
R09097,The lift has stopped working. Save me!,"88 Wall Street, Financial District, Manhattan, 8th floor, Room 1",other
R00343,Fire at Chelsea Heights first floor.... Come quickly,"450 West 33rd Street, Chelsea, Manhattan, ground floor, Room 8",fire
R02786,"Two vehicles collided, Greenwich Village, Manhattan","Greenwich Village, Manhattan",accident
R03979,Doctor where is he ASAP!!,"15 MetroTech Center, Downtown Brooklyn, 5th floor, Room 9",medical
R04567,"Building collapsed of MetroTech Center, need help","15 MetroTech Center, Downtown Brooklyn, 8th floor, Room 8",collapse
R07248,"A person with a weapon is causing danger at Astoria, Queens","Astoria, Queens",crime
R07309,police come fast,"Greenwich Village, Manhattan",crime
R02491,"Accident!!! people hurt, call ambulance!!","432 Park Avenue, Midtown Manhattan, 1st floor, Room 8",accident
R09121,"In case of gas leak, don't switch on the bulb","Sunset Park, Brooklyn",other
R07578,police come fast 😭,"2 Penn Plaza, Midtown Manhattan, ground floor, Room 1",crime
R05141,Run!!,"29-27 41st Avenue, Long Island City, 6th floor, Room 6",collapse
R05314,"Someone get me out, building collapsed","Sunset Park, Brooklyn",collapse
R06888,"Catch the criminal, close the gates","861 Grand Concourse, The Bronx, 8th floor, Room 8",crime
R04223,"Someone needs urgent medical help at Riverdale, The Bronx","Riverdale, The Bronx",medical
R05589,Flood. Help ..,"620 Atlantic Avenue, Brooklyn, ground floor, Room 1",flood
R01114,Save us we are in Grand Concourse Tower 3rd floor,"861 Grand Concourse, The Bronx, 3rd floor, Room 2",explosion
R07193,Call police come fast 😭,"Flushing, Queens",crime
R00940,Fire save me,"Riverdale, The Bronx",fire
R02889,"Auto accident at Grand Concourse Tower, 5th floor Room 703, please helpppp","861 Grand Concourse, The Bronx, 5th floor, Room 3",accident
R02662,"Two vehicles collided, Edgewater Plaza, 5th floor Room 505","1 Edgewater Plaza, Staten Island, 5th floor, Room 5",accident
R06514,Move to safe area,"15 MetroTech Center, Downtown Brooklyn, 7th floor, Room 7",flood
R07335,"Help, there is a robbery happening at the bank on Main Road, please contact the police.","861 Grand Concourse, The Bronx, 3rd floor, Room 6",crime
R04287,Save meeeee save meeeee injured injured,"29-27 41st Avenue, Long Island City, ground floor, Room 4",medical
R05018,Building has been collapsed!,"2 Penn Plaza, Midtown Manhattan, 8th floor, Room 9",collapse
R00254,Help!!!!! fire here,"2 Penn Plaza, Midtown Manhattan, 1st floor, Room 2",fire
R06786,Call police come fast,"88 Wall Street, Financial District, Manhattan, 6th floor, Room 9",crime
R01316,Something just burst around me. Send rescue squad ASAP!!!,"27-01 Queens Plaza North, Long Island City, 1st floor, Room 1",explosion
R02156,"LIC Plaza, 6th floor, Room Room 7 Explosion","29-27 41st Avenue, Long Island City, 6th floor, Room 7",explosion
R07356,"Bank robbery, help, 4th floor Queens Plaza Complex","27-01 Queens Plaza North, Long Island City, 4th floor, Room 4",crime
R06728,"Armed robbery happening right now at the bank, call the police","861 Grand Concourse, The Bronx, 8th floor, Room 8",crime
R09834,Gas leakage here don't switch bulb on ...,"29-27 41st Avenue, Long Island City, 6th floor, Room 3",other
R05037,SOS! BUILDING COLLAPSE! LOCATION SENT,"111 Eighth Avenue, Chelsea, Manhattan, 4th floor, Room 10",collapse
R02606,"A person got hit by a vehicle near Queens Plaza Complex, ground floor Room Room 8","27-01 Queens Plaza North, Long Island City, ground floor, Room 8",accident
R00389,Save me I am trapped in fire,"29-27 41st Avenue, Long Island City, 3rd floor, Room 6",fire
R04348,Hospital!!! Emergency! Cash! Vehicle needed,"Riverdale, The Bronx",medical
R09959,Water pipe burst near Midtown Tower,"432 Park Avenue, Midtown Manhattan, 4th floor, Room 3",other
R06643,Let's move to the higher ground.,"432 Park Avenue, Midtown Manhattan, 7th floor, Room 8",flood
R07141,police come fast,"88 Wall Street, Financial District, Manhattan, ground floor, Room 6",crime
R07592,Call the emergency helpline number!,"29-27 41st Avenue, Long Island City, 5th floor, Room 5",crime
R01055,Midtown Tower 6th floor is on flames.. send help ASAP,"432 Park Avenue, Midtown Manhattan, 6th floor, Room 1",fire
R04839,No wayyy building falling,"111 Eighth Avenue, Chelsea, Manhattan, 8th floor, Room 4",collapse
R01115,"Explosion help , ground floor Midtown Tower","Astoria, Queens",explosion
R07095,"Help, there is a robbery happening at the bank on Main Road, please contact the police.","111 Eighth Avenue, Chelsea, Manhattan, 2nd floor, Room 4",crime
R04129,"Someone needs urgent medical helpppp at Atlantic Terminal, 3rd floor, Room 303","620 Atlantic Avenue, Brooklyn, 3rd floor, Room 3",medical
R00739,"Oh no, fire has started","27-01 Queens Plaza North, Long Island City, 3rd floor, Room 2",fire
R07072,"Armed robbery happening right now at the bank, call the police","Chinatown, Manhattan",crime
R04127,Call doctor and ask for help,"450 West 33rd Street, Chelsea, Manhattan, 5th floor, Room 3",medical
R04310,Please send an ambulance to Wall Street Tower 808,"Riverdale, The Bronx",medical
R00091,Wall Street Tower ground floor is on flames.. send help ASAP,"88 Wall Street, Financial District, Manhattan, ground floor, Room 8",fire
R01153,There's been an explosion at Penn Plaza Tower 909. Call the emergency services!,"2 Penn Plaza, Midtown Manhattan, 3rd floor, Room 9",explosion
R01069,"Fire has started in Chelsea Heights 101, need urgent help","450 West 33rd Street, Chelsea, Manhattan, 1st floor, Room 1",fire
R04360,"Chest pain, LIC Plaza need to go to the hospital fast","29-27 41st Avenue, Long Island City, 8th floor, Room 5",medical
R05169,Leave the building quickly,"861 Grand Concourse, The Bronx, 7th floor, Room 9",collapse
R09450,Water pipe burst near LIC Plaza,"29-27 41st Avenue, Long Island City, 4th floor, Room 4",other
R09651,Help mee,"432 Park Avenue, Midtown Manhattan, ground floor, Room 4",other
R05970,"Water level rising rapidly near Greenwich Village, Manhattan","Bushwick, Brooklyn",flood
R07555,"Something serious is happening here, hurry","Morningside Heights, Manhattan",crime
R03732,Call doctor and ask for help,"29-27 41st Avenue, Long Island City, 6th floor, Room 6",medical
R04983,Leave the building quickly,"300 Ashland Place, Downtown Brooklyn, 1st floor, Room 4",collapse
R02993,"bike hit someone at Chelsea Heights, 1st floor, Room Room 4, please send help","450 West 33rd Street, Chelsea, Manhattan, 1st floor, Room 4",accident
R00980,"Fire on 2nd floor MetroTech Center, please send help immediately","15 MetroTech Center, Downtown Brooklyn, 2nd floor, Room 5",fire
R06669,Somebody please call 112 there is a crime going on,"300 Ashland Place, Downtown Brooklyn, 1st floor, Room 3",crime
R06075,Let's move to the higher ground.,"Morningside Heights, Manhattan",flood
R06945,"Help, there is a robbery happening at the bank on Main Road, please contact the police. ASAP!!","1 Edgewater Plaza, Staten Island, 7th floor, Room 7",crime
R01381,Loud sound. Was that a bomb?,"15 MetroTech Center, Downtown Brooklyn, ground floor, Room 2",explosion
R07091,Call police come fast,"27-01 Queens Plaza North, Long Island City, 2nd floor, Room 7",crime
R02516,"Vehicle overturned near Atlantic Terminal, need rescue","620 Atlantic Avenue, Brooklyn, 4th floor, Room 1",accident
R03501,Call hospital fast pls,"620 Atlantic Avenue, Brooklyn, 7th floor, Room 9",medical
R06582,Helpppp i am drowning helpppp,"29-27 41st Avenue, Long Island City, 7th floor, Room 7",flood
R07122,Am I that unlucky,"300 Ashland Place, Downtown Brooklyn, 1st floor, Room 7",crime
R01053,Fireeeeee helpppppp pls,"1 Edgewater Plaza, Staten Island, ground floor, Room 6",fire
R06947,Somebody please call 112 there is a crime going on,"Riverdale, The Bronx",crime
R01067,Firee fireee at Wall Street Tower saveee mee,"88 Wall Street, Financial District, Manhattan, 4th floor, Room 7",fire
R06463,"Flood, im stuck, save me!","Greenwich Village, Manhattan",flood
R07624,police come fast,"Park Slope, Brooklyn",crime
R00177,"Fire on 3rd floor Midtown Tower, please send helpppp immediately","432 Park Avenue, Midtown Manhattan, 3rd floor, Room 7",fire
R04745,Hellllppppppp!!!! This building is falling!!,"2 Penn Plaza, Midtown Manhattan, 7th floor, Room 7",collapse
R02508,"Auto accident at Penn Plaza Tower, 5th floor Room 505, please helpppp","Sunset Park, Brooklyn",accident
R09274,Power is gone and people are stuck in the lift,"88 Wall Street, Financial District, Manhattan, 8th floor, Room 11",other
R07703,"Help, there is a robbery happening at the bank on Main Road, please contact the police.","Chinatown, Manhattan",crime
R06495,"Flood, I am stuck, save me!","432 Park Avenue, Midtown Manhattan, ground floor, Room 4",flood
R09049,"Road is blocked by a fallen tree near Midtown Tower, 5th floor Room Room 3","432 Park Avenue, Midtown Manhattan, 5th floor, Room 2",other
R03750,Urgent help needed hereee!!,"Bushwick, Brooklyn",medical
R09509,A large tree has fallen across the road,"Sunset Park, Brooklyn",other
R00690,Call fire emergency,"Bushwick, Brooklyn",fire
R09243,"The lift stopped suddenly, people are inside","450 West 33rd Street, Chelsea, Manhattan, 8th floor, Room 4",other
R00662,"Grand Concourse Tower, 7th floor Room 801 FIREEEEEE HELP!!","861 Grand Concourse, The Bronx, 7th floor, Room 1",fire
R01773,"Huge explosion at LIC Plaza, smoke everywhere","Morningside Heights, Manhattan",explosion
R00172,FIREEEEEE HELPPPPPPPP USSS OUTTTTTTTT. LIC Plaza !!!,"29-27 41st Avenue, Long Island City, 1st floor, Room 4",fire
R00674,Save me I am trapped in fire,"Greenwich Village, Manhattan",fire
R00428,Fire at Ashland Place Tower first floor.... Come quickly,"300 Ashland Place, Downtown Brooklyn, 5th floor, Room 9",fire
R00546,FIREEEEEE HELPPPPPPPP USSS OUTTTTTTTT. Atlantic Terminal !!! pls,"Park Slope, Brooklyn",fire
R00243,Fire!! 1st floor Wall Street Tower !!!! Room 5!!,"Flushing, Queens",fire
R03277,"Road accident near Midtown Tower, ambulance needed","Sunset Park, Brooklyn",accident
R00876,Fire save me,"620 Atlantic Avenue, Brooklyn, 2nd floor, Room 1",fire
R03779,"Call 108 LIC Plaza, 1st floor Room 101 send guys","Flushing, Queens",medical
R00132,"Fire on 2nd floor Midtown Tower, please send help immediately ASAP!!","432 Park Avenue, Midtown Manhattan, 2nd floor, Room 1",fire
R09480,"Something unusual is happening near Morningside Heights, Manhattan, please check","Morningside Heights, Manhattan",other
R06744,Call the police right now!!,"29-27 41st Avenue, Long Island City, ground floor, Room 4",crime
R02513,"A person got hit by a vehicle near Ashland Place Tower, 1st floor Room 101","300 Ashland Place, Downtown Brooklyn, 1st floor, Room 1",accident
R04723,Hellllppppppp!!!! This building is falling!!,"Chinatown, Manhattan",collapse
R01796,"Quickly save us from explosion, 4th floor, Penn Plaza Tower","2 Penn Plaza, Midtown Manhattan, 4th floor, Room 9",explosion
R00442,Firee fireee at Queens Plaza Complex saveee mee,"27-01 Queens Plaza North, Long Island City, 6th floor, Room 11",fire
R07184,Somebody please call 112 there is a crime going on,"450 West 33rd Street, Chelsea, Manhattan, 1st floor, Room 3",crime
R03717,"Someone needs urgent medical help at Park Slope, Brooklyn","Park Slope, Brooklyn",medical
R04821,"The roof just collapsed at Penn Plaza Tower, people are trapped","2 Penn Plaza, Midtown Manhattan, 8th floor, Room 10",collapse
R01619,Shit!! huge blast,"432 Park Avenue, Midtown Manhattan, 2nd floor, Room 2",explosion
R00424,Help!!!!! fire here,"Greenwich Village, Manhattan",fire
R02373,Bike and car collided near Grand Concourse Tower 2nd floor,"Park Slope, Brooklyn",accident
R07125,I am in dangerrr idk what to do 😭,"111 Eighth Avenue, Chelsea, Manhattan, 5th floor, Room 10",crime
R00887,Fire save me ...,"27-01 Queens Plaza North, Long Island City, 3rd floor, Room 12",fire
R05206,The building has collapsed. Save me!,"300 Ashland Place, Downtown Brooklyn, 1st floor, Room 2",collapse
R06436,Let's move to the higher ground.,"620 Atlantic Avenue, Brooklyn, 4th floor, Room 4",flood
R02882,"Two vehicles collided, Atlantic Terminal, 3rd floor Room 907","620 Atlantic Avenue, Brooklyn, 3rd floor, Room 7",accident
R06872,I am in dangerrr idk what to do,"2 Penn Plaza, Midtown Manhattan, 7th floor, Room 9",crime
R09876,Gas leakage here don't switch bulb on,"861 Grand Concourse, The Bronx, 6th floor, Room 6",other
R06735,"there is a man with black mask and gun in the bank, please help","450 West 33rd Street, Chelsea, Manhattan, 4th floor, Room 4",crime
R00309,Ashland Place Tower 7th floor is on flames.. send help ASAP,"300 Ashland Place, Downtown Brooklyn, 7th floor, Room 2",fire
R04098,"I think I'm dying, please help","1 Edgewater Plaza, Staten Island, 6th floor, Room 6",medical
R02804,"Traffic accident near Park Slope, Brooklyn, need immediate assistance","111 Eighth Avenue, Chelsea, Manhattan, 2nd floor, Room 9",accident
R07261,"Catch the criminal, close the gates","1 Edgewater Plaza, Staten Island, 7th floor, Room 2",crime
R03695,Hospital!!! Emergency! Cash! Vehicle needed,"861 Grand Concourse, The Bronx, 5th floor, Room 5",medical
R07214,Call the emergency helpline number!,"Washington Heights, Manhattan",crime
R03258,"Someone got injured in a road accident at MetroTech Center, 7th floor Room Room 5","15 MetroTech Center, Downtown Brooklyn, 7th floor, Room 5",accident
R09543,"Emergency situation, please send help immediately","29-27 41st Avenue, Long Island City, ground floor, Room 4",other
R04405,SOS I am having an attack!!!! Grand Concourse Tower 303,"Flushing, Queens",medical
R03129,Accident hereeee help fast,"111 Eighth Avenue, Chelsea, Manhattan, 8th floor, Room 2",accident
R02440,"Crash happened outside Queens Plaza Complex, send medical team","27-01 Queens Plaza North, Long Island City, 3rd floor, Room 7",accident
R03724,"SOS I am having an attack!!!! Edgewater Plaza, 1st floor Room Room 7","Chinatown, Manhattan",medical
R07567,Call police come fast,"27-01 Queens Plaza North, Long Island City, 7th floor, Room 9",crime
R07052,Call the police right now!!,"88 Wall Street, Financial District, Manhattan, 6th floor, Room 2",crime
R00820,MetroTech Center: help mee fire fire fire,"15 MetroTech Center, Downtown Brooklyn, 8th floor, Room 8",fire
R06395,Get to higher ground now!!,"29-27 41st Avenue, Long Island City, 6th floor, Room 5",flood
R05074,EVACUATE,"111 Eighth Avenue, Chelsea, Manhattan, 3rd floor, Room 3",collapse
R07226,"A person with a weapon is causing danger at Wall Street Tower, 7th floor","88 Wall Street, Financial District, Manhattan, 7th floor, Room 3",crime
R09598,"There is a gas smell in the building, please check","111 Eighth Avenue, Chelsea, Manhattan, 3rd floor, Room 3",other
R03582,Urgent help needed hereee!!,"1 Edgewater Plaza, Staten Island, 2nd floor, Room 3",medical
R02420,"Auto accident at Astoria, Queens, please help","Astoria, Queens",accident
R06182,HELP US!!! we are stuck in the flood prone area,"300 Ashland Place, Downtown Brooklyn, ground floor, Room 4",flood
R02181,102! Fire!!!!! blast Atlantic Terminal 6th floor,"620 Atlantic Avenue, Brooklyn, 6th floor, Room 2",explosion
R03926,Call 108 fasttttt there is an emergency,"432 Park Avenue, Midtown Manhattan, 6th floor, Room 5",medical
R09055,Run for your life,"450 West 33rd Street, Chelsea, Manhattan, ground floor, Room 8",other
R07014,"Bomb blast Chinatown, Manhattan. Save me","Chinatown, Manhattan",crime
R02863,"Two vehicles collided, Sunset Park, Brooklyn","Sunset Park, Brooklyn",accident
R05288,"The roof just collapsed at Chelsea Heights, people are trapped","Sunset Park, Brooklyn",collapse
R02715,"Vehicle overturned near Wall Street Tower, need rescue","Chinatown, Manhattan",accident
R05983,Savee me from the floodd,"Chinatown, Manhattan",flood
R05150,Penn Plaza Tower under shreds! Building collapse,"2 Penn Plaza, Midtown Manhattan, 3rd floor, Room 2",collapse
R08950,"Emergency situation at MetroTech Center, 5th floor Room 505, please send help","15 MetroTech Center, Downtown Brooklyn, 5th floor, Room 5",other
R09997,Run for your life,"29-27 41st Avenue, Long Island City, 1st floor, Room 8",other
R03099,"Car accident, people are injured, send help","Sunset Park, Brooklyn",accident
R04465,Hellllppppppp!!!! This building is falling!!,"2 Penn Plaza, Midtown Manhattan, ground floor, Room 2",collapse
R01302,"Morningside Heights, Manhattan Explosion","Morningside Heights, Manhattan",explosion
R05225,"Part of the building has collapsed at Edgewater Plaza, and students may need rescue.","1 Edgewater Plaza, Staten Island, 1st floor, Room 2",collapse
R06986,Call the emergency helpline number!,"620 Atlantic Avenue, Brooklyn, 5th floor, Room 4",crime
R05117,Run under the table,"88 Wall Street, Financial District, Manhattan, 3rd floor, Room 2",collapse
R04826,Go run fast. the building is collapsing!!!,"300 Ashland Place, Downtown Brooklyn, 6th floor, Room 6",collapse
R03637,Helpp it's medical emergency!!,"27-01 Queens Plaza North, Long Island City, 7th floor, Room 2",medical
R07283,"Help, there is a robbery happening at the bank on Main Road, please contact the police.","Morningside Heights, Manhattan",crime
R03647,Call an ambulance! Call an ambulance!,"620 Atlantic Avenue, Brooklyn, 7th floor, Room 7",medical
R09658,"In case of gas leak, don't switch on the bulb","111 Eighth Avenue, Chelsea, Manhattan, ground floor, Room 5",other
R04953,No wayyy building falling,"450 West 33rd Street, Chelsea, Manhattan, ground floor, Room 10",collapse
R09678,"There is a gas smell in the building, please check","Park Slope, Brooklyn",other
R02321,"Accident!!! people hurt, call ambulance ...","88 Wall Street, Financial District, Manhattan, 3rd floor, Room 1",accident
R01693,"EXPLOSION 5th floor, Grand Concourse Tower, HELP MEEE!","861 Grand Concourse, The Bronx, 5th floor, Room 2",explosion
R06207,Move to top floor,"Morningside Heights, Manhattan",flood
R04384,Save meeeee save meeeee injured injured 😭,"27-01 Queens Plaza North, Long Island City, 3rd floor, Room 5",medical
R04706,Oh no! The building! It's falling!,"2 Penn Plaza, Midtown Manhattan, 3rd floor, Room 3",collapse
R01490,It will blasttt,"2 Penn Plaza, Midtown Manhattan, 3rd floor, Room 3",explosion
R04847,Leave the building quickly,"27-01 Queens Plaza North, Long Island City, 7th floor, Room 5",collapse
R07026,"Someone is threatening people near LIC Plaza 105, call police","29-27 41st Avenue, Long Island City, 5th floor, Room 4",crime
R01350,Penn Plaza Tower: something exploded nearby help ...,"2 Penn Plaza, Midtown Manhattan, ground floor, Room 6",explosion
R04703,SOS! BUILDING COLLAPSE! LOCATION SENT,"111 Eighth Avenue, Chelsea, Manhattan, ground floor, Room 3",collapse
R04689,"Someone get me out, building collapsed","15 MetroTech Center, Downtown Brooklyn, 4th floor, Room 9",collapse
R03113,"Accident!!! people hurt, call ambulance pls","2 Penn Plaza, Midtown Manhattan, 3rd floor, Room 6",accident
R05073,No wayyy building falling,"Chinatown, Manhattan",collapse
R07269,Call the police right now!!,"27-01 Queens Plaza North, Long Island City, 6th floor, Room 10",crime
R09045,Gas leakage here don't switch bulb on,"88 Wall Street, Financial District, Manhattan, 2nd floor, Room 6",other
R03286,"Traffic accident near Bushwick, Brooklyn, need immediate assistance","29-27 41st Avenue, Long Island City, ground floor, Room 1",accident
R00074,"Fire has started in Eighth Avenue Tower Room 1, need urgent help","Sunset Park, Brooklyn",fire
R07676,Call the emergency helpline number!,"861 Grand Concourse, The Bronx, 2nd floor, Room 9",crime
R04657,Oh no! The building! It's falling!!!,"111 Eighth Avenue, Chelsea, Manhattan, 7th floor, Room 7",collapse
R07599,"Bank robbery, help, 5th floor Midtown Tower","Washington Heights, Manhattan",crime
R05326,Building collapsing run run,"Park Slope, Brooklyn",collapse
R03943,Helpp it's medical emergency,"2 Penn Plaza, Midtown Manhattan, 2nd floor, Room 8",medical
R04509,"Part of the building has collapsed at Midtown Tower, and students may need rescue.","432 Park Avenue, Midtown Manhattan, 3rd floor, Room 3",collapse
R04956,Building collapsing run run,"861 Grand Concourse, The Bronx, ground floor, Room 1",collapse
R03107,A person got hit by a vehicle near Grand Concourse Tower 1st floor,"861 Grand Concourse, The Bronx, 1st floor, Room 12",accident
R02869,"Auto accident at MetroTech Center, 6th floor, pls help","15 MetroTech Center, Downtown Brooklyn, 6th floor, Room 2",accident
R03959,Call doctor and ask for help,"15 MetroTech Center, Downtown Brooklyn, 1st floor, Room 12",medical
R04856,"Someone get me out, building collapsed","15 MetroTech Center, Downtown Brooklyn, 8th floor, Room 3",collapse
R00383,Help there is fire in Chelsea Heights ground floor help,"450 West 33rd Street, Chelsea, Manhattan, ground floor, Room 12",fire
R05963,Flood. Help ..,"Greenwich Village, Manhattan",flood
R06922,Call police come fast,"29-27 41st Avenue, Long Island City, 5th floor, Room 3",crime
R07183,"Help me.. there's robbery near Flushing, Queens.","300 Ashland Place, Downtown Brooklyn, 6th floor, Room 8",crime
R03586,I have a medical emergency at Wall Street Tower 708,"Sunset Park, Brooklyn",medical
R05732,Flood. Help ..,"29-27 41st Avenue, Long Island City, 5th floor, Room 9",flood
R06561,Helpppp i am drowning helpppp,"111 Eighth Avenue, Chelsea, Manhattan, 3rd floor, Room 3",flood
R09636,Road is blocked by a fallen tree near Atlantic Terminal 705,"620 Atlantic Avenue, Brooklyn, 6th floor, Room 1",other
R09622,Power is gone and people are stuck in the lift ...,"29-27 41st Avenue, Long Island City, 6th floor, Room 6",other
R01271,Something exploded we need to run,"450 West 33rd Street, Chelsea, Manhattan, 6th floor, Room 2",explosion
R05769,Flood. Help ..,"111 Eighth Avenue, Chelsea, Manhattan, 5th floor, Room 5",flood
R04193,I need urgent medical help please,"88 Wall Street, Financial District, Manhattan, 1st floor, Room 4",medical
R09982,"Emergency situation, please send help immediately","111 Eighth Avenue, Chelsea, Manhattan, 5th floor, Room 1",other
R00900,Stay away there's a fire!!,"Chinatown, Manhattan",fire
R01334,Loud sound. Was that a bomb?,"Morningside Heights, Manhattan",explosion
R07286,"Bank robbery, helpppp, 2nd floor Edgewater Plaza","1 Edgewater Plaza, Staten Island, 2nd floor, Room 2",crime
R00577,Fireeeeee helpppppp,"Greenwich Village, Manhattan",fire
R05129,"Part of the building has collapsed at Penn Plaza Tower, and students may need rescue.","2 Penn Plaza, Midtown Manhattan, 7th floor, Room 6",collapse
R07185,Call police come fast,"300 Ashland Place, Downtown Brooklyn, 1st floor, Room 9",crime
R06920,Call police come fast,"1 Edgewater Plaza, Staten Island, 3rd floor, Room 3",crime
R05554,The building has collapsed. Save me!,"Astoria, Queens",collapse
R07543,Call the emergency helpline number!,"29-27 41st Avenue, Long Island City, 8th floor, Room 8",crime
R09693,Power is gone and people are stuck in the lift,"Greenwich Village, Manhattan",other
R01800,"BLAST. HELP ME!!!! In Atlantic Terminal, 6th floor Room 306","Chinatown, Manhattan",explosion
R02594,Bike and car collided near MetroTech Center 3rd floor pls,"15 MetroTech Center, Downtown Brooklyn, 3rd floor, Room 3",accident
R06938,Call the emergency helpline number!,"620 Atlantic Avenue, Brooklyn, ground floor, Room 3",crime
R01134,Helpppp there is a huge explosion helpppp!!,"111 Eighth Avenue, Chelsea, Manhattan, 3rd floor, Room 3",explosion
R04813,Building collapsing run run,"15 MetroTech Center, Downtown Brooklyn, ground floor, Room 2",collapse
R05971,Let's move to the higher ground.,"2 Penn Plaza, Midtown Manhattan, ground floor, Room 8",flood
R05433,Hellllppppppp!!!! This building is falling!!,"432 Park Avenue, Midtown Manhattan, 8th floor, Room 10",collapse
R04829,Building has been collapsed!,"29-27 41st Avenue, Long Island City, 4th floor, Room 4",collapse
R07302,"Crime happening here, need police immediately ASAP!!","Greenwich Village, Manhattan",crime
R09905,Gas leakage here don't switch bulb on,"1 Edgewater Plaza, Staten Island, 7th floor, Room 1",other
R09299,"Emergency situation, please send help immediately","15 MetroTech Center, Downtown Brooklyn, 5th floor, Room 12",other
R00216,Help there is fire in Penn Plaza Tower 5th floor help,"2 Penn Plaza, Midtown Manhattan, 5th floor, Room 1",fire
R04244,"Please send an ambulance to Edgewater Plaza, 7th floor Room Room 11","1 Edgewater Plaza, Staten Island, 7th floor, Room 1",medical
R02997,"Accident!!! people hurt, call ambulance","111 Eighth Avenue, Chelsea, Manhattan, 8th floor, Room 10",accident
R01090,"Fire has started in LIC Plaza Room 4, need urgent help","29-27 41st Avenue, Long Island City, 8th floor, Room 11",fire
R00461,Fire at Midtown Tower first floor.... Come quickly,"432 Park Avenue, Midtown Manhattan, 8th floor, Room 6",fire
R04796,"The roof just collapsed at Chelsea Heights, people are trapped","450 West 33rd Street, Chelsea, Manhattan, 5th floor, Room 8",collapse
R06626,Move to top floor,"2 Penn Plaza, Midtown Manhattan, 2nd floor, Room 7",flood
R04937,Go run fast. the building is collapsing,"15 MetroTech Center, Downtown Brooklyn, 3rd floor, Room 6",collapse
R02564,Bike and car collided near Queens Plaza Complex 8th floor,"Astoria, Queens",accident
R04565,Building collapsing run run,"29-27 41st Avenue, Long Island City, ground floor, Room 6",collapse
R05635,"The ground is flooded, send help, lifeboat and first aid","450 West 33rd Street, Chelsea, Manhattan, 1st floor, Room 1",flood
R01590,"Explosion helpppp , 8th floor Grand Concourse Tower","861 Grand Concourse, The Bronx, 8th floor, Room 7",explosion
R00116,Firee fireee at Wall Street Tower saveee mee,"88 Wall Street, Financial District, Manhattan, 3rd floor, Room 2",fire
R02557,Accident hereeee help fast,"432 Park Avenue, Midtown Manhattan, 8th floor, Room 8",accident
R00380,Ashland Place Tower 606 FIREEEEEE HELP,"300 Ashland Place, Downtown Brooklyn, 6th floor, Room 6",fire
R00112,Help!!!!! fire here,"29-27 41st Avenue, Long Island City, 2nd floor, Room 4",fire
R09246,The lift has stopped working. Save me!!!!,"Sunset Park, Brooklyn",other
R06734,"Bank robbery, help, 7th floor LIC Plaza","29-27 41st Avenue, Long Island City, 7th floor, Room 6",crime
R06983,"Bomb blast Edgewater Plaza, 2nd floor. Save me","1 Edgewater Plaza, Staten Island, 2nd floor, Room 12",crime
R02777,Accident hereeee help fast,"1 Edgewater Plaza, Staten Island, 7th floor, Room 5",accident
R02986,"Car accident, people are injured, send helpppp","27-01 Queens Plaza North, Long Island City, 3rd floor, Room 6",accident
R08928,"In case of gas leak, don't switch on the bulb","861 Grand Concourse, The Bronx, 4th floor, Room 4",other
R00487,THIS IS NOT A DRILL. THERE'S A FIRE IN THE BUILDING. SEND HELP!,"15 MetroTech Center, Downtown Brooklyn, 8th floor, Room 8",fire
R01645,Shit!! huge blast,"450 West 33rd Street, Chelsea, Manhattan, 5th floor, Room 2",explosion
R02045,Explosion in building run away.....,"2 Penn Plaza, Midtown Manhattan, 6th floor, Room 4",explosion
R01749,"EXPLOSION 5th floor, Atlantic Terminal, HELP MEEE!","620 Atlantic Avenue, Brooklyn, 5th floor, Room 10",explosion
R08984,"No electricity in Grand Concourse Tower, please send maintenance","861 Grand Concourse, The Bronx, 6th floor, Room 9",other
R00728,FIRE. HELP!!!!! MetroTech Center 505,"Flushing, Queens",fire
R06362,flood has come,"620 Atlantic Avenue, Brooklyn, 8th floor, Room 3",flood
R02484,"Crash happened outside Penn Plaza Tower, send medical team","2 Penn Plaza, Midtown Manhattan, 2nd floor, Room 2",accident
R03392,"SOS I am having an attack!!!! Penn Plaza Tower, 7th floor Room 707","2 Penn Plaza, Midtown Manhattan, 7th floor, Room 7",medical
R02415,"Car accident, people are injured, send help","Astoria, Queens",accident
R02741,"Road accident near Eighth Avenue Tower, ambulance needed","Riverdale, The Bronx",accident
R00644,Call fire emergency,"620 Atlantic Avenue, Brooklyn, 5th floor, Room 9",fire
R05267,The building has collapsed. Save me!,"450 West 33rd Street, Chelsea, Manhattan, 5th floor, Room 8",collapse
R01463,"EXPLOSION 8th floor, Eighth Avenue Tower, HELP MEEE!","111 Eighth Avenue, Chelsea, Manhattan, 8th floor, Room 5",explosion
R09459,"No electricity in LIC Plaza, please send maintenance pls","29-27 41st Avenue, Long Island City, 7th floor, Room 4",other
R00824,firee save me,"27-01 Queens Plaza North, Long Island City, 3rd floor, Room 1",fire
R07009,"Someone is threatening people near Ashland Place Tower 307, call police","300 Ashland Place, Downtown Brooklyn, 4th floor, Room 4",crime
R01258,There has been an explosion in Ashland Place Tower there fire everywhere help,"300 Ashland Place, Downtown Brooklyn, 5th floor, Room 6",explosion
R02079,There has been an explosion in MetroTech Center there fire everywhere helpppp,"15 MetroTech Center, Downtown Brooklyn, 1st floor, Room 8",explosion
R03178,"Road accident near Queens Plaza Complex, ambulance needed","Park Slope, Brooklyn",accident
R06259,Move to top floor,"Washington Heights, Manhattan",flood
R00528,Ashland Place Tower: help mee fire fire fire,"300 Ashland Place, Downtown Brooklyn, 1st floor, Room 12",fire
R09971,Water pipe burst near MetroTech Center,"Flushing, Queens",other
R02999,Accident hereeee help fast,"15 MetroTech Center, Downtown Brooklyn, 5th floor, Room 5",accident
R05390,"The roof just collapsed at MetroTech Center, people are trapped!!","15 MetroTech Center, Downtown Brooklyn, 4th floor, Room 3",collapse
R09947,Please send maintenance team to MetroTech Center,"Astoria, Queens",other
R09377,"There is a gas smell in the building, please check","Morningside Heights, Manhattan",other
R04456,No wayyy building falling,"Greenwich Village, Manhattan",collapse
R01926,"Edgewater Plaza, 6th floor Explosion","1 Edgewater Plaza, Staten Island, 6th floor, Room 7",explosion
R01178,Helpppp there is a huge explosion helpppp,"2 Penn Plaza, Midtown Manhattan, 4th floor, Room 2",explosion
R03110,"A vehicle crashed near Grand Concourse Tower, 1st floor, Room 307","861 Grand Concourse, The Bronx, 1st floor, Room 7",accident
R00562,Fireeeeee helppppppppp,"Morningside Heights, Manhattan",fire
R05217,SOS! BUILDING COLLAPSE! LOCATION SENT,"1 Edgewater Plaza, Staten Island, 6th floor, Room 6",collapse
R00886,"Edgewater Plaza, 3rd floor Room Room 4 FIREEEEEE HELP","1 Edgewater Plaza, Staten Island, 3rd floor, Room 4",fire
R04899,5th floor Penn Plaza Tower building collapsed I’m stuck please help,"2 Penn Plaza, Midtown Manhattan, 5th floor, Room 6",collapse
R01338,Helpppp there is a huge explosion helpppp,"432 Park Avenue, Midtown Manhattan, 5th floor, Room 1",explosion
R01959,"Huge explosion at Midtown Tower, smoke everywhere pls","Washington Heights, Manhattan",explosion
R03990,Hospital emergency. Help!!,"432 Park Avenue, Midtown Manhattan, 4th floor, Room 4",medical
R03030,"Accident!!! people hurt, call ambulance","111 Eighth Avenue, Chelsea, Manhattan, 8th floor, Room 9",accident
R06822,Am I that unlucky,"2 Penn Plaza, Midtown Manhattan, 1st floor, Room 6",crime
R03716,"I think I'm dying, please help","Flushing, Queens",medical
R02368,A vehicle crashed near Midtown Tower 1st floor,"432 Park Avenue, Midtown Manhattan, 1st floor, Room 1",accident
R02332,Bike and car collided near LIC Plaza 2nd floor,"29-27 41st Avenue, Long Island City, 2nd floor, Room 5",accident
R08955,"Something unusual is happening near Astoria, Queens, please check","Astoria, Queens",other
R06819,"Robbery happening near LIC Plaza, send police","29-27 41st Avenue, Long Island City, 3rd floor, Room 9",crime
R01308,Explosion in building run away.....,"27-01 Queens Plaza North, Long Island City, 8th floor, Room 8",explosion
R05692,Move to safe area,"432 Park Avenue, Midtown Manhattan, 5th floor, Room 5",flood
R09778,A large tree has fallen across the road,"861 Grand Concourse, The Bronx, 8th floor, Room 11",other
R02527,"Someone got injured in a road accident at Atlantic Terminal, 7th floor Room 707","620 Atlantic Avenue, Brooklyn, 7th floor, Room 8",accident
R06179,Water everywhere helpppp me,"Morningside Heights, Manhattan",flood
R09491,"No electricity in Atlantic Terminal, please send maintenance","620 Atlantic Avenue, Brooklyn, 4th floor, Room 1",other
R07651,"Bomb blast Riverdale, The Bronx. Save me 😭","Riverdale, The Bronx",crime
R09512,Help mee,"88 Wall Street, Financial District, Manhattan, 5th floor, Room 9",other
R03762,Urgent help needed hereee!!,"450 West 33rd Street, Chelsea, Manhattan, 6th floor, Room 7",medical
R03618,"Someone needs urgent medical help at Midtown Tower, 2nd floor, Room 202","432 Park Avenue, Midtown Manhattan, 2nd floor, Room 2",medical
R05430,ground floor Atlantic Terminal building collapsed I’m stuck please help,"620 Atlantic Avenue, Brooklyn, ground floor, Room 7",collapse
R05953,Flood. Help ..,"450 West 33rd Street, Chelsea, Manhattan, 8th floor, Room 8",flood
R04248,Call hospital fast pls,"Bushwick, Brooklyn",medical
R01421,Helpppp there is a huge explosion helpppp,"Sunset Park, Brooklyn",explosion
R09734,The lift has stopped working. Save me!,"29-27 41st Avenue, Long Island City, 1st floor, Room 1",other
R06173,TAKE HIGH GROUND flood,"1 Edgewater Plaza, Staten Island, 7th floor, Room 6",flood
R04061,Call doctor and ask for help,"88 Wall Street, Financial District, Manhattan, 3rd floor, Room 6",medical
R02267,"Car accident, people are injured, send help","27-01 Queens Plaza North, Long Island City, 6th floor, Room 1",accident
R04472,No wayyy building falling ...,"450 West 33rd Street, Chelsea, Manhattan, 3rd floor, Room 5",collapse
R00042,FIREEEEEE HELPPPPPPPP USSS OUTTTTTTTT. Atlantic Terminal !!!,"620 Atlantic Avenue, Brooklyn, 5th floor, Room 7",fire
R05680,Please evacuate the lower floors of Grand Concourse Tower as soon as possible,"Flushing, Queens",flood
R03460,Call an ambulance! Call an ambulance!,"620 Atlantic Avenue, Brooklyn, 5th floor, Room 9",medical
R06976,Call the emergency helpline number!,"15 MetroTech Center, Downtown Brooklyn, 4th floor, Room 2",crime
R09466,Gas leakage here don't switch bulb on,"450 West 33rd Street, Chelsea, Manhattan, 4th floor, Room 11",other
R07350,Call the police right now!!,"Riverdale, The Bronx",crime
R03736,Call ambulance,"300 Ashland Place, Downtown Brooklyn, 3rd floor, Room 7",medical
R02710,"Someone got injured in a road accident at Wall Street Tower, 8th floor Room Room 2","Astoria, Queens",accident
R05561,"Water level rising rapidly near Greenwich Village, Manhattan","1 Edgewater Plaza, Staten Island, 5th floor, Room 5",flood
R05415,7th floor Eighth Avenue Tower building collapsed I’m stuck please help,"111 Eighth Avenue, Chelsea, Manhattan, 7th floor, Room 1",collapse
R00440,"Fire on 7th floor Atlantic Terminal, please send help immediately","620 Atlantic Avenue, Brooklyn, 7th floor, Room 3",fire
R05791,Water everywhere help me pls,"Park Slope, Brooklyn",flood
R04313,Call hospital fast pls,"Riverdale, The Bronx",medical
R02555,"Crash happened outside Penn Plaza Tower, send medical team ...","2 Penn Plaza, Midtown Manhattan, 7th floor, Room 9",accident
R07544,Bomb blast MetroTech Center 1st floor. Save me,"15 MetroTech Center, Downtown Brooklyn, 1st floor, Room 2",crime
R05640,"Water level rising rapidly near Riverdale, The Bronx","Chinatown, Manhattan",flood
R05586,"Water level rising rapidly near Flushing, Queens","300 Ashland Place, Downtown Brooklyn, 6th floor, Room 7",flood
R05819,Helpppp i am drowning helpppp,"27-01 Queens Plaza North, Long Island City, 7th floor, Room 1",flood
R01535,Something exploded we need to run,"Flushing, Queens",explosion
R06887,Am I that unlucky,"88 Wall Street, Financial District, Manhattan, ground floor, Room 4",crime
R00617,MetroTech Center: help mee fire fire fire,"15 MetroTech Center, Downtown Brooklyn, 5th floor, Room 5",fire
R09195,"There is a gas smell in the building, pls check","88 Wall Street, Financial District, Manhattan, ground floor, Room 4",other
R00958,THIS IS NOT A DRILL. THERE'S A FIRE IN THE BUILDING. SEND HELP!,"88 Wall Street, Financial District, Manhattan, 3rd floor, Room 11",fire
R07407,I am in dangerrr idk what to do!!!,"29-27 41st Avenue, Long Island City, 1st floor, Room 1",crime
R05274,this builidng is collapsing ... send help,"Riverdale, The Bronx",collapse
R09267,"In case of gas leak, don't switch on the bulb","Chinatown, Manhattan",other
R04282,Urgent help needed hereee!! ...,"450 West 33rd Street, Chelsea, Manhattan, 1st floor, Room 11",medical
R04490,Oh no! The building! It's falling!,"Bushwick, Brooklyn",collapse
R03531,Hospital emergency. Help,"Washington Heights, Manhattan",medical
R03671,Doctor where is he,"620 Atlantic Avenue, Brooklyn, 5th floor, Room 4",medical
R05873,"Flood, I am stuck, save me!","15 MetroTech Center, Downtown Brooklyn, 8th floor, Room 2",flood
R00906,AHHHHHHHH,"2 Penn Plaza, Midtown Manhattan, 2nd floor, Room 5",fire
R05667,Water everywhere help me,"111 Eighth Avenue, Chelsea, Manhattan, 1st floor, Room 2",flood
R05213,"Someone get me out, building collapsed!!","861 Grand Concourse, The Bronx, 3rd floor, Room 3",collapse
R01239,908! Fire!!!!! blast Ashland Place Tower 4th floor,"Riverdale, The Bronx",explosion
R02950,A person got hit by a vehicle near Wall Street Tower Room 12,"88 Wall Street, Financial District, Manhattan, 4th floor, Room 2",accident
R05165,Leave the building quickly,"300 Ashland Place, Downtown Brooklyn, 3rd floor, Room 4",collapse
R01789,"Huge explosion at Ashland Place Tower, smoke everywhere","300 Ashland Place, Downtown Brooklyn, ground floor, Room 2",explosion
R02190,Loud sound. Was that a bomb?,"Chinatown, Manhattan",explosion
R00722,bro fire 3rd floor,"Astoria, Queens",fire
R02677,"Car accident, people are injured, send help","27-01 Queens Plaza North, Long Island City, ground floor, Room 1",accident
R09556,The lift has stopped working. Save me!,"27-01 Queens Plaza North, Long Island City, 3rd floor, Room 3",other
R06883,"Help, there is a robbery happening at the bank on Main Road, please contact the police. ASAP!!","Sunset Park, Brooklyn",crime
R05401,Oh no! The building! It's falling!!!!,"Greenwich Village, Manhattan",collapse
R00241,"FIRE. HELP!!!!! Riverdale, The Bronx","Riverdale, The Bronx",fire
R03139,"Major accident at Midtown Tower, 8th floor Room 808, need help","432 Park Avenue, Midtown Manhattan, 8th floor, Room 8",accident
R03340,Hospital emergency. Help,"Bushwick, Brooklyn",medical
R08895,Run for your life,"Riverdale, The Bronx",other
R04140,"Open wound, and concussion emergency first aid and ambulance required ASAP!","Washington Heights, Manhattan",medical
R00779,Fire save me,"15 MetroTech Center, Downtown Brooklyn, 3rd floor, Room 3",fire
R01019,Fire save me,"2 Penn Plaza, Midtown Manhattan, 7th floor, Room 9",fire
R00313,THIS IS NOT A DRILL. THERE'S A FIRE IN THE BUILDING. SEND HELP!,"Flushing, Queens",fire
R03280,"bike hit someone at Greenwich Village, Manhattan, please send help","Greenwich Village, Manhattan",accident
R09072,"There is a gas smell in the building, please check ASAP!!","Sunset Park, Brooklyn",other
R09047,"Emergency situation at LIC Plaza, ground floor, please send help!!","29-27 41st Avenue, Long Island City, ground floor, Room 12",other
R04988,Run,"15 MetroTech Center, Downtown Brooklyn, 4th floor, Room 4",collapse
R07039,police come fast,"Bushwick, Brooklyn",crime
R04790,Hellllppppppp!!!! This building is falling!!,"Sunset Park, Brooklyn",collapse
R01034,Fire at Atlantic Terminal first floor.... Come quickly,"620 Atlantic Avenue, Brooklyn, 2nd floor, Room 2",fire
R02286,"A person got hit by a vehicle near Washington Heights, Manhattan","Washington Heights, Manhattan",accident
R03497,"I have a medical emergency at Grand Concourse Tower, 8th floor Room 808","861 Grand Concourse, The Bronx, 8th floor, Room 8",medical
R01060,"Fire on ground floor Edgewater Plaza, please send help immediately","1 Edgewater Plaza, Staten Island, ground floor, Room 6",fire
R07452,"Crime happening here, need police immediately","Riverdale, The Bronx",crime
R04838,Oh no! The building! It's falling!,"2 Penn Plaza, Midtown Manhattan, 1st floor, Room 1",collapse
R04350,Call 108 fasttttt there is an emergency,"Washington Heights, Manhattan",medical
R00538,Save me I am trapped in fire,"861 Grand Concourse, The Bronx, 3rd floor, Room 8",fire
R02327,"Crash happened outside LIC Plaza, send medical team!!!","Chinatown, Manhattan",accident
R01500,Something exploded we need to run,"Astoria, Queens",explosion
R04266,Save meeeee save meeeee injured injured,"Greenwich Village, Manhattan",medical
R01277,"EXPLOSION 6th floor, Edgewater Plaza, HELP MEEE!","Greenwich Village, Manhattan",explosion
R00054,Fire at Penn Plaza Tower first floor.... Come quickly,"Sunset Park, Brooklyn",fire
R04661,"Part of the building has collapsed at Edgewater Plaza, and students may need rescue.","1 Edgewater Plaza, Staten Island, 1st floor, Room 1",collapse
R05229,"Building collapsed of Wall Street Tower, need help","88 Wall Street, Financial District, Manhattan, 5th floor, Room 10",collapse
R01188,"Explosion help , 4th floor Eighth Avenue Tower","Riverdale, The Bronx",explosion
R09722,Help mee,"Sunset Park, Brooklyn",other
R04231,Call hospital fast pls ASAP!!,"Park Slope, Brooklyn",medical
R02629,"Auto accident at Midtown Tower, 3rd floor Room 309, please help","Washington Heights, Manhattan",accident
R06423,Water everywhere help me,"27-01 Queens Plaza North, Long Island City, 7th floor, Room 4",flood
R09967,"In case of gas leak, don't switch on the bulb","Park Slope, Brooklyn",other
R04241,Call hospital fast pls,"Riverdale, The Bronx",medical
R02910,"Major accident at LIC Plaza, 3rd floor, need help","29-27 41st Avenue, Long Island City, 3rd floor, Room 7",accident
R04323,"I think I'm dying, please help","111 Eighth Avenue, Chelsea, Manhattan, 1st floor, Room 2",medical
R01621,Explosion in building run away.....,"432 Park Avenue, Midtown Manhattan, ground floor, Room 2",explosion
R08905,"Emergency situation, please send help immediately ASAP!!","Flushing, Queens",other
R05234,Leave the building quickly,"15 MetroTech Center, Downtown Brooklyn, ground floor, Room 3",collapse
R00550,Help there is fire in Wall Street Tower 4th floor help,"88 Wall Street, Financial District, Manhattan, 4th floor, Room 4",fire
R05462,Grand Concourse Tower under shreds! Building collapse,"861 Grand Concourse, The Bronx, 8th floor, Room 2",collapse
R01514,There has been an explosion in Queens Plaza Complex there fire everywhere help 😭,"Chinatown, Manhattan",explosion
R07243,A person with a weapon is causing danger at Chelsea Heights 505,"450 West 33rd Street, Chelsea, Manhattan, 5th floor, Room 5",crime
R04751,Building collapsing run run,"27-01 Queens Plaza North, Long Island City, 6th floor, Room 5",collapse
R02380,"Car accident, people are injured, send help","Morningside Heights, Manhattan",accident
R06564,Savee me from the floodd,"27-01 Queens Plaza North, Long Island City, 3rd floor, Room 3",flood
R04267,"Open wound, and concussion emergency first aid and ambulance required ASAP!","450 West 33rd Street, Chelsea, Manhattan, 8th floor, Room 1",medical
R02761,"Auto accident at Wall Street Tower, ground floor Room Room 9, please helpppp","88 Wall Street, Financial District, Manhattan, ground floor, Room 9",accident
R03778,Call hospital fast pls,"861 Grand Concourse, The Bronx, 6th floor, Room 8",medical
R05621,Flood. Help ..,"1 Edgewater Plaza, Staten Island, 1st floor, Room 1",flood
R03619,"Call 108 LIC Plaza, 3rd floor send guys","29-27 41st Avenue, Long Island City, 3rd floor, Room 8",medical
R00571,FIRE. HELP!!!!! MetroTech Center 407!!,"15 MetroTech Center, Downtown Brooklyn, 5th floor, Room 5",fire
R06170,Water everywhere help me,"88 Wall Street, Financial District, Manhattan, 7th floor, Room 3",flood
R09427,Water pipe burst near Wall Street Tower,"88 Wall Street, Financial District, Manhattan, 6th floor, Room 8",other
R07494,"Something serious is happening here, hurry","Washington Heights, Manhattan",crime
R01727,Something exploded we need to run,"1 Edgewater Plaza, Staten Island, 4th floor, Room 2",explosion
R03126,"A person got hit by a vehicle near Midtown Tower, 2nd floor Room Room 1!!","432 Park Avenue, Midtown Manhattan, 2nd floor, Room 1",accident
R01405,"Quickly save us from explosion, 4th floor, Atlantic Terminal","620 Atlantic Avenue, Brooklyn, 4th floor, Room 4",explosion
R07469,Call the police right now!!,"Morningside Heights, Manhattan",crime
R00840,Fire save me,"Chinatown, Manhattan",fire
R09290,"Street light is not working near Washington Heights, Manhattan","27-01 Queens Plaza North, Long Island City, 8th floor, Room 6",other
R04037,Save meeeee save meeeee injured injured,"29-27 41st Avenue, Long Island City, 7th floor, Room 7",medical
R06977,Somebody please call 112 there is a crime going on,"432 Park Avenue, Midtown Manhattan, 1st floor, Room 2",crime
R07493,"Bank robbery, help, 8th floor Chelsea Heights","450 West 33rd Street, Chelsea, Manhattan, 8th floor, Room 8",crime
R04041,Hospital!!! Emergency! Cash! Vehicle needed,"Greenwich Village, Manhattan",medical
R04811,Leave the building quickly,"620 Atlantic Avenue, Brooklyn, 5th floor, Room 12",collapse
R05248,"The roof just collapsed at Ashland Place Tower, people are trapped","Riverdale, The Bronx",collapse
R07345,"Gunmen in. Ashland Place Tower main office, need immediate hlp","300 Ashland Place, Downtown Brooklyn, 8th floor, Room 2",crime
R02752,"Vehicle overturned near Grand Concourse Tower, need rescue","861 Grand Concourse, The Bronx, 5th floor, Room 4",accident
R05861,TAKE HIGH GROUND flood,"Chinatown, Manhattan",flood
R00675,Fire at Edgewater Plaza first floor.... Come quickly,"1 Edgewater Plaza, Staten Island, 8th floor, Room 9",fire
R05622,Savee me from the floodd,"Park Slope, Brooklyn",flood
R09140,Please send maintenance team to Eighth Avenue Tower,"111 Eighth Avenue, Chelsea, Manhattan, 1st floor, Room 6",other
R05608,TAKE HIGH GROUND flood,"1 Edgewater Plaza, Staten Island, ground floor, Room 5",flood
R09456,Gas leakage here don't switch bulb on,"620 Atlantic Avenue, Brooklyn, 4th floor, Room 9",other
R03151,"Major accident at Edgewater Plaza 7th floor, need help","1 Edgewater Plaza, Staten Island, 7th floor, Room 2",accident
R02537,"Accident!!! people hurt, call ambulance","Bushwick, Brooklyn",accident
R01233,BLAST. HELP ME!!!! In Edgewater Plaza 808!!,"1 Edgewater Plaza, Staten Island, 8th floor, Room 8",explosion
R04415,Call hospital fast pls,"2 Penn Plaza, Midtown Manhattan, 2nd floor, Room 8",medical
R01171,808! Fire!!!!! blast Atlantic Terminal 8th floor,"620 Atlantic Avenue, Brooklyn, 8th floor, Room 8",explosion
R03799,Save meeeee save meeeee injured injured!!!,"111 Eighth Avenue, Chelsea, Manhattan, 4th floor, Room 8",medical
R09749,"Something unusual is happening near MetroTech Center, 8th floor, please check","15 MetroTech Center, Downtown Brooklyn, 8th floor, Room 6",other
R06649,flood has come,"Flushing, Queens",flood
R00115,Fire save me pls,"Bushwick, Brooklyn",fire
R07666,"Crime happening here, need police immediately","29-27 41st Avenue, Long Island City, ground floor, Room 2",crime
R08989,Gas leakage here don't switch bulb on,"29-27 41st Avenue, Long Island City, 7th floor, Room 2",other
R02475,Bike and car collided near Atlantic Terminal ground floor,"620 Atlantic Avenue, Brooklyn, ground floor, Room 7",accident
R06763,Call the police right now!!,"15 MetroTech Center, Downtown Brooklyn, 6th floor, Room 6",crime
R06460,"Water level rising rapidly near Morningside Heights, Manhattan 😭","15 MetroTech Center, Downtown Brooklyn, ground floor, Room 5",flood
R04694,this builidng is collapsing ... send helpppp,"861 Grand Concourse, The Bronx, 7th floor, Room 3",collapse
R05317,Oh no! The building! It's falling!,"432 Park Avenue, Midtown Manhattan, 8th floor, Room 2",collapse
R02497,Accident hereeee help fast,"1 Edgewater Plaza, Staten Island, 8th floor, Room 2",accident
R09418,"The lift stopped suddenly, people are inside","1 Edgewater Plaza, Staten Island, 1st floor, Room 2",other
R02142,Loud sound. Was that a bomb?,"Riverdale, The Bronx",explosion
R04264,Please send an ambulance to Queens Plaza Complex 6th floor,"27-01 Queens Plaza North, Long Island City, 6th floor, Room 6",medical
R02312,"Vehicle overturned near LIC Plaza, need rescue","29-27 41st Avenue, Long Island City, 6th floor, Room 9",accident
R05995,Blub blub blub,"300 Ashland Place, Downtown Brooklyn, 5th floor, Room 8",flood
R07761,"Crime happening here, need police immediately","Riverdale, The Bronx",crime
R07292,"A person with a weapon is causing danger at Eighth Avenue Tower, ground floor Room Room 9","111 Eighth Avenue, Chelsea, Manhattan, ground floor, Room 9",crime
R09056,"There is a gas smell in the building, please check ...","620 Atlantic Avenue, Brooklyn, 2nd floor, Room 1",other
R00890,LIC Plaza 7th floor is on flames.. send help ASAP 😭,"29-27 41st Avenue, Long Island City, 7th floor, Room 7",fire
R04068,Hospital emergency. Help,"861 Grand Concourse, The Bronx, 7th floor, Room 7",medical
R03276,"Crash happened outside Ashland Place Tower, send medical team","300 Ashland Place, Downtown Brooklyn, 4th floor, Room 1",accident
R05913,Let's move to the higher ground.,"432 Park Avenue, Midtown Manhattan, 3rd floor, Room 4",flood
R01222,"Explosion at 4th floor, Wall Street Tower Save!!!","88 Wall Street, Financial District, Manhattan, 4th floor, Room 5",explosion
R07279,"Robbery happening near LIC Plaza, send police","Bushwick, Brooklyn",crime
R06717,"Gunmen in. LIC Plaza main office, need immediate hlp","29-27 41st Avenue, Long Island City, 5th floor, Room 9",crime
R00410,Fire at Wall Street Tower first floor.... Come quickly,"88 Wall Street, Financial District, Manhattan, 7th floor, Room 2",fire
R09702,"No electricity in Queens Plaza Complex, please send maintenance","27-01 Queens Plaza North, Long Island City, 4th floor, Room 7",other
R05805,Savee me from the floodd,"29-27 41st Avenue, Long Island City, ground floor, Room 2",flood
R05474,No wayyy building falling,"620 Atlantic Avenue, Brooklyn, 3rd floor, Room 3",collapse
R03461,Call ambulance 😭,"15 MetroTech Center, Downtown Brooklyn, 6th floor, Room 6",medical
R04066,Call hospital fast pls,"300 Ashland Place, Downtown Brooklyn, 1st floor, Room 1",medical
R00643,FIREEEEEE HELPPPPPPPP USSS OUTTTTTTTT. Midtown Tower !!!,"Astoria, Queens",fire
R08939,Run for your life,"Astoria, Queens",other
R02692,"Two vehicles collided, Grand Concourse Tower 506","861 Grand Concourse, The Bronx, 1st floor, Room 5",accident
R00672,Save me I am trapped in fire 😭,"432 Park Avenue, Midtown Manhattan, 5th floor, Room 1",fire
R06076,TAKE HIGH GROUND flood,"1 Edgewater Plaza, Staten Island, 4th floor, Room 4",flood
R04667,Building collapsing run run,"300 Ashland Place, Downtown Brooklyn, 4th floor, Room 5",collapse
R00024,THIS IS NOT A DRILL. THERE'S A FIRE IN THE BUILDING. SEND HELP!,"15 MetroTech Center, Downtown Brooklyn, ground floor, Room 1",fire
R07487,"Robbery happening near LIC Plaza, send police","29-27 41st Avenue, Long Island City, 4th floor, Room 8",crime
R06927,Call police come fast,"861 Grand Concourse, The Bronx, ground floor, Room 4",crime
R00561,bro fire 6th floor,"450 West 33rd Street, Chelsea, Manhattan, 6th floor, Room 1",fire
R09830,Power is gone and people are stuck in the lift,"450 West 33rd Street, Chelsea, Manhattan, 7th floor, Room 3",other
R00594,Stay away there's a fire!!,"620 Atlantic Avenue, Brooklyn, ground floor, Room 7",fire
R00535,Wall Street Tower: help mee fire fire fire,"88 Wall Street, Financial District, Manhattan, 6th floor, Room 8",fire
R04464,Run,"Chinatown, Manhattan",collapse
R07570,"Gunmen in. Eighth Avenue Tower main office, need immediate hlp!!","111 Eighth Avenue, Chelsea, Manhattan, 7th floor, Room 7",crime
R02219,"Huge explosion at Midtown Tower, smoke everywhere","Morningside Heights, Manhattan",explosion
R05068,Oh no! The building! It's falling!,"432 Park Avenue, Midtown Manhattan, 2nd floor, Room 2",collapse
R01157,"Huge explosion at MetroTech Center, smoke everywhere!!!","15 MetroTech Center, Downtown Brooklyn, 6th floor, Room 6",explosion
R09792,"Emergency situation, please send help immediately","27-01 Queens Plaza North, Long Island City, 4th floor, Room 2",other
R03080,"A vehicle crashed near Eighth Avenue Tower, ground floor Room 909","111 Eighth Avenue, Chelsea, Manhattan, ground floor, Room 9",accident
R02058,"Quickly save us from explosion, 6th floor, Ashland Place Tower","300 Ashland Place, Downtown Brooklyn, 6th floor, Room 3",explosion
R01844,"Midtown Tower, 3rd floor Room 902 Explosion","432 Park Avenue, Midtown Manhattan, 3rd floor, Room 2",explosion
R07684,"Help me.. there's robbery near Astoria, Queens.","1 Edgewater Plaza, Staten Island, 4th floor, Room 4",crime
R00678,Help!!!!! fire here,"29-27 41st Avenue, Long Island City, ground floor, Room 7",fire
R06365,Savee me from the floodd,"15 MetroTech Center, Downtown Brooklyn, 3rd floor, Room 3",flood
R03686,I need urgent medical help please,"300 Ashland Place, Downtown Brooklyn, 8th floor, Room 3",medical
R05783,Move to safe area,"Astoria, Queens",flood
R00559,Fireeeeee helpppppp,"111 Eighth Avenue, Chelsea, Manhattan, ground floor, Room 8",fire
R00557,Fire!! 1st floor Atlantic Terminal !!!! G00!! ASAP!!,"620 Atlantic Avenue, Brooklyn, ground floor, Room 6",fire
R03614,I need urgent medical help please,"27-01 Queens Plaza North, Long Island City, 4th floor, Room 4",medical
R00484,bro fire 8th floor,"Park Slope, Brooklyn",fire
R09769,Please send maintenance team to LIC Plaza,"29-27 41st Avenue, Long Island City, 3rd floor, Room 3",other
R02371,Accident hereeee help fast,"15 MetroTech Center, Downtown Brooklyn, ground floor, Room 2",accident
R00720,Call fire emergency,"300 Ashland Place, Downtown Brooklyn, 2nd floor, Room 4",fire
R07552,"Gunmen in. LIC Plaza main office, need immediate hlp ASAP!!","Sunset Park, Brooklyn",crime
R05237,"Someone get me out, building collapsed","111 Eighth Avenue, Chelsea, Manhattan, 1st floor, Room 6",collapse
R07636,"Crime happening here, need police immediately","2 Penn Plaza, Midtown Manhattan, 8th floor, Room 9",crime
R00266,"Oh no, fire has started","300 Ashland Place, Downtown Brooklyn, 6th floor, Room 5",fire
R01955,Loud sound. Was that a bomb?,"111 Eighth Avenue, Chelsea, Manhattan, 4th floor, Room 4",explosion
R04691,"Part of the building has collapsed at Ashland Place Tower, and students may need rescue.","300 Ashland Place, Downtown Brooklyn, 3rd floor, Room 2",collapse
R04327,Call 108 fasttttt there is an emergency ...,"Greenwich Village, Manhattan",medical
R03412,Urgent helpppp needed hereee!!,"300 Ashland Place, Downtown Brooklyn, 2nd floor, Room 5",medical
R04303,"SOS I am having an attack!!!! Atlantic Terminal, 1st floor Room 101","620 Atlantic Avenue, Brooklyn, 1st floor, Room 1",medical
R07453,Am I that unlucky,"300 Ashland Place, Downtown Brooklyn, 1st floor, Room 1",crime
R04945,Oh no! The building! It's falling!,"861 Grand Concourse, The Bronx, 3rd floor, Room 3",collapse
R06875,"Gunmen in. Atlantic Terminal main office, need immediate hlp","620 Atlantic Avenue, Brooklyn, ground floor, Room 5",crime
R04082,"Open wound, and concussion emergency first aid and ambulance required ASAP!","111 Eighth Avenue, Chelsea, Manhattan, 7th floor, Room 3",medical
R09452,Help mee!!,"Sunset Park, Brooklyn",other
R04435,Call ambulance,"Sunset Park, Brooklyn",medical
R04072,Call 108 fasttttt there is an emergency!!,"Bushwick, Brooklyn",medical
R09611,Gas leakage here don't switch bulb on,"450 West 33rd Street, Chelsea, Manhattan, 7th floor, Room 7",other
R06154,Get to higher ground now!!,"88 Wall Street, Financial District, Manhattan, 6th floor, Room 5",flood
R04146,Call doctor and ask for help,"29-27 41st Avenue, Long Island City, 4th floor, Room 6",medical
R00332,Fire save me,"29-27 41st Avenue, Long Island City, 4th floor, Room 2",fire
R07303,"Something serious is happening here, hurry","Park Slope, Brooklyn",crime
R07642,"there is a man with black mask and gun in the bank, pls help","450 West 33rd Street, Chelsea, Manhattan, 1st floor, Room 1",crime
R01883,Grand Concourse Tower: something exploded nearby help,"Greenwich Village, Manhattan",explosion
R09508,"Street light is not working near Washington Heights, Manhattan","Bushwick, Brooklyn",other
R07317,"Help, there is a robbery happening at the bank on Main Road, please contact the police.","Bushwick, Brooklyn",crime
R05323,this builidng is collapsing ... send help,"450 West 33rd Street, Chelsea, Manhattan, 1st floor, Room 4",collapse
R00025,AHHHHHHHH,"300 Ashland Place, Downtown Brooklyn, 5th floor, Room 2",fire
R01756,There has been an explosion in Midtown Tower there fire everywhere help,"432 Park Avenue, Midtown Manhattan, 8th floor, Room 8",explosion
R06956,"Bomb blast Eighth Avenue Tower, 7th floor Room 808. Save me","111 Eighth Avenue, Chelsea, Manhattan, 7th floor, Room 8",crime
R01752,Something just burst around me. Send rescue squad ASAP,"620 Atlantic Avenue, Brooklyn, 1st floor, Room 1",explosion
R09979,A large tree has fallen across the road 😭,"88 Wall Street, Financial District, Manhattan, 6th floor, Room 8",other
R05652,"The ground is flooded, send help, lifeboat and first aid ...","2 Penn Plaza, Midtown Manhattan, 6th floor, Room 1",flood
R02746,"Vehicle overturned near Chelsea Heights, need rescue","450 West 33rd Street, Chelsea, Manhattan, 6th floor, Room 11",accident
R00943,THIS IS NOT A DRILL. THERE'S A FIRE IN THE BUILDING. SEND HELP!,"Chinatown, Manhattan",fire
R06004,"Flood water is entering the ground floor of Penn Plaza Tower, please send help immediately","2 Penn Plaza, Midtown Manhattan, 1st floor, Room 1",flood
R06240,Flood. Help ..,"300 Ashland Place, Downtown Brooklyn, 2nd floor, Room 1",flood
R01715,BLAST. HELP ME!!!! In Atlantic Terminal 203,"Sunset Park, Brooklyn",explosion
R04400,Call hospital fast pls,"Astoria, Queens",medical
R08916,Gas leakage here don't switch bulb on ...,"2 Penn Plaza, Midtown Manhattan, 5th floor, Room 5",other
R04381,"I think I'm dying, please help","88 Wall Street, Financial District, Manhattan, 1st floor, Room 1",medical
R01444,"EXPLOSION 6th floor, Wall Street Tower, HELP MEEE!","88 Wall Street, Financial District, Manhattan, 6th floor, Room 6",explosion
R05268,Run,"Park Slope, Brooklyn",collapse
R07708,"A person with a weapon is causing danger at Wall Street Tower, ground floor Room 806","88 Wall Street, Financial District, Manhattan, ground floor, Room 6",crime
R09471,Run for your life,"15 MetroTech Center, Downtown Brooklyn, 4th floor, Room 4",other
R02675,"Vehicle overturned near Atlantic Terminal, need rescue","620 Atlantic Avenue, Brooklyn, 4th floor, Room 3",accident
R06882,Call police come fast,"450 West 33rd Street, Chelsea, Manhattan, 3rd floor, Room 3",crime
R00819,Firee fireee at Edgewater Plaza saveee mee,"Chinatown, Manhattan",fire
R06235,Flood. Help .. ...,"88 Wall Street, Financial District, Manhattan, 3rd floor, Room 7",flood
R03906,Save meeeee save meeeee injured injured,"27-01 Queens Plaza North, Long Island City, 3rd floor, Room 7",medical
R04708,this builidng is collapsing ... send help,"1 Edgewater Plaza, Staten Island, 8th floor, Room 8",collapse
R05626,Blub blub blub,"432 Park Avenue, Midtown Manhattan, 2nd floor, Room 2",flood
R04135,Doctor where is he,"Sunset Park, Brooklyn",medical
R09880,Please send maintenance team to Eighth Avenue Tower,"Washington Heights, Manhattan",other
R05061,8th floor Queens Plaza Complex building collapsed I’m stuck please help,"27-01 Queens Plaza North, Long Island City, 8th floor, Room 9",collapse
R03093,Bike and car collided near Penn Plaza Tower 3rd floor,"2 Penn Plaza, Midtown Manhattan, 3rd floor, Room 3",accident
R02733,"Someone got injured in a road accident at Eighth Avenue Tower, ground floor Room G00","Morningside Heights, Manhattan",accident
R01098,Fire at Penn Plaza Tower first floor.... Come quickly,"Astoria, Queens",fire
R09080,Please send maintenance team to Eighth Avenue Tower,"111 Eighth Avenue, Chelsea, Manhattan, 7th floor, Room 1",other
R00235,"Fire on 1st floor Wall Street Tower, please send help immediately","88 Wall Street, Financial District, Manhattan, 1st floor, Room 5",fire
R06895,"Bomb blast MetroTech Center, 8th floor Room Room 7. Save me","15 MetroTech Center, Downtown Brooklyn, 8th floor, Room 7",crime
R01353,"BLAST. HELP ME!!!! In Morningside Heights, Manhattan","Morningside Heights, Manhattan",explosion
R02005,It will blasttt,"15 MetroTech Center, Downtown Brooklyn, 3rd floor, Room 2",explosion
R07623,"Gunmen in. Wall Street Tower main office, need immediate hlp","88 Wall Street, Financial District, Manhattan, 1st floor, Room 1",crime
R09451,"In case of gas leak, don't switch on the bulb pls","Park Slope, Brooklyn",other
R00272,Save me I am trapped in fire,"2 Penn Plaza, Midtown Manhattan, 6th floor, Room 7",fire
R03018,"Two vehicles collided, Eighth Avenue Tower 106","111 Eighth Avenue, Chelsea, Manhattan, 5th floor, Room 6",accident
R02244,"Accident!!! people hurt, call ambulance","432 Park Avenue, Midtown Manhattan, 6th floor, Room 8",accident
R06825,Call the police right now!!,"432 Park Avenue, Midtown Manhattan, 7th floor, Room 5",crime
R01018,Help!!!!! fire here,"1 Edgewater Plaza, Staten Island, 2nd floor, Room 11",fire
R03641,Call doctor and ask for help,"432 Park Avenue, Midtown Manhattan, 5th floor, Room 7",medical
R00107,Help!!!!! firee here,"300 Ashland Place, Downtown Brooklyn, 5th floor, Room 12",fire
R00292,Atlantic Terminal 304 FIREEEEEE HELP,"620 Atlantic Avenue, Brooklyn, 8th floor, Room 5",fire
R06073,Please evacuate the lower floors of Penn Plaza Tower as soon as possible,"2 Penn Plaza, Midtown Manhattan, 7th floor, Room 3",flood
R06783,"Bank robbery, help, 8th floor MetroTech Center","15 MetroTech Center, Downtown Brooklyn, 8th floor, Room 4",crime
R05497,No wayyy building falling,"2 Penn Plaza, Midtown Manhattan, 7th floor, Room 7",collapse
R09206,Water pipe burst near Wall Street Tower,"Riverdale, The Bronx",other
R06465,flood has come,"300 Ashland Place, Downtown Brooklyn, 3rd floor, Room 6",flood
R01451,Shit!! huge blast,"432 Park Avenue, Midtown Manhattan, ground floor, Room 9",explosion
R04981,1st floor Queens Plaza Complex building collapsed I’m stuck please helpppp,"27-01 Queens Plaza North, Long Island City, 1st floor, Room 2",collapse
R03775,Doctor where is he,"Sunset Park, Brooklyn",medical
R09014,"Street light is not working near Riverdale, The Bronx","450 West 33rd Street, Chelsea, Manhattan, 5th floor, Room 5",other
R01298,Save us we are in Midtown Tower 1st floor,"432 Park Avenue, Midtown Manhattan, 1st floor, Room 1",explosion
R00031,Stay away there's a fire!!,"Flushing, Queens",fire
R04000,"I think I'm dying, please help pls","27-01 Queens Plaza North, Long Island City, ground floor, Room 5",medical
R03061,"Crash happened outside Wall Street Tower, send medical team 😭","88 Wall Street, Financial District, Manhattan, 4th floor, Room 4",accident
R06990,Call police come fast,"1 Edgewater Plaza, Staten Island, 2nd floor, Room 7",crime
R05649,HELP US!!! we are stuck in the flood prone area,"861 Grand Concourse, The Bronx, 5th floor, Room 3",flood
R06576,"Flood, I am stuck, save me!","432 Park Avenue, Midtown Manhattan, 3rd floor, Room 3",flood
R03654,Hospital!!! Emergency! Cash! Vehicle needed,"861 Grand Concourse, The Bronx, 1st floor, Room 7",medical
R01952,"Huge explosion at LIC Plaza, smoke everywhere","29-27 41st Avenue, Long Island City, 4th floor, Room 5",explosion
R05318,Leave the building quickly ASAP!!,"2 Penn Plaza, Midtown Manhattan, 4th floor, Room 3",collapse
R01007,FIRE. HELP!!!!! Midtown Tower Room 10,"Greenwich Village, Manhattan",fire
R05711,TAKE HIGH GROUND flood,"15 MetroTech Center, Downtown Brooklyn, 4th floor, Room 2",flood
R01696,"EXPLOSION 4th floor, Queens Plaza Complex, HELP MEEE!","Flushing, Queens",explosion
R07635,police come fast,"861 Grand Concourse, The Bronx, 6th floor, Room 6",crime
R06355,"The ground is flooded, send help, lifeboat and first aid","111 Eighth Avenue, Chelsea, Manhattan, 6th floor, Room 5",flood
R00337,"Fire on 8th floor Atlantic Terminal, please send help immediately","620 Atlantic Avenue, Brooklyn, 8th floor, Room 8",fire
R02465,"Crash happened outside Wall Street Tower, send medical team","88 Wall Street, Financial District, Manhattan, ground floor, Room 1",accident
R03948,"SOS I am having an attack!!!! Ashland Place Tower, 6th floor Room 606","300 Ashland Place, Downtown Brooklyn, 6th floor, Room 6",medical
R00698,Stay away there's a fire!!,"Chinatown, Manhattan",fire
R05642,Blub blub blub,"Riverdale, The Bronx",flood
R01123,There has been an explosion in Ashland Place Tower there fire everywhere help ASAP!!,"Astoria, Queens",explosion
R00065,Firee fireee at Wall Street Tower saveee mee ...,"88 Wall Street, Financial District, Manhattan, 8th floor, Room 5",fire
R01399,"Huge explosion at Midtown Tower, smoke everywhere!!","432 Park Avenue, Midtown Manhattan, ground floor, Room 8",explosion
R02526,"There has been an accident at LIC Plaza 7th floor, emergency help needed","Bushwick, Brooklyn",accident
R06114,HELP US!!! we are stuck in the flood prone area,"Chinatown, Manhattan",flood
R06344,Savee me from the floodd,"29-27 41st Avenue, Long Island City, 8th floor, Room 9",flood
R06038,Stuck in a flood 6th floor Atlantic Terminal,"620 Atlantic Avenue, Brooklyn, 6th floor, Room 2",flood
R06545,Please evacuate the lower floors of LIC Plaza as soon as possible,"Morningside Heights, Manhattan",flood
R06408,"The ground is flooded, send helpppp, lifeboat and first aid","450 West 33rd Street, Chelsea, Manhattan, 4th floor, Room 4",flood
R02794,"Crash happened outside LIC Plaza, send medical team","29-27 41st Avenue, Long Island City, 5th floor, Room 2",accident
R04484,Go run fast. the building is collapsing,"1 Edgewater Plaza, Staten Island, 2nd floor, Room 1",collapse
R03809,"I think I'm dying, please help","27-01 Queens Plaza North, Long Island City, 7th floor, Room 8",medical
R07553,"Bomb blast Penn Plaza Tower, 7th floor Room Room 9. Save me","2 Penn Plaza, Midtown Manhattan, 7th floor, Room 9",crime
R06266,Flood. Help ..,"Washington Heights, Manhattan",flood
R01163,There has been an explosion in Eighth Avenue Tower there fire everywhere help 😭,"Riverdale, The Bronx",explosion
R02968,"Two vehicles collided, Astoria, Queens","Astoria, Queens",accident
R00501,Fire at Eighth Avenue Tower first floor.... Come quickly,"111 Eighth Avenue, Chelsea, Manhattan, 2nd floor, Room 8",fire
R05130,Hellllppppppp!!!! This building is falling!!,"29-27 41st Avenue, Long Island City, 6th floor, Room 6",collapse
R09836,Lift is stuck between floors at Atlantic Terminal,"620 Atlantic Avenue, Brooklyn, 5th floor, Room 1",other
R06726,"Something serious is happening here, hurry","1 Edgewater Plaza, Staten Island, 7th floor, Room 8",crime
R09930,Run for your life,"27-01 Queens Plaza North, Long Island City, 5th floor, Room 7",other
R00009,Atlantic Terminal 809 FIREEEEEE HELP!!,"620 Atlantic Avenue, Brooklyn, 7th floor, Room 9",fire
R06680,"A person with a weapon is causing danger at Chelsea Heights, 6th floor Room 105","450 West 33rd Street, Chelsea, Manhattan, 6th floor, Room 9",crime
R09964,"There is a gas smell in the building, please check pls","861 Grand Concourse, The Bronx, 3rd floor, Room 3",other
R02695,"Two vehicles collided, Flushing, Queens","Flushing, Queens",accident
R02422,"Two vehicles collided, Edgewater Plaza, 3rd floor ...","1 Edgewater Plaza, Staten Island, 3rd floor, Room 11",accident
R04782,Leave the building quickly,"15 MetroTech Center, Downtown Brooklyn, 5th floor, Room 7",collapse
R06711,Bomb blast MetroTech Center 605. Save me,"15 MetroTech Center, Downtown Brooklyn, 8th floor, Room 5",crime
R02969,"Someone got injured in a road accident at Ashland Place Tower, 1st floor","300 Ashland Place, Downtown Brooklyn, 1st floor, Room 6",accident
R02338,"Traffic accident near Astoria, Queens, need immediate assistance","29-27 41st Avenue, Long Island City, 1st floor, Room 1",accident
R00527,Chelsea Heights: help mee fire fire fire,"450 West 33rd Street, Chelsea, Manhattan, 6th floor, Room 11",fire
R06732,"Help, there is a robbery happening at the bank on Main Road, please contact the police.","432 Park Avenue, Midtown Manhattan, 1st floor, Room 8",crime
R03513,"I have a medical emergency at Flushing, Queens","Flushing, Queens",medical
R03221,"Auto accident at Grand Concourse Tower, 2nd floor Room Room 9, please help","861 Grand Concourse, The Bronx, 2nd floor, Room 6",accident
R07520,"Gunmen in. MetroTech Center main office, need immediate hlp","15 MetroTech Center, Downtown Brooklyn, 1st floor, Room 1",crime
R05571,"Flood water is entering the ground floor of LIC Plaza, pls send help immediately","29-27 41st Avenue, Long Island City, ground floor, Room 4",flood
R01165,Shit!! huge blast,"861 Grand Concourse, The Bronx, 2nd floor, Room 9",explosion
R04843,"Building collapsed of Midtown Tower, need help","432 Park Avenue, Midtown Manhattan, 1st floor, Room 8",collapse
R09558,"No electricity in Midtown Tower, please send maintenance","432 Park Avenue, Midtown Manhattan, 7th floor, Room 7",other
R04693,Go run fast. the building is collapsing,"27-01 Queens Plaza North, Long Island City, 6th floor, Room 1",collapse
R05030,Building collapsing run run,"15 MetroTech Center, Downtown Brooklyn, 6th floor, Room 2",collapse
R00188,bro fire 3rd floor,"88 Wall Street, Financial District, Manhattan, 3rd floor, Room 2",fire
R06373,Water everywhere help me,"1 Edgewater Plaza, Staten Island, 5th floor, Room 5",flood
R04656,Go run fast. the building is collapsing,"861 Grand Concourse, The Bronx, ground floor, Room 1",collapse
R05848,"Flood, I am stuck, save me!","Morningside Heights, Manhattan",flood
R06831,"Help me.. there's robbery near Sunset Park, Brooklyn.","861 Grand Concourse, The Bronx, 5th floor, Room 2",crime
R09819,"There is a gas smell in the building, please check","Sunset Park, Brooklyn",other
R02691,Bike and car collided near Penn Plaza Tower 6th floor,"Riverdale, The Bronx",accident
R03701,"Open wound, and concussion emergency first aid and ambulance required ASAP!","111 Eighth Avenue, Chelsea, Manhattan, 3rd floor, Room 5",medical
R06091,flood has come,"111 Eighth Avenue, Chelsea, Manhattan, 6th floor, Room 3",flood
R09796,A large tree has fallen across the road,"Flushing, Queens",other
R04256,Call doctor and ask for help,"1 Edgewater Plaza, Staten Island, 5th floor, Room 8",medical
R04265,"Call 108 Penn Plaza Tower, 5th floor Room 902 send guys","2 Penn Plaza, Midtown Manhattan, 5th floor, Room 2",medical
R09189,"Street light is not working near Flushing, Queens ...","861 Grand Concourse, The Bronx, 5th floor, Room 5",other
R04423,Call hospital fast pls,"620 Atlantic Avenue, Brooklyn, 7th floor, Room 2",medical
R01882,"Grand Concourse Tower, 5th floor Room 505 Explosion","861 Grand Concourse, The Bronx, 5th floor, Room 5",explosion
R05133,Run under the table,"29-27 41st Avenue, Long Island City, 3rd floor, Room 9",collapse
R03225,"Accident!!! people hurt, call ambulance","861 Grand Concourse, The Bronx, 6th floor, Room 10",accident
R05679,Move to safe area,"1 Edgewater Plaza, Staten Island, 7th floor, Room 4",flood
R02878,"Car accident, people are injured, send helpppp","300 Ashland Place, Downtown Brooklyn, 8th floor, Room 11",accident
R04833,The building has collapsed. Save me!!!,"Chinatown, Manhattan",collapse
R07619,"Something serious is happening here, hurry","450 West 33rd Street, Chelsea, Manhattan, 2nd floor, Room 7",crime
R02917,Bike and car collided near Atlantic Terminal 6th floor 😭,"Greenwich Village, Manhattan",accident
R02879,"A vehicle crashed near Penn Plaza Tower, 7th floor, Room 507","2 Penn Plaza, Midtown Manhattan, 7th floor, Room 7",accident
R06542,TAKE HIGH GROUND flood,"620 Atlantic Avenue, Brooklyn, 7th floor, Room 7",flood
R07568,"Armed robbery happening right now at the bank, call the police","111 Eighth Avenue, Chelsea, Manhattan, 6th floor, Room 6",crime
R04084,"Someone needs urgent medical helpppp at Chelsea Heights, 4th floor Room 404","450 West 33rd Street, Chelsea, Manhattan, 4th floor, Room 4",medical
R02505,Accident hereeee helpppp fast,"300 Ashland Place, Downtown Brooklyn, 1st floor, Room 10",accident
R08960,Power is gone and people are stuck in the lift,"29-27 41st Avenue, Long Island City, 6th floor, Room 1",other
R03805,Save meeeee save meeeee injured injured,"1 Edgewater Plaza, Staten Island, 4th floor, Room 4",medical
R06688,Call the police right now!! pls,"620 Atlantic Avenue, Brooklyn, 3rd floor, Room 5",crime
R07028,"Catch the criminal, close the gates","432 Park Avenue, Midtown Manhattan, 7th floor, Room 2",crime
R06804,"Something serious is happening here, hurry","88 Wall Street, Financial District, Manhattan, 3rd floor, Room 3",crime
R03891,I need urgent medical help please,"1 Edgewater Plaza, Staten Island, 7th floor, Room 7",medical
R07756,Call the police right now!!,"Sunset Park, Brooklyn",crime
R09091,Lift is stuck between floors at Atlantic Terminal ...,"Chinatown, Manhattan",other
R05654,Savee me from the floodd,"27-01 Queens Plaza North, Long Island City, 5th floor, Room 6",flood
R03977,"Call 108 Morningside Heights, Manhattan send guys","Morningside Heights, Manhattan",medical
R05172,this builidng is collapsing ... send help 😭,"300 Ashland Place, Downtown Brooklyn, 6th floor, Room 1",collapse
R06404,Get to higher ground now!! ASAP!!,"Washington Heights, Manhattan",flood
R01632,Helpppp there is a huge explosion helpppp,"450 West 33rd Street, Chelsea, Manhattan, 5th floor, Room 1",explosion
R09940,"Emergency situation at Edgewater Plaza, 4th floor, Room 408, please send help","1 Edgewater Plaza, Staten Island, 4th floor, Room 8",other
R00794,AHHHHHHHH,"432 Park Avenue, Midtown Manhattan, 5th floor, Room 8",fire
R02610,"There has been an accident at Atlantic Terminal 8th floor, emergency help needed","Park Slope, Brooklyn",accident
R09357,Help mee,"111 Eighth Avenue, Chelsea, Manhattan, 4th floor, Room 4",other
R01059,FIREEEEEE HELPPPPPPPP USSS OUTTTTTTTT. LIC Plaza !!!,"29-27 41st Avenue, Long Island City, 7th floor, Room 7",fire
R04908,Go run fast. the building is collapsing,"1 Edgewater Plaza, Staten Island, 2nd floor, Room 2",collapse
R00652,Save me I am trapped in fire,"15 MetroTech Center, Downtown Brooklyn, 6th floor, Room 4",fire
R04775,Hellllppppppp!!!! This building is falling!!,"861 Grand Concourse, The Bronx, 7th floor, Room 11",collapse
R07733,Call police come fast,"88 Wall Street, Financial District, Manhattan, 7th floor, Room 7",crime
R09993,Water pipe burst near Wall Street Tower,"88 Wall Street, Financial District, Manhattan, 2nd floor, Room 7",other
R04523,Go run fast. the building is collapsing,"Flushing, Queens",collapse
R01893,"Edgewater Plaza, 1st floor Room 101 Explosion","1 Edgewater Plaza, Staten Island, 1st floor, Room 1",explosion
R02729,Accident hereeee help fast,"29-27 41st Avenue, Long Island City, 1st floor, Room 7",accident
R06567,Stuck in a flood 6th floor Eighth Avenue Tower,"Greenwich Village, Manhattan",flood
R07646,"A person with a weapon is causing danger at Grand Concourse Tower, ground floor Room 301","861 Grand Concourse, The Bronx, ground floor, Room 1",crime
R05348,Run!!,"29-27 41st Avenue, Long Island City, 3rd floor, Room 1",collapse
R03864,Hospital!!! Emergency! Cash! Vehicle needed!!!,"1 Edgewater Plaza, Staten Island, 5th floor, Room 2",medical
R03229,"Vehicle overturned near LIC Plaza, need rescue","29-27 41st Avenue, Long Island City, 5th floor, Room 2",accident
R03435,Helpp it's medical emergency,"88 Wall Street, Financial District, Manhattan, 7th floor, Room 4",medical
R02976,"Major accident at Wall Street Tower, 8th floor, Room 508, need help","88 Wall Street, Financial District, Manhattan, 8th floor, Room 8",accident
R06263,Get to higher ground now!!,"2 Penn Plaza, Midtown Manhattan, 8th floor, Room 12",flood
R09620,"The lift stopped suddenly, people are inside","861 Grand Concourse, The Bronx, 1st floor, Room 3",other
R00566,Fire at Ashland Place Tower first floor.... Come quickly,"300 Ashland Place, Downtown Brooklyn, 2nd floor, Room 9",fire
R01541,Something exploded we need to run,"432 Park Avenue, Midtown Manhattan, 7th floor, Room 1",explosion
R01234,Shit!! huge blast,"861 Grand Concourse, The Bronx, 2nd floor, Room 11",explosion
R05958,Move to top floor,"29-27 41st Avenue, Long Island City, ground floor, Room 7",flood
R04791,"The roof just collapsed at Atlantic Terminal, people are trapped 😭","620 Atlantic Avenue, Brooklyn, 6th floor, Room 6",collapse
R00299,Help!!!!! fire here,"620 Atlantic Avenue, Brooklyn, 2nd floor, Room 5",fire
R03879,"Someone needs urgent medical helpppp at Grand Concourse Tower, 1st floor Room 101","861 Grand Concourse, The Bronx, 1st floor, Room 1",medical
R04526,Leave the building quickly,"Sunset Park, Brooklyn",collapse
R04206,"Open wound, and concussion emergency first aid and ambulance required ASAP!","29-27 41st Avenue, Long Island City, 2nd floor, Room 2",medical
R01406,"explosionnn at 1st floor, Atlantic Terminal Save!!!","620 Atlantic Avenue, Brooklyn, 1st floor, Room 5",explosion
R00353,bro fire 3rd floor,"Park Slope, Brooklyn",fire
R06964,"Bomb blast Wall Street Tower, 2nd floor Room 202. Save me","88 Wall Street, Financial District, Manhattan, 2nd floor, Room 2",crime
R06633,Stuck in a flood 2nd floor MetroTech Center pls,"15 MetroTech Center, Downtown Brooklyn, 2nd floor, Room 2",flood
R05054,Go run fast. the building is collapsing,"Riverdale, The Bronx",collapse
R05702,flood has come,"450 West 33rd Street, Chelsea, Manhattan, 2nd floor, Room 2",flood
R04126,"Chest pain, LIC Plaza need to go to the hospital fast","29-27 41st Avenue, Long Island City, 1st floor, Room 1",medical
R00521,Wall Street Tower: help mee fire fire fire,"Astoria, Queens",fire
R09550,Gas leakage here don't switch bulb on,"15 MetroTech Center, Downtown Brooklyn, 3rd floor, Room 6",other
R05514,EVACUATE,"29-27 41st Avenue, Long Island City, 7th floor, Room 7",collapse
R06499,"Flood water is entering the ground floor of Eighth Avenue Tower, please send help immediately","Morningside Heights, Manhattan",flood
R07149,Call the emergency helpline number!!!!,"300 Ashland Place, Downtown Brooklyn, 6th floor, Room 7",crime
R07008,"Crime happening here, need police immediately","Sunset Park, Brooklyn",crime
R05580,"Water level rising rapidly near Astoria, Queens","620 Atlantic Avenue, Brooklyn, 7th floor, Room 7",flood
R00960,Fire!! 1st floor Eighth Avenue Tower !!!! Room 12!!,"111 Eighth Avenue, Chelsea, Manhattan, 4th floor, Room 2",fire
R09922,Gas leakage here don't switch bulb on,"432 Park Avenue, Midtown Manhattan, ground floor, Room 11",other
R02837,"A vehicle crashed near MetroTech Center, 3rd floor, Room 509","15 MetroTech Center, Downtown Brooklyn, 3rd floor, Room 9",accident
R01578,"Explosion help , 6th floor Edgewater Plaza","1 Edgewater Plaza, Staten Island, 6th floor, Room 9",explosion
R06306,Move to safe area,"Bushwick, Brooklyn",flood
R09626,Power is gone and people are stuck in the lift,"Riverdale, The Bronx",other
R04457,Hellllppppppp!!!! This building is falling!!,"300 Ashland Place, Downtown Brooklyn, 4th floor, Room 8",collapse
R06341,"Flood situation in Astoria, Queens, need relief ASAP!!","Morningside Heights, Manhattan",flood
R08944,Gas leakage here don't switch bulb on,"861 Grand Concourse, The Bronx, 8th floor, Room 6",other
R07510,"Someone is threatening people near MetroTech Center, 1st floor Room 502, call police","15 MetroTech Center, Downtown Brooklyn, 1st floor, Room 11",crime
R06241,Savee me from the floodd,"861 Grand Concourse, The Bronx, 4th floor, Room 4",flood
R04939,Run under the table,"Park Slope, Brooklyn",collapse
R06149,TAKE HIGH GROUND flood ASAP!!,"Bushwick, Brooklyn",flood
R07465,"Help me.. there's robbery near Chinatown, Manhattan. ...","111 Eighth Avenue, Chelsea, Manhattan, 4th floor, Room 2",crime
R06902,"Crime happening here, need police immediately","Morningside Heights, Manhattan",crime
R05163,Run,"450 West 33rd Street, Chelsea, Manhattan, 2nd floor, Room 2",collapse
R05734,Stuck in a flood 6th floor Queens Plaza Complex,"27-01 Queens Plaza North, Long Island City, 6th floor, Room 3",flood
R04574,LIC Plaza under shreds! Building collapse,"29-27 41st Avenue, Long Island City, 4th floor, Room 8",collapse
R03727,Hospital!!! Emergency! Cash! Vehicle needed,"2 Penn Plaza, Midtown Manhattan, ground floor, Room 4",medical
R09540,"Something unusual is happening near Eighth Avenue Tower, 4th floor Room Room 5, please check","111 Eighth Avenue, Chelsea, Manhattan, 4th floor, Room 5",other
R09022,"Something unusual is happening near Edgewater Plaza, 1st floor Room Room 11, please check","1 Edgewater Plaza, Staten Island, 1st floor, Room 1",other
R00896,Fire save me,"15 MetroTech Center, Downtown Brooklyn, 1st floor, Room 4",fire
R06689,"Something serious is happening here, hurry","450 West 33rd Street, Chelsea, Manhattan, 7th floor, Room 6",crime
R04778,"Part of the building has collapsed at Atlantic Terminal, and students may need rescue.","Greenwich Village, Manhattan",collapse
R03395,"Someone needs urgent medical help at Grand Concourse Tower, 4th floor Room 404","Morningside Heights, Manhattan",medical
R07325,"Bomb blast Ashland Place Tower, ground floor, Room 709. Save me","300 Ashland Place, Downtown Brooklyn, ground floor, Room 9",crime
R02019,"Huge explosion at Atlantic Terminal, smoke everywhere","620 Atlantic Avenue, Brooklyn, 3rd floor, Room 2",explosion
R01192,Chelsea Heights: something exploded nearby help,"450 West 33rd Street, Chelsea, Manhattan, 3rd floor, Room 3",explosion
R09416,"The lift stopped suddenly, people are inside","Chinatown, Manhattan",other
R03743,Urgent help needed hereee!!,"29-27 41st Avenue, Long Island City, 2nd floor, Room 1",medical
R01986,"There's been an explosion at Astoria, Queens. Call the emergency services!","Astoria, Queens",explosion
R07318,"there is a man with black mask and gun in the bank, please help","861 Grand Concourse, The Bronx, 6th floor, Room 11",crime
R01428,"Explosion at ground floor, MetroTech Center Save!!!!!","15 MetroTech Center, Downtown Brooklyn, ground floor, Room 1",explosion
R03752,"Open wound, and concussion emergency first aid and ambulance required ASAP!","Park Slope, Brooklyn",medical
R00825,Fire at Midtown Tower first floor.... Come quickly,"432 Park Avenue, Midtown Manhattan, 5th floor, Room 1",fire
R07099,"Robbery happening near Queens Plaza Complex, send police","27-01 Queens Plaza North, Long Island City, 5th floor, Room 8",crime
R02136,Shit!! huge blast ...,"620 Atlantic Avenue, Brooklyn, 8th floor, Room 3",explosion
R01275,Room 5! Fire!!!!! blast Ashland Place Tower 3rd floor,"300 Ashland Place, Downtown Brooklyn, 3rd floor, Room 5",explosion
R01295,Loud sound. Was that a bomb?,"Chinatown, Manhattan",explosion
R07377,"Someone is threatening people near Edgewater Plaza, 3rd floor Room Room 1, call police","1 Edgewater Plaza, Staten Island, 3rd floor, Room 1",crime
R03994,Call an ambulance! Call an ambulance!,"620 Atlantic Avenue, Brooklyn, 3rd floor, Room 3",medical
R09915,Help mee ASAP!!,"450 West 33rd Street, Chelsea, Manhattan, 7th floor, Room 7",other
R05404,No wayyy building falling,"29-27 41st Avenue, Long Island City, 6th floor, Room 6",collapse
R09586,Gas leakage here don't switch bulb on,"Astoria, Queens",other
R02283,"A person got hit by a vehicle near Ashland Place Tower, 7th floor Room Room 2","Morningside Heights, Manhattan",accident
R03194,"There has been an accident at Wall Street Tower, 6th floor, Room 104, emergency help needed","88 Wall Street, Financial District, Manhattan, 6th floor, Room 4",accident
R05828,there is a flood in our hostel rn. help,"Park Slope, Brooklyn",flood
R06982,Call the police right now!!,"1 Edgewater Plaza, Staten Island, 5th floor, Room 11",crime
R09463,"Emergency situation at Chelsea Heights, 4th floor Room 606, please send help 😭","450 West 33rd Street, Chelsea, Manhattan, 4th floor, Room 8",other
R02452,"Traffic accident near Flushing, Queens, need immediate assistance","Chinatown, Manhattan",accident
R04930,Run under the table,"Bushwick, Brooklyn",collapse
R00095,"Edgewater Plaza, ground floor, Room Room 11 FIREEEEEE HELP","1 Edgewater Plaza, Staten Island, ground floor, Room 1",fire
R03776,Call an ambulance! Call an ambulance!,"620 Atlantic Avenue, Brooklyn, 2nd floor, Room 2",medical
R03941,Helpp it's medical emergency,"Astoria, Queens",medical
R01864,"BLAST. HELP ME!!!! In LIC Plaza, 8th floor Room 601","29-27 41st Avenue, Long Island City, 8th floor, Room 1",explosion
R00897,"Fire has started in MetroTech Center 707, need urgent help","15 MetroTech Center, Downtown Brooklyn, 7th floor, Room 7",fire
R03011,"bike hit someone at MetroTech Center 808, please send helpppp","15 MetroTech Center, Downtown Brooklyn, 8th floor, Room 8",accident
R07076,"A person with a weapon is causing danger at Ashland Place Tower, 5th floor Room 305","300 Ashland Place, Downtown Brooklyn, 5th floor, Room 9",crime
R04901,"Building collapsed of Grand Concourse Tower, need help","861 Grand Concourse, The Bronx, 8th floor, Room 6",collapse
R03543,"Open wound, and concussion emergency first aid and ambulance required ASAP!","450 West 33rd Street, Chelsea, Manhattan, 5th floor, Room 7",medical
R04978,"The roof just collapsed at Ashland Place Tower, people are trapped","300 Ashland Place, Downtown Brooklyn, 6th floor, Room 6",collapse
R06253,Move to top floor,"Astoria, Queens",flood
R05374,The building has collapsed. Save me!,"620 Atlantic Avenue, Brooklyn, 2nd floor, Room 3",collapse
R00560,Eighth Avenue Tower 7th floor is on flames.. send help ASAP,"111 Eighth Avenue, Chelsea, Manhattan, 7th floor, Room 9",fire
R05258,Run under the table,"29-27 41st Avenue, Long Island City, 6th floor, Room 3",collapse
R04318,Call ambulance,"Park Slope, Brooklyn",medical
R02659,"Car accident, people are injured, send helpppp","Morningside Heights, Manhattan",accident
R06526,TAKE HIGH GROUND flood,"620 Atlantic Avenue, Brooklyn, 3rd floor, Room 11",flood
R05164,"Someone get me out, building collapsed","432 Park Avenue, Midtown Manhattan, 1st floor, Room 7",collapse
R01898,Something just burst around me. Send rescue squad ASAP,"432 Park Avenue, Midtown Manhattan, 8th floor, Room 3",explosion
R02496,"bike hit someone at Eighth Avenue Tower, 2nd floor Room Room 2, please send helpppp","111 Eighth Avenue, Chelsea, Manhattan, 2nd floor, Room 2",accident
R06192,Helpppp i am drowning helpppp,"Bushwick, Brooklyn",flood
R09574,A large tree has fallen across the road ...,"29-27 41st Avenue, Long Island City, 3rd floor, Room 10",other
R04517,Run!!!,"450 West 33rd Street, Chelsea, Manhattan, 1st floor, Room 1",collapse
R07307,"Something serious is happening here, hurry ...","620 Atlantic Avenue, Brooklyn, 2nd floor, Room 2",crime
R09776,Water pipe burst near Wall Street Tower,"88 Wall Street, Financial District, Manhattan, 6th floor, Room 2",other
R06917,im in dangerrr idk what to do,"450 West 33rd Street, Chelsea, Manhattan, 5th floor, Room 5",crime
R01818,Save us we are in Ashland Place Tower 7th floor,"300 Ashland Place, Downtown Brooklyn, 7th floor, Room 7",explosion
R04579,"Building collapsed of Atlantic Terminal, need help","620 Atlantic Avenue, Brooklyn, 8th floor, Room 3",collapse
R00386,"FIRE. HELP!!!!! Eighth Avenue Tower, 4th floor Room 404","111 Eighth Avenue, Chelsea, Manhattan, 4th floor, Room 4",fire
R06898,Bomb blast Penn Plaza Tower 1st floor. Save me,"Park Slope, Brooklyn",crime
R05886,Flood. Help ..,"Greenwich Village, Manhattan",flood
R02169,Save us we are in Midtown Tower 5th floor,"Washington Heights, Manhattan",explosion
R02827,"Crash happened outside Wall Street Tower, send medical team","88 Wall Street, Financial District, Manhattan, 5th floor, Room 8",accident
R00979,bro fire 4th floor,"2 Penn Plaza, Midtown Manhattan, 4th floor, Room 8",fire
R02364,"There has been an accident at Wall Street Tower, 3rd floor, Room Room 10, emergency help needed!!!","88 Wall Street, Financial District, Manhattan, 3rd floor, Room 12",accident
R09060,"Street light is not working near Astoria, Queens","450 West 33rd Street, Chelsea, Manhattan, 8th floor, Room 1",other
R02637,"Two vehicles collided, Atlantic Terminal 707 😭","620 Atlantic Avenue, Brooklyn, 7th floor, Room 7",accident
R02765,"Someone got injured in a road accident at Atlantic Terminal, 1st floor, Room Room 4","620 Atlantic Avenue, Brooklyn, 1st floor, Room 4",accident
R04352,Call 108 LIC Plaza 4th floor send guys,"Greenwich Village, Manhattan",medical
R00435,Help!!!!! fire here,"Astoria, Queens",fire
R05825,"Flood, I am stuck, save me!","Greenwich Village, Manhattan",flood
R06017,"Flood water is entering the ground floor of MetroTech Center, please send help immediately","Greenwich Village, Manhattan",flood
R05249,Oh no! The building! It's falling!,"111 Eighth Avenue, Chelsea, Manhattan, ground floor, Room 6",collapse
R09666,Gas leakage here don't switch bulb on,"1 Edgewater Plaza, Staten Island, 2nd floor, Room 8",other
R02607,Accident hereeee help fast,"300 Ashland Place, Downtown Brooklyn, ground floor, Room 7",accident
R03928,"Please send an ambulance to Riverdale, The Bronx","Riverdale, The Bronx",medical
R06583,flood has come,"Morningside Heights, Manhattan",flood
R06998,Am I that unlucky ASAP!!,"27-01 Queens Plaza North, Long Island City, 6th floor, Room 3",crime
R06881,"Something serious is happening here, hurry ASAP!!","2 Penn Plaza, Midtown Manhattan, 6th floor, Room 3",crime
R01846,"Huge explosion at Eighth Avenue Tower, smoke everywhere","111 Eighth Avenue, Chelsea, Manhattan, 6th floor, Room 1",explosion
R01491,"Quickly save us from explosion, 4th floor, Edgewater Plaza","1 Edgewater Plaza, Staten Island, 4th floor, Room 4",explosion
R02792,"There has been an accident at LIC Plaza 507, emergency help needed pls","Park Slope, Brooklyn",accident
R06636,TAKE HIGH GROUND flood,"2 Penn Plaza, Midtown Manhattan, 8th floor, Room 1",flood
R05866,Move to top floor,"Riverdale, The Bronx",flood
R07524,"Someone is threatening people near Greenwich Village, Manhattan, call police","Greenwich Village, Manhattan",crime
R09705,"In case of gas leak, don't switch on the bulb","Washington Heights, Manhattan",other
R01501,Something just burst around me. Send rescue squad ASAP,"29-27 41st Avenue, Long Island City, 8th floor, Room 6",explosion
R02578,"Car accident, people are injured, send helpppp","Chinatown, Manhattan",accident
R00957,Wall Street Tower: help mee fire fire fire!!,"88 Wall Street, Financial District, Manhattan, 5th floor, Room 8",fire
R04997,Hellllppppppp!!!! This building is falling!!,"620 Atlantic Avenue, Brooklyn, 3rd floor, Room 3",collapse
R07374,"Something serious is happening here, hurry","88 Wall Street, Financial District, Manhattan, 1st floor, Room 1",crime
R09441,"Emergency situation, please send help immediately","29-27 41st Avenue, Long Island City, 6th floor, Room 10",other
R06933,I am in dangerrr idk what to do,"Bushwick, Brooklyn",crime
R07366,"Catch the criminal, close the gates","Sunset Park, Brooklyn",crime
R03102,"Someone got injured in a road accident at Flushing, Queens","Flushing, Queens",accident
R05570,"Flood, I am stuck, save me!","450 West 33rd Street, Chelsea, Manhattan, 5th floor, Room 3",flood
R09919,Please send maintenance team to Chelsea Heights,"450 West 33rd Street, Chelsea, Manhattan, 6th floor, Room 9",other
R08975,"There is a gas smell in the building, please check","Astoria, Queens",other
R03993,"Someone needs urgent medical help at Penn Plaza Tower, 8th floor Room 808!!!","2 Penn Plaza, Midtown Manhattan, 8th floor, Room 8",medical
R04297,Call hospital fast pls ...,"Chinatown, Manhattan",medical
R05245,The building has collapsed. Save me!,"Greenwich Village, Manhattan",collapse
R09522,"In case of gas leak, don't switch on the bulb","861 Grand Concourse, The Bronx, 3rd floor, Room 2",other
R01964,Shit!! huge blast,"Bushwick, Brooklyn",explosion
R04603,"Someone get me out, building collapsed","29-27 41st Avenue, Long Island City, 5th floor, Room 9",collapse
R06019,Stuck in a flood 8th floor Eighth Avenue Tower,"111 Eighth Avenue, Chelsea, Manhattan, 8th floor, Room 8",flood
R00761,Fire at Atlantic Terminal first floor.... Come quickly ASAP!!,"620 Atlantic Avenue, Brooklyn, 1st floor, Room 6",fire
R04880,Go run fast. the building is collapsing,"15 MetroTech Center, Downtown Brooklyn, 8th floor, Room 8",collapse
R05537,Hellllppppppp!!!! This building is falling!!,"15 MetroTech Center, Downtown Brooklyn, 4th floor, Room 4",collapse
R03217,"Car accident, people are injured, send help","861 Grand Concourse, The Bronx, 7th floor, Room 7",accident
R07498,Am I that unlucky,"450 West 33rd Street, Chelsea, Manhattan, 2nd floor, Room 4",crime
R05224,The building has collapsed. Save me!,"111 Eighth Avenue, Chelsea, Manhattan, 6th floor, Room 6",collapse
R03662,Hospital!!! Emergency! Cash! Vehicle needed,"88 Wall Street, Financial District, Manhattan, 1st floor, Room 5",medical
R04836,Run under the table!!!,"861 Grand Concourse, The Bronx, 3rd floor, Room 12",collapse
R02938,"Crash happened outside Edgewater Plaza, send medical team","1 Edgewater Plaza, Staten Island, 7th floor, Room 2",accident
R09131,Please send maintenance team to LIC Plaza,"Chinatown, Manhattan",other
R05448,"The roof just collapsed at Grand Concourse Tower, people are trapped","861 Grand Concourse, The Bronx, 8th floor, Room 8",collapse
R00551,"FIRE. HELP!!!!! Park Slope, Brooklyn","Park Slope, Brooklyn",fire
R05865,flood has come,"Flushing, Queens",flood
R04190,Call ambulance,"1 Edgewater Plaza, Staten Island, 4th floor, Room 4",medical
R07110,"Someone is threatening people near Ashland Place Tower, 5th floor Room 505, call police","300 Ashland Place, Downtown Brooklyn, 5th floor, Room 5",crime
R02110,"Explosion at 4th floor, Grand Concourse Tower Save!!!","Riverdale, The Bronx",explosion
R00405,Firee fireee at Midtown Tower saveee mee,"432 Park Avenue, Midtown Manhattan, 4th floor, Room 8",fire
R07260,"A person with a weapon is causing danger at MetroTech Center, ground floor Room 804","15 MetroTech Center, Downtown Brooklyn, ground floor, Room 4",crime
R00446,Ashland Place Tower 3rd floor is on flames.. send help ASAP,"300 Ashland Place, Downtown Brooklyn, 3rd floor, Room 4",fire
R00439,Fire at Ashland Place Tower first floor.... Come quickly,"300 Ashland Place, Downtown Brooklyn, 1st floor, Room 8",fire
R03101,"There has been an accident at Grand Concourse Tower, 1st floor Room 101, emergency help needed","861 Grand Concourse, The Bronx, 1st floor, Room 1",accident
R04772,Building collapsing run run,"Flushing, Queens",collapse
R05331,"Part of the building has collapsed at Midtown Tower, and students may need rescue.","432 Park Avenue, Midtown Manhattan, 4th floor, Room 4",collapse
R09624,"Emergency situation at Queens Plaza Complex, ground floor, Room Room 4, please send help","27-01 Queens Plaza North, Long Island City, ground floor, Room 4",other
R05526,Go run fast. the building is collapsing,"15 MetroTech Center, Downtown Brooklyn, 8th floor, Room 8",collapse
R00902,Fire!! 1st floor Atlantic Terminal !!!! 603!! ...,"620 Atlantic Avenue, Brooklyn, ground floor, Room 3",fire
R05681,there is a flood in our hostel rn. help,"Astoria, Queens",flood
R09716,Power is gone and people are stuck in the lift,"111 Eighth Avenue, Chelsea, Manhattan, 3rd floor, Room 3",other
R09447,"No electricity in Queens Plaza Complex, please send maintenance","Sunset Park, Brooklyn",other
R01147,"There's been an explosion at Midtown Tower, 3rd floor. Call the emergency services!","432 Park Avenue, Midtown Manhattan, 3rd floor, Room 8",explosion
R06175,Let's move to the higher ground.,"1 Edgewater Plaza, Staten Island, 8th floor, Room 5",flood
R07285,Call the police right now!!,"Bushwick, Brooklyn",crime
R01310,Shit!! huge blast,"861 Grand Concourse, The Bronx, 8th floor, Room 8",explosion
R04232,Urgent help needed hereee!!!!!,"111 Eighth Avenue, Chelsea, Manhattan, 1st floor, Room 9",medical
R03496,Call ambulance,"Greenwich Village, Manhattan",medical
R04168,Hospital emergency. Help,"450 West 33rd Street, Chelsea, Manhattan, 5th floor, Room 5",medical
R00704,Fireeeeee helpppppp,"2 Penn Plaza, Midtown Manhattan, 8th floor, Room 8",fire
R00390,"Fire on ground floor Ashland Place Tower, please send help immediately","Chinatown, Manhattan",fire
R09404,"No electricity in Penn Plaza Tower, please send maintenance","2 Penn Plaza, Midtown Manhattan, 3rd floor, Room 9",other
R04738,The building has collapsed. Save me!,"2 Penn Plaza, Midtown Manhattan, 7th floor, Room 11",collapse
R03635,"I have a medical emergency at Washington Heights, Manhattan","Washington Heights, Manhattan",medical
R03791,"I have a medical emergency at Chinatown, Manhattan","Chinatown, Manhattan",medical
R00830,Grand Concourse Tower: help mee fire fire fire,"861 Grand Concourse, The Bronx, 3rd floor, Room 3",fire
R01708,Explosion in building run away.....,"1 Edgewater Plaza, Staten Island, 7th floor, Room 6",explosion
R04025,Hospital emergency. Help ...,"432 Park Avenue, Midtown Manhattan, 1st floor, Room 2",medical
R04285,Call 108 fasttttt there is an emergency ASAP!!,"432 Park Avenue, Midtown Manhattan, 3rd floor, Room 2",medical
R00145,AHHHHHHHH,"1 Edgewater Plaza, Staten Island, 4th floor, Room 6",fire
R03565,Call an ambulance! Call an ambulance!,"Park Slope, Brooklyn",medical
R06544,HELP US!!! we are stuck in the flood prone area,"111 Eighth Avenue, Chelsea, Manhattan, 7th floor, Room 7",flood
R03104,"A vehicle crashed near Midtown Tower, 7th floor Room Room 12","432 Park Avenue, Midtown Manhattan, 7th floor, Room 2",accident
R02389,"Road accident near Edgewater Plaza, ambulance needed","Bushwick, Brooklyn",accident
R02706,"There has been an accident at Penn Plaza Tower 6th floor, emergency help needed","2 Penn Plaza, Midtown Manhattan, 6th floor, Room 6",accident
R03744,Call doctor and ask for help,"432 Park Avenue, Midtown Manhattan, 3rd floor, Room 3",medical
R04540,Go run fast. the building is collapsing,"Riverdale, The Bronx",collapse
R07341,"Gunmen in. Queens Plaza Complex main office, need immediate hlp","27-01 Queens Plaza North, Long Island City, 7th floor, Room 1",crime
R08945,Road is blocked by a fallen tree near Wall Street Tower 707,"88 Wall Street, Financial District, Manhattan, 2nd floor, Room 7",other
R05992,there is a flood in our hostel rn. help,"88 Wall Street, Financial District, Manhattan, 4th floor, Room 4",flood
R02713,Bike and car collided near Atlantic Terminal 6th floor,"620 Atlantic Avenue, Brooklyn, 6th floor, Room 9",accident
R05437,this builidng is collapsing ... send help!!,"2 Penn Plaza, Midtown Manhattan, 3rd floor, Room 2",collapse
R09645,Run for your life,"620 Atlantic Avenue, Brooklyn, 7th floor, Room 10",other
R07525,A person with a weapon is causing danger at Ashland Place Tower 106,"300 Ashland Place, Downtown Brooklyn, 4th floor, Room 6",crime
R00510,"Fire has started in Penn Plaza Tower 606, need urgent help","2 Penn Plaza, Midtown Manhattan, 7th floor, Room 6",fire
R05140,No wayyy building falling ASAP!!,"432 Park Avenue, Midtown Manhattan, 4th floor, Room 5",collapse
R05864,"Flood water is entering the ground floor of MetroTech Center, please send help immediately","15 MetroTech Center, Downtown Brooklyn, 2nd floor, Room 1",flood
R04877,this builidng is collapsing ... send help,"450 West 33rd Street, Chelsea, Manhattan, 3rd floor, Room 7",collapse
R06294,Let's move to the higher ground.,"1 Edgewater Plaza, Staten Island, 5th floor, Room 5",flood
R06797,"A person with a weapon is causing danger at Eighth Avenue Tower, 3rd floor Room 804 ...","111 Eighth Avenue, Chelsea, Manhattan, 3rd floor, Room 4",crime
R01080,Fire!! 1st floor Atlantic Terminal !!!! 707!!,"Flushing, Queens",fire
R07253,"Robbery happening near Ashland Place Tower, send police","Washington Heights, Manhattan",crime
R04115,"SOS I am having an attack!!!! Queens Plaza Complex, 5th floor Room Room 7","27-01 Queens Plaza North, Long Island City, 5th floor, Room 7",medical
R06382,"The ground is flooded, send help, lifeboat and first aid","1 Edgewater Plaza, Staten Island, 1st floor, Room 4",flood
R07483,"Bank robbery, help, 1st floor Penn Plaza Tower","2 Penn Plaza, Midtown Manhattan, 1st floor, Room 1",crime
R04757,"Building collapsed of Edgewater Plaza, need help","1 Edgewater Plaza, Staten Island, 8th floor, Room 6",collapse
R01502,Something exploded we need to run,"29-27 41st Avenue, Long Island City, 3rd floor, Room 3",explosion
R00376,"FIRE. HELP!!!!! Ashland Place Tower, ground floor Room 909","300 Ashland Place, Downtown Brooklyn, ground floor, Room 9",fire
R00385,"Ashland Place Tower, 7th floor Room Room 3 FIREEEEEE HELP","300 Ashland Place, Downtown Brooklyn, 7th floor, Room 2",fire
R04179,"I have a medical emergency at Wall Street Tower, 2nd floor Room 706","88 Wall Street, Financial District, Manhattan, 2nd floor, Room 6",medical
R02025,It will blasttt,"300 Ashland Place, Downtown Brooklyn, 4th floor, Room 10",explosion
R06573,Please evacuate the lower floors of Wall Street Tower as soon as possible,"88 Wall Street, Financial District, Manhattan, 5th floor, Room 5",flood
R02240,Bike and car collided near Wall Street Tower 8th floor ...,"88 Wall Street, Financial District, Manhattan, 8th floor, Room 4",accident
R01841,Explosion in building run away.....,"88 Wall Street, Financial District, Manhattan, 5th floor, Room 6",explosion
R05015,ground floor MetroTech Center building collapsed I’m stuck please help,"15 MetroTech Center, Downtown Brooklyn, ground floor, Room 12",collapse
R04252,"I have a medical emergency at Morningside Heights, Manhattan","Morningside Heights, Manhattan",medical
R07166,"Someone is threatening people near Eighth Avenue Tower 7th floor, call police","111 Eighth Avenue, Chelsea, Manhattan, 7th floor, Room 5",crime
R02441,"A person got hit by a vehicle near Greenwich Village, Manhattan","Greenwich Village, Manhattan",accident
R01921,"Huge explosion at Grand Concourse Tower, smoke everywhere","861 Grand Concourse, The Bronx, 8th floor, Room 1",explosion
R05987,Move to top floor,"300 Ashland Place, Downtown Brooklyn, 6th floor, Room 6",flood
R04892,EVACUATE,"Flushing, Queens",collapse
R02948,Accident hereeee help fast,"1 Edgewater Plaza, Staten Island, ground floor, Room 9",accident
R03278,"bike hit someone at Grand Concourse Tower 309, please send help","861 Grand Concourse, The Bronx, 1st floor, Room 3",accident
R05123,"Building collapsed of Queens Plaza Complex, need help","27-01 Queens Plaza North, Long Island City, 3rd floor, Room 5",collapse
R01617,Grand Concourse Tower: something exploded nearby help,"861 Grand Concourse, The Bronx, 8th floor, Room 3",explosion
R04184,Doctor where is he!!!,"Bushwick, Brooklyn",medical
R01866,"BLAST. HELP ME!!!! In Chinatown, Manhattan","Chinatown, Manhattan",explosion
R05784,Flood. Help ..,"450 West 33rd Street, Chelsea, Manhattan, 4th floor, Room 9",flood
R04863,"Building collapsed of Ashland Place Tower, need help 😭","Park Slope, Brooklyn",collapse
R01531,Helpppp there is a huge explosion helpppp,"29-27 41st Avenue, Long Island City, 7th floor, Room 1",explosion
R09197,Road is blocked by a fallen tree near Grand Concourse Tower 202,"Astoria, Queens",other
R01499,"Quickly save us from explosion, ground floor, Wall Street Tower","88 Wall Street, Financial District, Manhattan, ground floor, Room 3",explosion
R00703,Fire!! 1st floor Edgewater Plaza !!!! 301!!,"Chinatown, Manhattan",fire
R07001,"Something serious is happening here, hurry","861 Grand Concourse, The Bronx, 6th floor, Room 2",crime
R03236,"Major accident at Chelsea Heights, 1st floor, Room 101, need help","450 West 33rd Street, Chelsea, Manhattan, 1st floor, Room 1",accident
R03334,"Major accident at Penn Plaza Tower, 6th floor, need help","2 Penn Plaza, Midtown Manhattan, 6th floor, Room 11",accident
R04443,Call ambulance,"861 Grand Concourse, The Bronx, 4th floor, Room 4",medical
R01079,Fireeeeee helpppppp,"Riverdale, The Bronx",fire
R05089,Oh no! The building! It's falling!!!!,"111 Eighth Avenue, Chelsea, Manhattan, 4th floor, Room 4",collapse
R02736,"There has been an accident at Chinatown, Manhattan, emergency help needed","Chinatown, Manhattan",accident
R01030,THIS IS NOT A DRILL. THERE'S A FIRE IN THE BUILDING. SEND HELP!,"88 Wall Street, Financial District, Manhattan, 1st floor, Room 9",fire
R02584,"Two vehicles collided, Grand Concourse Tower, 1st floor Room 101 😭","861 Grand Concourse, The Bronx, 1st floor, Room 1",accident
R09954,"Emergency situation at Edgewater Plaza, 7th floor Room Room 9, please send help","1 Edgewater Plaza, Staten Island, 7th floor, Room 9",other
R04071,Call hospital fast pls,"Riverdale, The Bronx",medical
R04886,SOS! BUILDING COLLAPSE! LOCATION SENT,"300 Ashland Place, Downtown Brooklyn, 2nd floor, Room 4",collapse
R00885,bro fire 6th floor,"620 Atlantic Avenue, Brooklyn, 6th floor, Room 7",fire
R02351,"A person got hit by a vehicle near Atlantic Terminal, 4th floor Room 404","620 Atlantic Avenue, Brooklyn, 4th floor, Room 12",accident
R07171,"Help, there is a robbery happening at the bank on Main Road, please contact the police.","2 Penn Plaza, Midtown Manhattan, 8th floor, Room 7",crime
R03542,"Call 108 Atlantic Terminal, 4th floor Room Room 6 send guys","Sunset Park, Brooklyn",medical
R03592,I have a medical emergency at Chelsea Heights G00,"450 West 33rd Street, Chelsea, Manhattan, ground floor, Room 5",medical
R07280,"Crime happening here, need police immediately","861 Grand Concourse, The Bronx, 8th floor, Room 8",crime
R05057,Building has been collapsed!,"300 Ashland Place, Downtown Brooklyn, 3rd floor, Room 3",collapse
R04789,The building has collapsed. Save me!,"27-01 Queens Plaza North, Long Island City, 5th floor, Room 7",collapse
R02742,"Car accident, people are injured, send help","88 Wall Street, Financial District, Manhattan, 6th floor, Room 7",accident
R06077,Water everywhere helpppp me,"1 Edgewater Plaza, Staten Island, 1st floor, Room 6",flood
R06307,"Flood situation in Bushwick, Brooklyn, need relief ASAP!!","432 Park Avenue, Midtown Manhattan, 2nd floor, Room 2",flood
R01781,"There's been an explosion at Eighth Avenue Tower, 4th floor, Room 409. Call the emergency services!","111 Eighth Avenue, Chelsea, Manhattan, 4th floor, Room 9",explosion
R01718,"Explosion help , 7th floor Eighth Avenue Tower","111 Eighth Avenue, Chelsea, Manhattan, 7th floor, Room 6",explosion
R01160,Helpppp there is a huge explosion helpppp,"27-01 Queens Plaza North, Long Island City, ground floor, Room 9",explosion
R06357,"Flood situation in Park Slope, Brooklyn, need relief ASAP!!","111 Eighth Avenue, Chelsea, Manhattan, 8th floor, Room 8",flood
R00952,Stay away there's a fire!!,"Bushwick, Brooklyn",fire
R00236,Firee fireee at Edgewater Plaza saveee mee,"1 Edgewater Plaza, Staten Island, 2nd floor, Room 3",fire
R03595,Call doctor and ask for help,"2 Penn Plaza, Midtown Manhattan, 4th floor, Room 7",medical
R06918,"Crime happening here, need police immediately pls","2 Penn Plaza, Midtown Manhattan, 3rd floor, Room 7",crime
R07427,"Gunmen in. Grand Concourse Tower main office, need immediate hlp","Chinatown, Manhattan",crime
R09801,"Something unusual is happening near Eighth Avenue Tower, 5th floor, Room 203, please check","111 Eighth Avenue, Chelsea, Manhattan, 5th floor, Room 3",other
R04042,I need urgent medical help please,"620 Atlantic Avenue, Brooklyn, 2nd floor, Room 11",medical
R05392,"Building collapsed of Chelsea Heights, need help","450 West 33rd Street, Chelsea, Manhattan, 8th floor, Room 5",collapse
R06714,"there is a man with black mask and gun in the bank, please help","111 Eighth Avenue, Chelsea, Manhattan, 3rd floor, Room 7",crime
R07769,"Bank robbery, help, 4th floor Queens Plaza Complex","27-01 Queens Plaza North, Long Island City, 4th floor, Room 4",crime
R04576,1st floor Edgewater Plaza building collapsed I’m stuck please help,"1 Edgewater Plaza, Staten Island, 1st floor, Room 5",collapse
R06268,Helpppp i am drowning helpppp,"450 West 33rd Street, Chelsea, Manhattan, 7th floor, Room 1",flood
R00253,"Fire has started in LIC Plaza 808, need urgent help","Chinatown, Manhattan",fire
R02641,"Someone got injured in a road accident at MetroTech Center, 3rd floor","15 MetroTech Center, Downtown Brooklyn, 3rd floor, Room 2",accident
R06508,Water everywhere help me,"29-27 41st Avenue, Long Island City, 3rd floor, Room 5",flood
R09144,Run for your life,"Greenwich Village, Manhattan",other
R01484,Explosion in building run away.....,"450 West 33rd Street, Chelsea, Manhattan, 3rd floor, Room 3",explosion
R05543,Oh no! The building! It's falling!,"Park Slope, Brooklyn",collapse
R02098,Shit!! huge blast,"88 Wall Street, Financial District, Manhattan, 1st floor, Room 2",explosion
R00547,Stay away there's a fire!!,"15 MetroTech Center, Downtown Brooklyn, 7th floor, Room 8",fire
R06214,Move to top floor,"Riverdale, The Bronx",flood
R01336,"Explosion at 6th floor, Queens Plaza Complex Save!!!","27-01 Queens Plaza North, Long Island City, 6th floor, Room 6",explosion
R01259,BLAST. HELP ME!!!! In Penn Plaza Tower 602,"2 Penn Plaza, Midtown Manhattan, ground floor, Room 2",explosion
R03787,"Someone needs urgent medical helpppp at Astoria, Queens","Astoria, Queens",medical
R03846,Call hospital fast pls,"861 Grand Concourse, The Bronx, 4th floor, Room 4",medical
R07275,Am I that unlucky,"861 Grand Concourse, The Bronx, 1st floor, Room 1",crime
R06806,Call police come fast,"29-27 41st Avenue, Long Island City, 6th floor, Room 7",crime
R09209,Lift is stuck between floors at MetroTech Center,"15 MetroTech Center, Downtown Brooklyn, 3rd floor, Room 3",other
R07740,Call the police right now!!,"27-01 Queens Plaza North, Long Island City, 8th floor, Room 9",crime
R09222,A large tree has fallen across the road ASAP!!,"300 Ashland Place, Downtown Brooklyn, 5th floor, Room 9",other
R03118,"There has been an accident at Ashland Place Tower, 1st floor Room Room 10, emergency help needed","300 Ashland Place, Downtown Brooklyn, 1st floor, Room 10",accident
R00463,Fire save me,"88 Wall Street, Financial District, Manhattan, 6th floor, Room 2",fire
R00576,Fireeeeee helpppppp,"620 Atlantic Avenue, Brooklyn, 7th floor, Room 4",fire
R03415,Hospital!!! Emergency! Cash! Vehicle needed,"Park Slope, Brooklyn",medical
R07741,"Bomb blast Queens Plaza Complex, 5th floor Room 505. Save me","27-01 Queens Plaza North, Long Island City, 5th floor, Room 5",crime
R05581,"Flood situation in Riverdale, The Bronx, need relief ASAP!!!!","620 Atlantic Avenue, Brooklyn, 4th floor, Room 2",flood
R00079,"Fire on 8th floor Edgewater Plaza, please send help immediately!!","1 Edgewater Plaza, Staten Island, 8th floor, Room 8",fire
R09835,"No electricity in Eighth Avenue Tower, please send maintenance","111 Eighth Avenue, Chelsea, Manhattan, 4th floor, Room 8",other
R03055,"Vehicle overturned near Midtown Tower, need rescue","432 Park Avenue, Midtown Manhattan, 3rd floor, Room 7",accident
R06549,Helpppp i am drowning helpppp,"432 Park Avenue, Midtown Manhattan, 1st floor, Room 3",flood
R06274,Flood. Help ..,"Greenwich Village, Manhattan",flood
R01999,"Explosion helpppp , 3rd floor Ashland Place Tower","Greenwich Village, Manhattan",explosion
R02930,"Car accident, people are injured, send help","Greenwich Village, Manhattan",accident
R06855,"A person with a weapon is causing danger at LIC Plaza, ground floor Room 602","Flushing, Queens",crime
R05950,flood has come,"Riverdale, The Bronx",flood
R01680,Save us we are in Wall Street Tower 6th floor,"Morningside Heights, Manhattan",explosion
R05429,"Someone get me out, building collapsed","1 Edgewater Plaza, Staten Island, 1st floor, Room 6",collapse
R05309,3rd floor Penn Plaza Tower building collapsed I’m stuck please help,"2 Penn Plaza, Midtown Manhattan, 3rd floor, Room 3",collapse
R09629,Lift is stuck between floors at Chelsea Heights,"450 West 33rd Street, Chelsea, Manhattan, 1st floor, Room 1",other
R01417,"Huge explosion at Atlantic Terminal, smoke everywhere","620 Atlantic Avenue, Brooklyn, 6th floor, Room 6",explosion
R03348,"SOS I am having an attack!!!! Edgewater Plaza, 6th floor","1 Edgewater Plaza, Staten Island, 6th floor, Room 1",medical
R05690,Move to top floor,"1 Edgewater Plaza, Staten Island, 1st floor, Room 1",flood
R01576,There has been an explosion in Grand Concourse Tower there fire everywhere help,"861 Grand Concourse, The Bronx, 2nd floor, Room 8",explosion
R01650,Save us we are in MetroTech Center 5th floor,"Park Slope, Brooklyn",explosion
R04014,Hospital emergency. Help,"Park Slope, Brooklyn",medical
R09492,"No electricity in Eighth Avenue Tower, please send maintenance","111 Eighth Avenue, Chelsea, Manhattan, 4th floor, Room 4",other
R02375,"Auto accident at Wall Street Tower, 5th floor Room 505, please help","Park Slope, Brooklyn",accident
R01109,FIREEEEEE HELPPPPPPPP USSS OUTTTTTTTT. Ashland Place Tower !!!,"300 Ashland Place, Downtown Brooklyn, 5th floor, Room 6",fire
R05119,"Part of the building has collapsed at Queens Plaza Complex, and students may need rescue.","27-01 Queens Plaza North, Long Island City, 5th floor, Room 4",collapse
R06419,"Flood situation in Morningside Heights, Manhattan, need relief ASAP!!","29-27 41st Avenue, Long Island City, ground floor, Room 11",flood
R09805,"In case of gas leak, don't switch on the bulb","620 Atlantic Avenue, Brooklyn, 1st floor, Room 7",other
R09306,"There is a gas smell in the building, please check","1 Edgewater Plaza, Staten Island, 6th floor, Room 6",other
R01651,"Explosion help , 3rd floor MetroTech Center!!!","15 MetroTech Center, Downtown Brooklyn, 3rd floor, Room 7",explosion
R01027,"Fire has started in Wall Street Tower 501, need urgent help","88 Wall Street, Financial District, Manhattan, 1st floor, Room 1",fire
R03242,"Car accident, people are injured, send help","27-01 Queens Plaza North, Long Island City, 8th floor, Room 8",accident
R07153,"Something serious is happening here, hurry 😭","88 Wall Street, Financial District, Manhattan, 1st floor, Room 2",crime
R09037,"The lift stopped suddenly, people are inside","88 Wall Street, Financial District, Manhattan, 7th floor, Room 2",other
R04705,"Building collapsed of Ashland Place Tower, need help","300 Ashland Place, Downtown Brooklyn, 3rd floor, Room 5",collapse
R09875,Run for your life,"450 West 33rd Street, Chelsea, Manhattan, 7th floor, Room 7",other
R09261,Water pipe burst near Edgewater Plaza,"1 Edgewater Plaza, Staten Island, 1st floor, Room 1",other
R02390,"There has been an accident at Chelsea Heights 103, emergency helpppp needed","450 West 33rd Street, Chelsea, Manhattan, 7th floor, Room 3",accident
R04482,Building has been collapsed!,"29-27 41st Avenue, Long Island City, 6th floor, Room 7",collapse
R01000,Fireeeeee helpppppp,"Washington Heights, Manhattan",fire
R07521,Am I that unlucky!!,"861 Grand Concourse, The Bronx, 3rd floor, Room 9",crime
R00099,AHHHHHHHH!!!,"Morningside Heights, Manhattan",fire
R01817,"Explosion help , 4th floor Eighth Avenue Tower","111 Eighth Avenue, Chelsea, Manhattan, 4th floor, Room 1",explosion
R09058,"There is a gas smell in the building, please check!!!","620 Atlantic Avenue, Brooklyn, 4th floor, Room 11",other
R03529,"Chest pain, LIC Plaza need to go to the hospital fast","Astoria, Queens",medical
R06134,Let's move to the higher ground.,"861 Grand Concourse, The Bronx, 6th floor, Room 3",flood
R07157,"Robbery happening near MetroTech Center, send police","Riverdale, The Bronx",crime
R04593,"Building collapsed of Grand Concourse Tower, need help","Chinatown, Manhattan",collapse
R03290,"There has been an accident at Chelsea Heights, 2nd floor, Room Room 10, emergency help needed","450 West 33rd Street, Chelsea, Manhattan, 2nd floor, Room 2",accident
R03974,I need urgent medical help please,"432 Park Avenue, Midtown Manhattan, 2nd floor, Room 3",medical
R06458,Please evacuate the lower floors of Edgewater Plaza as soon as possible,"Morningside Heights, Manhattan",flood
R04961,"Part of the building has collapsed at Queens Plaza Complex, and students may need rescue.","27-01 Queens Plaza North, Long Island City, 7th floor, Room 6",collapse
R06064,Please evacuate the lower floors of Queens Plaza Complex as soon as possible,"27-01 Queens Plaza North, Long Island City, 8th floor, Room 6",flood
R09784,"There is a gas smell in the building, please check","Bushwick, Brooklyn",other
R09910,Gas leakage here don't switch bulb on,"861 Grand Concourse, The Bronx, 4th floor, Room 9",other
R06267,Flood. Help ..,"861 Grand Concourse, The Bronx, 7th floor, Room 4",flood
R01283,Save us we are in LIC Plaza 2nd floor!!!,"Bushwick, Brooklyn",explosion
R01902,"Explosion at 7th floor, MetroTech Center Save!!!","15 MetroTech Center, Downtown Brooklyn, 7th floor, Room 5",explosion
R07563,Call the police right now!! pls,"27-01 Queens Plaza North, Long Island City, 2nd floor, Room 9",crime
R06178,Flood. Help ..,"27-01 Queens Plaza North, Long Island City, 6th floor, Room 11",flood
R06589,flood has come,"Flushing, Queens",flood
R02394,"Car accident, people are injured, send help","450 West 33rd Street, Chelsea, Manhattan, 7th floor, Room 7",accident
R09644,Help mee ASAP!!,"15 MetroTech Center, Downtown Brooklyn, 5th floor, Room 9",other
R05530,Hellllppppppp!!!! This building is falling!!,"2 Penn Plaza, Midtown Manhattan, ground floor, Room 11",collapse
R05287,The building has collapsed. Save me!,"88 Wall Street, Financial District, Manhattan, 7th floor, Room 4",collapse
R07289,"Something serious is happening here, hurry","15 MetroTech Center, Downtown Brooklyn, 8th floor, Room 7",crime
R04402,Call ambulance ASAP!!,"432 Park Avenue, Midtown Manhattan, 2nd floor, Room 6",medical
R07556,Call police come fast,"861 Grand Concourse, The Bronx, 8th floor, Room 5",crime
R03202,A vehicle crashed near LIC Plaza 2nd floor,"29-27 41st Avenue, Long Island City, 2nd floor, Room 11",accident
R02054,Queens Plaza Complex: something exploded nearby helpppp,"Astoria, Queens",explosion
R02146,There has been an explosion in Midtown Tower there fire everywhere help,"432 Park Avenue, Midtown Manhattan, 1st floor, Room 2",explosion
R09610,Please send maintenance team to Ashland Place Tower,"300 Ashland Place, Downtown Brooklyn, 6th floor, Room 6",other
R00655,Atlantic Terminal: help mee fire fire fire,"Greenwich Village, Manhattan",fire
R07766,Call the emergency helpline number! ASAP!!,"1 Edgewater Plaza, Staten Island, 1st floor, Room 2",crime
R03679,Hospital emergency. Help,"27-01 Queens Plaza North, Long Island City, 2nd floor, Room 9",medical
R07396,"Help, there is a robbery happening at the bank on Main Road, please contact the police.","Flushing, Queens",crime
R01010,Fire save me,"Chinatown, Manhattan",fire
R01418,"Huge explosion at Grand Concourse Tower, smoke everywhere","861 Grand Concourse, The Bronx, 7th floor, Room 8",explosion
R02861,"Two vehicles collided, Chelsea Heights, 5th floor Room Room 6 ...","450 West 33rd Street, Chelsea, Manhattan, 5th floor, Room 6",accident
R02798,"Accident!!! people hurt, call ambulance","Riverdale, The Bronx",accident
R02632,A person got hit by a vehicle near Queens Plaza Complex 203,"27-01 Queens Plaza North, Long Island City, 8th floor, Room 5",accident
R02225,"Crash happened outside Atlantic Terminal, send medical team","620 Atlantic Avenue, Brooklyn, 8th floor, Room 8",accident
R09987,"Something unusual is happening near MetroTech Center, 8th floor Room Room 7, please check pls","Greenwich Village, Manhattan",other
R02510,"Traffic accident near Astoria, Queens, need immediate assistance","15 MetroTech Center, Downtown Brooklyn, 5th floor, Room 5",accident
R05818,Helpppp i am drowning helpppp pls,"300 Ashland Place, Downtown Brooklyn, 1st floor, Room 10",flood
R04376,"SOS I am having an attack!!!! Ashland Place Tower, 8th floor Room 808","Riverdale, The Bronx",medical
R03756,SOS I am having an attack!!!! Queens Plaza Complex Room 12,"27-01 Queens Plaza North, Long Island City, 4th floor, Room 2",medical
R04180,"Chest pain, LIC Plaza need to go to the hospital fast","Morningside Heights, Manhattan",medical
R02840,"Major accident at Eighth Avenue Tower 301, need help","111 Eighth Avenue, Chelsea, Manhattan, 7th floor, Room 2",accident
R09229,Power is gone and people are stuck in the lift,"620 Atlantic Avenue, Brooklyn, 2nd floor, Room 2",other
R08976,Lift is stuck between floors at Grand Concourse Tower ...,"Bushwick, Brooklyn",other
R00225,Help there is fire in Ashland Place Tower 2nd floor help,"300 Ashland Place, Downtown Brooklyn, 2nd floor, Room 10",fire
R02299,"A vehicle crashed near Astoria, Queens","Astoria, Queens",accident
R03394,"Chest pain, LIC Plaza need to go to the hospital fast","432 Park Avenue, Midtown Manhattan, 3rd floor, Room 6",medical
R07331,"Bank robbery, help, 1st floor Eighth Avenue Tower","111 Eighth Avenue, Chelsea, Manhattan, 1st floor, Room 12",crime
R09208,"In case of gas leak, don't switch on the bulb","620 Atlantic Avenue, Brooklyn, 2nd floor, Room 5",other
R06690,Call police come fast,"Greenwich Village, Manhattan",crime
R00352,"Fire on 4th floor LIC Plaza, please send help immediately","29-27 41st Avenue, Long Island City, 4th floor, Room 3",fire
R04611,Run,"Greenwich Village, Manhattan",collapse
R00162,"Edgewater Plaza, 8th floor Room 607 FIREEEEEE HELP","1 Edgewater Plaza, Staten Island, 8th floor, Room 7",fire
R06310,Let's move to the higher ground.,"620 Atlantic Avenue, Brooklyn, 7th floor, Room 6",flood
R06446,Stuck in a flood 1st floor LIC Plaza,"Astoria, Queens",flood
R05220,Building collapsing run run,"15 MetroTech Center, Downtown Brooklyn, 6th floor, Room 1",collapse
R05801,flood has come ...,"Morningside Heights, Manhattan",flood
R03924,"I think I'm dying, please help","Morningside Heights, Manhattan",medical
R00801,"Fire on 8th floor Penn Plaza Tower, please send help immediately!!!","2 Penn Plaza, Midtown Manhattan, 8th floor, Room 8",fire
R06640,Please evacuate the lower floors of Penn Plaza Tower as soon as possible,"2 Penn Plaza, Midtown Manhattan, 1st floor, Room 6",flood
R02196,Save us we are in Chelsea Heights 1st floor 😭,"450 West 33rd Street, Chelsea, Manhattan, 1st floor, Room 1",explosion
R08917,Road is blocked by a fallen tree near Penn Plaza Tower G00!!,"2 Penn Plaza, Midtown Manhattan, ground floor, Room 2",other
R01881,"Explosion at 5th floor, LIC Plaza Save!!!","Chinatown, Manhattan",explosion
R06529,flood has come,"300 Ashland Place, Downtown Brooklyn, 3rd floor, Room 2",flood
R05984,Helpppp i am drowning helpppp,"111 Eighth Avenue, Chelsea, Manhattan, 8th floor, Room 4",flood
R00954,Save me I am trapped in fire,"450 West 33rd Street, Chelsea, Manhattan, 6th floor, Room 5",fire
R09942,"Emergency situation, pls send help immediately","88 Wall Street, Financial District, Manhattan, 1st floor, Room 1",other
R05335,Run under the table,"27-01 Queens Plaza North, Long Island City, 6th floor, Room 8",collapse
R07608,Bomb blast Ashland Place Tower 205. Save me,"300 Ashland Place, Downtown Brooklyn, 4th floor, Room 1",crime
R02908,"Major accident at Queens Plaza Complex, 5th floor Room 107, need help","27-01 Queens Plaza North, Long Island City, 5th floor, Room 7",accident
R04514,"Part of the building has collapsed at Eighth Avenue Tower, and students may need rescue.","111 Eighth Avenue, Chelsea, Manhattan, 3rd floor, Room 7",collapse
R03820,"Open wound, and concussion emergency first aid and ambulance required ASAP!","Greenwich Village, Manhattan",medical
R01269,Helpppp there is a huge explosion helppppppp,"Washington Heights, Manhattan",explosion
R03243,"There has been an accident at MetroTech Center, 4th floor Room 404, emergency help needed!!","15 MetroTech Center, Downtown Brooklyn, 4th floor, Room 4",accident
R04044,"Open wound, and concussion emergency first aid and ambulance required ASAP!","Flushing, Queens",medical
R03674,Call 108 fasttttt there is an emergency,"Astoria, Queens",medical
R01483,Loud sound. Was that a bomb?,"27-01 Queens Plaza North, Long Island City, 4th floor, Room 8",explosion
R05889,HELP US!!! we are stuck in the flood prone area,"Washington Heights, Manhattan",flood
R04358,Call ambulance ASAP!!,"88 Wall Street, Financial District, Manhattan, 2nd floor, Room 2",medical
R00676,"Grand Concourse Tower, 2nd floor FIREEEEEE HELP","861 Grand Concourse, The Bronx, 2nd floor, Room 5",fire
R03600,"Someone needs urgent medical help at Ashland Place Tower, 3rd floor Room 304","300 Ashland Place, Downtown Brooklyn, 3rd floor, Room 4",medical
R00393,Call fire emergency ASAP!!,"88 Wall Street, Financial District, Manhattan, 5th floor, Room 8",fire
R09743,Run for your life,"Chinatown, Manhattan",other
R06571,Water everywhere help me,"15 MetroTech Center, Downtown Brooklyn, ground floor, Room 8",flood
R06837,"Bank robbery, help, 8th floor Grand Concourse Tower","Flushing, Queens",crime
R03112,"Major accident at Chinatown, Manhattan, need helpppp","Chinatown, Manhattan",accident
R02027,Save us we are in Wall Street Tower 3rd floor,"88 Wall Street, Financial District, Manhattan, 3rd floor, Room 3",explosion
R04239,Call hospital fast pls,"Sunset Park, Brooklyn",medical
R09033,Power is gone and people are stuck in the lift pls,"88 Wall Street, Financial District, Manhattan, 5th floor, Room 10",other
R03041,"Major accident at Grand Concourse Tower 505, need help","Park Slope, Brooklyn",accident
R09506,A large tree has fallen across the road,"861 Grand Concourse, The Bronx, 5th floor, Room 8",other
R00945,Fire save me,"Chinatown, Manhattan",fire
R05738,flood has come ASAP!!,"300 Ashland Place, Downtown Brooklyn, 2nd floor, Room 2",flood
R09426,"The lift stopped suddenly, people are inside","Sunset Park, Brooklyn",other
R04011,Save meeeee save meeeee injured injured,"450 West 33rd Street, Chelsea, Manhattan, 8th floor, Room 1",medical
R03035,"Road accident near Chelsea Heights, ambulance needed","Washington Heights, Manhattan",accident
R00529,Call fire emergency,"450 West 33rd Street, Chelsea, Manhattan, 1st floor, Room 8",fire
R07745,"Someone is threatening people near Atlantic Terminal, 2nd floor Room 202, call police","620 Atlantic Avenue, Brooklyn, 2nd floor, Room 6",crime
R05794,flood has come,"Park Slope, Brooklyn",flood
R06254,"Water level rising rapidly near Bushwick, Brooklyn","Flushing, Queens",flood
R03305,"There has been an accident at Penn Plaza Tower, ground floor Room G00, emergency help needed","Bushwick, Brooklyn",accident
R03306,A vehicle crashed near Edgewater Plaza 202,"1 Edgewater Plaza, Staten Island, 6th floor, Room 1",accident
R00062,"Oh no, fire has started","1 Edgewater Plaza, Staten Island, 1st floor, Room 8",fire
R07509,"Robbery happening near Wall Street Tower, send police","88 Wall Street, Financial District, Manhattan, 7th floor, Room 10",crime
R01970,Ashland Place Tower: something exploded nearby help,"300 Ashland Place, Downtown Brooklyn, 5th floor, Room 1",explosion
R02797,Accident hereeee helpppp fast,"Morningside Heights, Manhattan",accident
R00246,"Oh no, fire has started","29-27 41st Avenue, Long Island City, 7th floor, Room 7",fire
R00915,"Fire on 6th floor Atlantic Terminal, please send help immediately","620 Atlantic Avenue, Brooklyn, 6th floor, Room 4",fire
R02402,Accident hereeee helpppp fast,"15 MetroTech Center, Downtown Brooklyn, 2nd floor, Room 3",accident
R08959,Lift is stuck between floors at Queens Plaza Complex,"27-01 Queens Plaza North, Long Island City, 8th floor, Room 7",other
R06273,"The ground is flooded, send help, lifeboat and first aid","Morningside Heights, Manhattan",flood
R00565,THIS IS NOT A DRILL. THERE'S A firee IN THE BUILDING. SEND HELP!,"861 Grand Concourse, The Bronx, 3rd floor, Room 2",fire
R03764,"I have a medical emergency at Penn Plaza Tower, 5th floor Room 505","2 Penn Plaza, Midtown Manhattan, 5th floor, Room 5",medical
R00123,"Fire on 4th floor Grand Concourse Tower, please send help immediately","861 Grand Concourse, The Bronx, 4th floor, Room 1",fire
R05510,"Part of the building has collapsed at Penn Plaza Tower, and students may need rescue.","2 Penn Plaza, Midtown Manhattan, 5th floor, Room 3",collapse
R03396,Call doctor and ask for help,"300 Ashland Place, Downtown Brooklyn, 1st floor, Room 1",medical
R08941,Please send maintenance team to Atlantic Terminal,"Greenwich Village, Manhattan",other
R02328,Accident hereeee help fast,"Riverdale, The Bronx",accident
R00713,"Fire has started in Atlantic Terminal Room 8, need urgent help","620 Atlantic Avenue, Brooklyn, 7th floor, Room 8",fire
R09771,"Street light is not working near Greenwich Village, Manhattan","1 Edgewater Plaza, Staten Island, 1st floor, Room 4",other
R05600,"Flood situation in Chinatown, Manhattan, need relief ASAP!! 😭","861 Grand Concourse, The Bronx, 4th floor, Room 9",flood
R05789,flood has come,"620 Atlantic Avenue, Brooklyn, 4th floor, Room 5",flood
R02423,"Traffic accident near Sunset Park, Brooklyn, need immediate assistance","861 Grand Concourse, The Bronx, ground floor, Room 5",accident
R06674,"Catch the criminal, close the gates","29-27 41st Avenue, Long Island City, 5th floor, Room 3",crime
R01811,Penn Plaza Tower Room 5 Explosion,"2 Penn Plaza, Midtown Manhattan, 6th floor, Room 12",explosion
R01695,Save us we are in Wall Street Tower 1st floor,"88 Wall Street, Financial District, Manhattan, 1st floor, Room 3",explosion
R00283,AHHHHHHHH,"2 Penn Plaza, Midtown Manhattan, 8th floor, Room 3",fire
R06398,Move to top floor,"15 MetroTech Center, Downtown Brooklyn, 4th floor, Room 4",flood
R07554,"Robbery happening near Penn Plaza Tower, send police","Sunset Park, Brooklyn",crime
R06118,Move to top floor,"Astoria, Queens",flood
R06261,TAKE HIGH GROUND flood,"Morningside Heights, Manhattan",flood
R05411,SOS! BUILDING COLLAPSE! LOCATION SENT,"Morningside Heights, Manhattan",collapse
R03767,"Someone needs urgent medical help at Wall Street Tower, 2nd floor, Room 202","88 Wall Street, Financial District, Manhattan, 2nd floor, Room 2",medical
R09490,"Road is blocked by a fallen tree near Wall Street Tower, 3rd floor Room Room 7","Flushing, Queens",other
R06256,Savee me from the floodd,"861 Grand Concourse, The Bronx, 2nd floor, Room 2",flood
R00453,Fireeeeee helpppppp,"Sunset Park, Brooklyn",fire
R05427,Eighth Avenue Tower under shreds! Building collapse,"111 Eighth Avenue, Chelsea, Manhattan, 2nd floor, Room 1",collapse
R05946,Get to higher ground now!!,"450 West 33rd Street, Chelsea, Manhattan, 6th floor, Room 7",flood
R01372,Shit!! huge blast 😭,"Flushing, Queens",explosion
R03164,"Auto accident at Atlantic Terminal, 5th floor Room 107, please help","620 Atlantic Avenue, Brooklyn, 5th floor, Room 7",accident
R02307,"Crash happened outside Penn Plaza Tower, send medical team","2 Penn Plaza, Midtown Manhattan, 8th floor, Room 4",accident
R01891,"Explosion help , 5th floor Chelsea Heights","450 West 33rd Street, Chelsea, Manhattan, 5th floor, Room 8",explosion
R02552,"Traffic accident near Sunset Park, Brooklyn, need immediate assistance","Greenwich Village, Manhattan",accident
R00250,LIC Plaza 8th floor is on flames.. send help ASAP,"29-27 41st Avenue, Long Island City, 8th floor, Room 8",fire
R04578,Grand Concourse Tower under shreds! Building collapse,"Chinatown, Manhattan",collapse
R07725,"Robbery happening near Ashland Place Tower, send police","300 Ashland Place, Downtown Brooklyn, 1st floor, Room 2",crime
R09696,Run for your life,"432 Park Avenue, Midtown Manhattan, 2nd floor, Room 2",other
R03570,Call 108 fasttttt there is an emergency,"2 Penn Plaza, Midtown Manhattan, 3rd floor, Room 3",medical
R09477,"Emergency situation at Ashland Place Tower, 7th floor Room 103, please send help","300 Ashland Place, Downtown Brooklyn, 7th floor, Room 3",other
R03133,"Two vehicles collided, LIC Plaza, 2nd floor Room 202","29-27 41st Avenue, Long Island City, 2nd floor, Room 2",accident
R01131,Save us we are in Ashland Place Tower 4th floor,"Chinatown, Manhattan",explosion
R01002,Midtown Tower 8th floor is on flames.. send help ASAP,"432 Park Avenue, Midtown Manhattan, 8th floor, Room 7",fire
R01948,It will blasttt,"Park Slope, Brooklyn",explosion
R07475,"Help, there is a robbery happening at the bank on Main Road, pls contact the police.","Park Slope, Brooklyn",crime
R00630,AHHHHHHHH,"450 West 33rd Street, Chelsea, Manhattan, 5th floor, Room 5",fire
R06001,Move to top floor,"29-27 41st Avenue, Long Island City, 2nd floor, Room 9",flood
R05498,The building has collapsed. Save me!,"Bushwick, Brooklyn",collapse
R05557,"Water level rising rapidly near Morningside Heights, Manhattan","Greenwich Village, Manhattan",flood
R06617,Move to safe area,"Sunset Park, Brooklyn",flood
R02489,"Auto accident at Wall Street Tower, 3rd floor Room 407, please help","88 Wall Street, Financial District, Manhattan, 3rd floor, Room 7",accident
R06817,"Armed robbery happening right now at the bank, call the police","Greenwich Village, Manhattan",crime
R06954,"Catch the criminal, close the gates","300 Ashland Place, Downtown Brooklyn, 3rd floor, Room 4",crime
R09753,Please send maintenance team to Grand Concourse Tower,"861 Grand Concourse, The Bronx, 7th floor, Room 7",other
R09350,"Street light is not working near Chinatown, Manhattan","Sunset Park, Brooklyn",other
R06857,Am I that unlucky,"27-01 Queens Plaza North, Long Island City, ground floor, Room 2",crime
R03760,"I have a medical emergency at Chelsea Heights, 2nd floor Room 202","450 West 33rd Street, Chelsea, Manhattan, 2nd floor, Room 2",medical
R05370,No wayyy building falling,"Bushwick, Brooklyn",collapse
R00717,Help!!!!! fire here,"432 Park Avenue, Midtown Manhattan, 8th floor, Room 10",fire
R03970,Doctor where is he,"29-27 41st Avenue, Long Island City, 3rd floor, Room 2",medical
R07111,"Crime happening here, need police immediately","Morningside Heights, Manhattan",crime
R03858,Doctor where is he,"15 MetroTech Center, Downtown Brooklyn, 5th floor, Room 5",medical
R09220,A large tree has fallen across the road,"450 West 33rd Street, Chelsea, Manhattan, ground floor, Room 6",other
R07256,"Catch the criminal, close the gates","450 West 33rd Street, Chelsea, Manhattan, 7th floor, Room 6",crime
R05045,this builidng is collapsing ... send help pls,"450 West 33rd Street, Chelsea, Manhattan, 5th floor, Room 6",collapse
R09583,A large tree has fallen across the road,"111 Eighth Avenue, Chelsea, Manhattan, 5th floor, Room 5",other
R03564,"SOS I am having an attack!!!! Queens Plaza Complex, 2nd floor Room 202","Astoria, Queens",medical
R03095,"Road accident near Queens Plaza Complex, ambulance needed","Astoria, Queens",accident
R03998,Helpp it's medical emergency,"300 Ashland Place, Downtown Brooklyn, 1st floor, Room 3",medical
R00584,firee save me,"1 Edgewater Plaza, Staten Island, 3rd floor, Room 1",fire
R05077,Building collapsing run run,"620 Atlantic Avenue, Brooklyn, 6th floor, Room 1",collapse
R02601,"Road accident near Chelsea Heights, ambulance needed","450 West 33rd Street, Chelsea, Manhattan, 6th floor, Room 6",accident
R09484,Help mee,"2 Penn Plaza, Midtown Manhattan, 6th floor, Room 5",other
R03843,"Chest pain, LIC Plaza need to go to the hospital fast","1 Edgewater Plaza, Staten Island, 2nd floor, Room 8",medical
R00593,AHHHHHHHH,"Morningside Heights, Manhattan",fire
R00705,Help there is fire in MetroTech Center 1st floor help,"15 MetroTech Center, Downtown Brooklyn, 1st floor, Room 10",fire
R03861,Call an ambulance! Call an ambulance!,"15 MetroTech Center, Downtown Brooklyn, 3rd floor, Room 10",medical
R06277,Get to higher ground now!!,"15 MetroTech Center, Downtown Brooklyn, 5th floor, Room 5",flood
R04207,Call an ambulance! Call an ambulance! ASAP!!,"1 Edgewater Plaza, Staten Island, 8th floor, Room 8",medical
R02038,Loud sound. Was that a bomb?,"15 MetroTech Center, Downtown Brooklyn, 7th floor, Room 4",explosion
R03834,Call hospital fast pls,"450 West 33rd Street, Chelsea, Manhattan, 8th floor, Room 7",medical
R00285,Fire!! 1st floor LIC Plaza !!!! Room 6!!,"29-27 41st Avenue, Long Island City, 7th floor, Room 6",fire
R00472,Stay away there's a fire!!,"Bushwick, Brooklyn",fire
R03181,"A person got hit by a vehicle near Ashland Place Tower, 4th floor Room Room 11","300 Ashland Place, Downtown Brooklyn, 4th floor, Room 1",accident
R01840,Helpppp there is a huge explosion helpppp,"620 Atlantic Avenue, Brooklyn, 8th floor, Room 8",explosion
R09795,"Emergency situation, please send help immediately","861 Grand Concourse, The Bronx, 7th floor, Room 7",other
R09742,Help mee,"27-01 Queens Plaza North, Long Island City, 2nd floor, Room 2",other
R04002,"Open wound, and concussion emergency first aid and ambulance required ASAP! ASAP!!","620 Atlantic Avenue, Brooklyn, 8th floor, Room 9",medical
R05895,TAKE HIGH GROUND flood 😭,"88 Wall Street, Financial District, Manhattan, 3rd floor, Room 8",flood
R03293,A vehicle crashed near Wall Street Tower 2nd floor!!,"88 Wall Street, Financial District, Manhattan, 2nd floor, Room 7",accident
R06151,Savee me from the floodd,"111 Eighth Avenue, Chelsea, Manhattan, 8th floor, Room 7",flood
R00010,Firee fireee at LIC Plaza saveee mee,"29-27 41st Avenue, Long Island City, 4th floor, Room 11",fire
R05606,HELP US!!! we are stuck in the flood prone area,"15 MetroTech Center, Downtown Brooklyn, 8th floor, Room 1",flood
R06967,"Bank robbery, help, 4th floor Edgewater Plaza","1 Edgewater Plaza, Staten Island, 4th floor, Room 4",crime
R03702,Call hospital fast pls,"111 Eighth Avenue, Chelsea, Manhattan, 6th floor, Room 7",medical
R06270,"Flood, I am stuck, save me! ...","88 Wall Street, Financial District, Manhattan, 7th floor, Room 7",flood
R09958,The lift has stopped working. Save me!,"Bushwick, Brooklyn",other
R04185,Doctor where is he,"Park Slope, Brooklyn",medical
R04872,The building has collapsed. Save me!,"Bushwick, Brooklyn",collapse
R06765,"A person with a weapon is causing danger at LIC Plaza, 3rd floor Room 303","29-27 41st Avenue, Long Island City, 3rd floor, Room 10",crime
R02726,"Road accident near Edgewater Plaza, ambulance needed","1 Edgewater Plaza, Staten Island, 6th floor, Room 3",accident
R01489,It will blasttt,"620 Atlantic Avenue, Brooklyn, 8th floor, Room 2",explosion
R00158,FIREEEEEE HELPPPPPPPP USSS OUTTTTTTTT. Atlantic Terminal !!! ASAP!!,"Chinatown, Manhattan",fire
R06015,"Flood situation in Greenwich Village, Manhattan, need relief ASAP!!","88 Wall Street, Financial District, Manhattan, 2nd floor, Room 2",flood
R02881,Bike and car collided near Chelsea Heights 2nd floor,"450 West 33rd Street, Chelsea, Manhattan, 2nd floor, Room 1",accident
R06113,Move to top floor,"88 Wall Street, Financial District, Manhattan, 7th floor, Room 6",flood
R09816,"There is a gas smell in the building, please check","29-27 41st Avenue, Long Island City, 3rd floor, Room 2",other
R03111,"Major accident at Greenwich Village, Manhattan, need help","Greenwich Village, Manhattan",accident
R04081,"Please send an ambulance to Chelsea Heights, 3rd floor Room 909","450 West 33rd Street, Chelsea, Manhattan, 3rd floor, Room 9",medical
R09415,"Something unusual is happening near Wall Street Tower, 4th floor, Room 404, please check","88 Wall Street, Financial District, Manhattan, 4th floor, Room 4",other
R04028,Save meeeee save meeeee injured injured,"88 Wall Street, Financial District, Manhattan, 7th floor, Room 6",medical
R00335,Fire at Ashland Place Tower first floor.... Come quickly,"300 Ashland Place, Downtown Brooklyn, ground floor, Room 5",fire
R01237,"Explosion at 1st floor, Atlantic Terminal Save!!!","620 Atlantic Avenue, Brooklyn, 1st floor, Room 2",explosion
R06657,"Flood, im stuck, save me!","1 Edgewater Plaza, Staten Island, 7th floor, Room 7",flood
R07365,"Catch the criminal, close the gates","2 Penn Plaza, Midtown Manhattan, ground floor, Room 10",crime
R06317,"Water level rising rapidly near Chinatown, Manhattan","1 Edgewater Plaza, Staten Island, 6th floor, Room 6",flood
R03910,Call hospital fast pls,"Flushing, Queens",medical
R03090,"Car accident, people are injured, send help","432 Park Avenue, Midtown Manhattan, 8th floor, Room 7",accident
R04972,Go run fast. the building is collapsing ASAP!!,"450 West 33rd Street, Chelsea, Manhattan, 1st floor, Room 9",collapse
R07225,Call the emergency helpline number!,"861 Grand Concourse, The Bronx, 8th floor, Room 1",crime
R01380,There has been an explosion in Grand Concourse Tower there fire everywhere help,"Park Slope, Brooklyn",explosion
R03801,Hospital!!! Emergency! Cash! Vehicle needed,"1 Edgewater Plaza, Staten Island, 6th floor, Room 6",medical
R03918,Hospital!!! Emergency! Cash! Vehicle needed,"620 Atlantic Avenue, Brooklyn, 1st floor, Room 2",medical
R02825,"Road accident near MetroTech Center, ambulance needed","Greenwich Village, Manhattan",accident
R00905,Queens Plaza Complex: help mee fire fire fire,"27-01 Queens Plaza North, Long Island City, 8th floor, Room 8",fire
R05573,"Flood situation in Bushwick, Brooklyn, need relief ASAP!!","861 Grand Concourse, The Bronx, 3rd floor, Room 3",flood
R00808,"MetroTech Center, 1st floor FIREEEEEE HELP","15 MetroTech Center, Downtown Brooklyn, 1st floor, Room 5",fire
R07522,Am I that unlucky,"15 MetroTech Center, Downtown Brooklyn, 3rd floor, Room 3",crime
R07173,"Armed robbery happening right now at the bank, call the police","432 Park Avenue, Midtown Manhattan, 2nd floor, Room 2",crime
R02693,A person got hit by a vehicle near Eighth Avenue Tower 603,"111 Eighth Avenue, Chelsea, Manhattan, 6th floor, Room 6",accident
R06013,Move to top floor,"450 West 33rd Street, Chelsea, Manhattan, 1st floor, Room 2",flood
R03145,"Accident!!! people hurt, call ambulance","450 West 33rd Street, Chelsea, Manhattan, 1st floor, Room 1",accident
R02981,"Major accident at LIC Plaza, 2nd floor Room 202, need help","Morningside Heights, Manhattan",accident
R04369,I need urgent medical help please,"450 West 33rd Street, Chelsea, Manhattan, 2nd floor, Room 9",medical
R04210,Hospital!!! Emergency! Cash! Vehicle needed,"15 MetroTech Center, Downtown Brooklyn, 6th floor, Room 6",medical
R07504,"Bank robbery, help, ground floor Atlantic Terminal","Flushing, Queens",crime
R01011,Fire save me,"2 Penn Plaza, Midtown Manhattan, 2nd floor, Room 7",fire
R00947,Help!!!!! fire here,"29-27 41st Avenue, Long Island City, 7th floor, Room 12",fire
R07614,"Help me.. there's robbery near Riverdale, The Bronx.!!!","Morningside Heights, Manhattan",crime
R00364,Fire at Penn Plaza Tower first floor.... Come quickly ASAP!!,"Greenwich Village, Manhattan",fire
R01314,Helpppp there is a huge explosion helppppppp,"Park Slope, Brooklyn",explosion
R05116,Leave the building quickly,"2 Penn Plaza, Midtown Manhattan, 2nd floor, Room 5",collapse
R02460,"Vehicle overturned near Grand Concourse Tower, need rescue 😭","861 Grand Concourse, The Bronx, 6th floor, Room 1",accident
R07594,"Someone is threatening people near Ashland Place Tower 5th floor, call police","300 Ashland Place, Downtown Brooklyn, 5th floor, Room 1",crime
R02073,Loud sound. Was that a bomb?,"1 Edgewater Plaza, Staten Island, 3rd floor, Room 2",explosion
R09035,Run for your life,"Riverdale, The Bronx",other
R09519,A large tree has fallen across the road,"Park Slope, Brooklyn",other
R07021,"Help, there is a robbery happening at the bank on Main Road, please contact the police.","27-01 Queens Plaza North, Long Island City, 6th floor, Room 1",crime
R07694,"Bank robbery, help, 2nd floor Penn Plaza Tower","Flushing, Queens",crime
R03472,I have a medical emergency at Grand Concourse Tower 808,"861 Grand Concourse, The Bronx, 8th floor, Room 5",medical
R03482,SOS I am having an attack!!!! Eighth Avenue Tower 303,"Washington Heights, Manhattan",medical
R02669,"Someone got injured in a road accident at Edgewater Plaza, ground floor Room G00","1 Edgewater Plaza, Staten Island, ground floor, Room 6",accident
R02923,"A vehicle crashed near Park Slope, Brooklyn","Park Slope, Brooklyn",accident
R06539,Stuck in a flood 7th floor Chelsea Heights,"Riverdale, The Bronx",flood
R06322,Helpppp i am drowning helpppp!!,"1 Edgewater Plaza, Staten Island, ground floor, Room 11",flood
R09545,"Emergency situation at Astoria, Queens, please send help","Astoria, Queens",other
R07519,Somebody please call 112 there is a crime going on,"432 Park Avenue, Midtown Manhattan, 3rd floor, Room 3",crime
R03518,Call ambulance,"15 MetroTech Center, Downtown Brooklyn, 6th floor, Room 4",medical
R09015,Water pipe burst near Penn Plaza Tower,"Park Slope, Brooklyn",other
R06432,"Water level rising rapidly near Riverdale, The Bronx","Morningside Heights, Manhattan",flood
R03449,"Call 108 Edgewater Plaza, 8th floor Room Room 2 send guys","1 Edgewater Plaza, Staten Island, 8th floor, Room 2",medical
R09738,"Street light is not working near Riverdale, The Bronx","300 Ashland Place, Downtown Brooklyn, 7th floor, Room 7",other
R01506,Explosion in building run away.....,"Chinatown, Manhattan",explosion
R02208,Loud sound. Was that a bomb?,"1 Edgewater Plaza, Staten Island, 1st floor, Room 1",explosion
R02813,"A vehicle crashed near Edgewater Plaza, 1st floor Room 101","1 Edgewater Plaza, Staten Island, 1st floor, Room 1",accident
R06715,Call the police right now!!,"88 Wall Street, Financial District, Manhattan, 1st floor, Room 6",crime
R03598,Doctor where is he,"300 Ashland Place, Downtown Brooklyn, 8th floor, Room 8",medical
R09870,Water pipe burst near Penn Plaza Tower,"Riverdale, The Bronx",other
R06904,Call the emergency helpline number!,"27-01 Queens Plaza North, Long Island City, 8th floor, Room 2",crime
R05436,The building has collapsed. Save me!,"Flushing, Queens",collapse
R07089,A person with a weapon is causing danger at Midtown Tower 203,"432 Park Avenue, Midtown Manhattan, 6th floor, Room 6",crime
R03300,"Traffic accident near Washington Heights, Manhattan, need immediate assistance","111 Eighth Avenue, Chelsea, Manhattan, 7th floor, Room 7",accident
R07273,Call the police right now!!,"620 Atlantic Avenue, Brooklyn, 3rd floor, Room 6",crime
R06049,"Flood, I am stuck, save me!","111 Eighth Avenue, Chelsea, Manhattan, 5th floor, Room 5",flood
R04475,Building has been collapsed!!!,"Riverdale, The Bronx",collapse
R07232,Am I that unlucky,"Riverdale, The Bronx",crime
R02274,A person got hit by a vehicle near Edgewater Plaza Room 12,"1 Edgewater Plaza, Staten Island, 6th floor, Room 7",accident
R03195,"bike hit someone at Chelsea Heights 1st floor, please send helpppp","450 West 33rd Street, Chelsea, Manhattan, 1st floor, Room 7",accident
R02270,"Road accident near Eighth Avenue Tower, ambulance needed","Astoria, Queens",accident
R05072,"Building collapsed of Grand Concourse Tower, need help","Park Slope, Brooklyn",collapse
R03466,"Open wound, and concussion emergency first aid and ambulance required ASAP!","Flushing, Queens",medical
R09518,Gas leakage here don't switch bulb on,"450 West 33rd Street, Chelsea, Manhattan, 3rd floor, Room 3",other
R01551,Something exploded we need to run,"2 Penn Plaza, Midtown Manhattan, 4th floor, Room 1",explosion
R05124,Run,"861 Grand Concourse, The Bronx, 3rd floor, Room 1",collapse
R09341,Lift is stuck between floors at Wall Street Tower,"88 Wall Street, Financial District, Manhattan, 3rd floor, Room 3",other
R05687,"The ground is flooded, send help, lifeboat and first aid","450 West 33rd Street, Chelsea, Manhattan, 6th floor, Room 12",flood
R07762,A person with a weapon is causing danger at Ashland Place Tower Room 6,"Sunset Park, Brooklyn",crime
R05951,HELP US!!! we are stuck in the flood prone area,"861 Grand Concourse, The Bronx, 6th floor, Room 12",flood
R04747,"Part of the building has collapsed at Midtown Tower, and students may need rescue.","432 Park Avenue, Midtown Manhattan, 2nd floor, Room 3",collapse
R00361,bro fire 7th floor,"432 Park Avenue, Midtown Manhattan, 7th floor, Room 7",fire
R02074,"Quickly save us from explosion, 2nd floor, Wall Street Tower","88 Wall Street, Financial District, Manhattan, 2nd floor, Room 8",explosion
R00780,Firee fireee at Chelsea Heights saveee mee,"450 West 33rd Street, Chelsea, Manhattan, 8th floor, Room 8",fire
R07581,Bomb blast Midtown Tower 5th floor. Save me,"Sunset Park, Brooklyn",crime
R00070,Help!!!!! fire here,"Bushwick, Brooklyn",fire
R07687,"Help me.. there's robbery near Flushing, Queens.","620 Atlantic Avenue, Brooklyn, 3rd floor, Room 8",crime
R04681,EVACUATE ...,"Riverdale, The Bronx",collapse
R06399,Flood. Help ..,"432 Park Avenue, Midtown Manhattan, 5th floor, Room 5",flood
R02255,"bike hit someone at MetroTech Center, 7th floor Room 606, please send help","15 MetroTech Center, Downtown Brooklyn, 7th floor, Room 6",accident
R00785,Fireeeeee helpppppp,"450 West 33rd Street, Chelsea, Manhattan, 6th floor, Room 6",fire
R00315,"MetroTech Center, 8th floor, Room Room 7 FIREEEEEE HELP ASAP!!","15 MetroTech Center, Downtown Brooklyn, 8th floor, Room 7",fire
R01804,Room 7! Fire!!!!! blast LIC Plaza ground floor,"Chinatown, Manhattan",explosion
R00496,Eighth Avenue Tower 3rd floor is on flames.. send help ASAP,"111 Eighth Avenue, Chelsea, Manhattan, 3rd floor, Room 3",fire
R02559,"Auto accident at Grand Concourse Tower, 5th floor Room Room 5, please help","861 Grand Concourse, The Bronx, 5th floor, Room 5",accident
R00039,Call fire emergency 😭,"15 MetroTech Center, Downtown Brooklyn, 4th floor, Room 3",fire
R01402,Shit!! huge blast,"Bushwick, Brooklyn",explosion
R07591,"Armed robbery happening right now at the bank, call the police","29-27 41st Avenue, Long Island City, 7th floor, Room 8",crime
R05151,EVACUATE,"1 Edgewater Plaza, Staten Island, 1st floor, Room 6",collapse
R09129,"The lift stopped suddenly, people are inside","Morningside Heights, Manhattan",other
R05296,Hellllppppppp!!!! This building is falling!!,"2 Penn Plaza, Midtown Manhattan, 8th floor, Room 3",collapse
R06041,"Water level rising rapidly near Sunset Park, Brooklyn","29-27 41st Avenue, Long Island City, 7th floor, Room 1",flood
R08909,"Something unusual is happening near Edgewater Plaza, 2nd floor Room 602, please check","Flushing, Queens",other
R00205,FIRE. HELP!!!!! Eighth Avenue Tower 209,"111 Eighth Avenue, Chelsea, Manhattan, 8th floor, Room 9",fire
R03748,"Please send an ambulance to Sunset Park, Brooklyn","Sunset Park, Brooklyn",medical
R09882,"Street light is not working near Sunset Park, Brooklyn pls","88 Wall Street, Financial District, Manhattan, 4th floor, Room 7",other
R02543,"Two vehicles collided, MetroTech Center 1st floor","Greenwich Village, Manhattan",accident
R09170,"In case of gas leak, don't switch on the bulb","111 Eighth Avenue, Chelsea, Manhattan, 6th floor, Room 3",other
R05893,"The ground is flooded, send help, lifeboat and first aid","861 Grand Concourse, The Bronx, 3rd floor, Room 1",flood
R05251,"Building collapsed of Atlantic Terminal, need help","620 Atlantic Avenue, Brooklyn, 2nd floor, Room 2",collapse
R07337,"Robbery happening near Chelsea Heights, send police","Park Slope, Brooklyn",crime
R00882,FIREEEEEE HELPPPPPPPP USSS OUTTTTTTTT. Ashland Place Tower !!!,"300 Ashland Place, Downtown Brooklyn, 7th floor, Room 7",fire
R05478,Eighth Avenue Tower under shreds! Building collapse,"Astoria, Queens",collapse
R02350,"Someone got injured in a road accident at LIC Plaza, 2nd floor Room Room 7","29-27 41st Avenue, Long Island City, 2nd floor, Room 7",accident
R09489,The lift has stopped working. Save me!,"Washington Heights, Manhattan",other
R07265,"Catch the criminal, close the gates","450 West 33rd Street, Chelsea, Manhattan, 8th floor, Room 7",crime
R01100,"Grand Concourse Tower, ground floor, Room 906 FIREEEEEE HELP","861 Grand Concourse, The Bronx, ground floor, Room 6",fire
R01091,THIS IS NOT A DRILL. THERE'S A FIRE IN THE BUILDING. SEND HELP!,"432 Park Avenue, Midtown Manhattan, 6th floor, Room 6",fire
R01663,Save us we are in Grand Concourse Tower 1st floor,"861 Grand Concourse, The Bronx, 1st floor, Room 5",explosion
R06557,Water everywhere help me,"620 Atlantic Avenue, Brooklyn, 8th floor, Room 8",flood
R09265,Power is gone and people are stuck in the lift,"1 Edgewater Plaza, Staten Island, 5th floor, Room 2",other
R03124,"bike hit someone at Ashland Place Tower, 7th floor, please send help","300 Ashland Place, Downtown Brooklyn, 7th floor, Room 5",accident
R09575,Please send maintenance team to Grand Concourse Tower,"861 Grand Concourse, The Bronx, 2nd floor, Room 12",other
R05105,"Building collapsed of Ashland Place Tower, need help","300 Ashland Place, Downtown Brooklyn, 4th floor, Room 6",collapse
R00004,Fire save me,"27-01 Queens Plaza North, Long Island City, 1st floor, Room 1",fire
R06478,Please evacuate the lower floors of Midtown Tower as soon as possible,"Washington Heights, Manhattan",flood
R04873,Grand Concourse Tower under shreds! Building collapse,"861 Grand Concourse, The Bronx, ground floor, Room 2",collapse
R02686,"Someone got injured in a road accident at Ashland Place Tower, 3rd floor Room 308","300 Ashland Place, Downtown Brooklyn, 3rd floor, Room 11",accident
R04895,"Part of the building has collapsed at Penn Plaza Tower, and students may need rescue.","2 Penn Plaza, Midtown Manhattan, 1st floor, Room 1",collapse
R04219,"Open wound, and concussion emergency first aid and ambulance required ASAP!","88 Wall Street, Financial District, Manhattan, 8th floor, Room 7",medical
R07433,"Someone is threatening people near Atlantic Terminal 709, call police","620 Atlantic Avenue, Brooklyn, 5th floor, Room 9",crime
R00725,FIREEEEEE HELPPPPPPPP USSS OUTTTTTTTT. Queens Plaza Complex !!!,"27-01 Queens Plaza North, Long Island City, 6th floor, Room 6",fire
R09638,Run for your life,"15 MetroTech Center, Downtown Brooklyn, 7th floor, Room 4",other
R05841,"The ground is flooded, send help, lifeboat and first aid","Greenwich Village, Manhattan",flood
R01735,"Explosion help , 7th floor Penn Plaza Tower","Sunset Park, Brooklyn",explosion
R09260,"Street light is not working near Washington Heights, Manhattan","620 Atlantic Avenue, Brooklyn, 2nd floor, Room 2",other
R06470,"The ground is flooded, send help, lifeboat and first aid","Sunset Park, Brooklyn",flood
R03190,"Auto accident at Penn Plaza Tower, ground floor, Room Room 8, please help","2 Penn Plaza, Midtown Manhattan, ground floor, Room 8",accident
R03880,"I think I'm dying, please help","Chinatown, Manhattan",medical
R00394,Help!!!!! fire here,"2 Penn Plaza, Midtown Manhattan, 2nd floor, Room 8",fire
R07415,"Armed robbery happening right now at the bank, call the police","Park Slope, Brooklyn",crime
R02353,"Accident!!! people hurt, call ambulance!!","2 Penn Plaza, Midtown Manhattan, 8th floor, Room 8",accident
R05405,Oh no! The building! It's falling!,"432 Park Avenue, Midtown Manhattan, 5th floor, Room 6",collapse
R05612,"Flood water is entering the ground floor of Grand Concourse Tower, please send help immediately","861 Grand Concourse, The Bronx, 7th floor, Room 7",flood
R05572,Helpppp i am drowning helpppp,"88 Wall Street, Financial District, Manhattan, 4th floor, Room 4",flood
R00186,Ashland Place Tower: help mee fire fire fire,"Washington Heights, Manhattan",fire
R08972,"Street light is not working near Flushing, Queens","861 Grand Concourse, The Bronx, ground floor, Room 9",other
R01092,"Oh no, fire has started","861 Grand Concourse, The Bronx, 7th floor, Room 7",fire
R00518,"Oh no, fire has started","15 MetroTech Center, Downtown Brooklyn, 6th floor, Room 3",fire
R04276,"Open wound, and concussion emergency first aid and ambulance required ASAP!","29-27 41st Avenue, Long Island City, 5th floor, Room 5",medical
R07062,"Armed robbery happening right now at the bank, call the police ...","Park Slope, Brooklyn",crime
R09036,The lift has stopped working. Save me!,"27-01 Queens Plaza North, Long Island City, 1st floor, Room 1",other
R01029,THIS IS NOT A DRILL. THERE'S A FIRE IN THE BUILDING. SEND HELP!,"300 Ashland Place, Downtown Brooklyn, 1st floor, Room 9",fire
R06774,"Something serious is happening here, hurry","Sunset Park, Brooklyn",crime
R06183,"Flood water is entering the ground floor of LIC Plaza, please send help immediately","29-27 41st Avenue, Long Island City, 2nd floor, Room 3",flood
R04198,"Someone needs urgent medical help at Grand Concourse Tower, 7th floor Room 503","Greenwich Village, Manhattan",medical
R00387,Fire!! 1st floor Midtown Tower !!!! Room 4!!,"Sunset Park, Brooklyn",fire
R02818,"A person got hit by a vehicle near LIC Plaza, 3rd floor Room 303","Riverdale, The Bronx",accident
R06496,"Flood, I am stuck, save me!","2 Penn Plaza, Midtown Manhattan, 1st floor, Room 5",flood
R04114,Call hospital fast pls,"2 Penn Plaza, Midtown Manhattan, 7th floor, Room 4",medical
R05988,Water everywhere help me,"Riverdale, The Bronx",flood
R02173,Helpppp there is a huge explosion helpppp,"2 Penn Plaza, Midtown Manhattan, 6th floor, Room 1",explosion
R01850,It will blasttt,"Sunset Park, Brooklyn",explosion
R05505,EVACUATE,"1 Edgewater Plaza, Staten Island, 6th floor, Room 1",collapse
R09941,"Street light is not working near Washington Heights, Manhattan","1 Edgewater Plaza, Staten Island, 5th floor, Room 6",other
R00486,Save me I am trapped in fire,"27-01 Queens Plaza North, Long Island City, 3rd floor, Room 6",fire
R05108,No wayyy building falling,"2 Penn Plaza, Midtown Manhattan, 4th floor, Room 9",collapse
R09936,"There is a gas smell in the building, please check","15 MetroTech Center, Downtown Brooklyn, 4th floor, Room 1",other
R03070,"A vehicle crashed near LIC Plaza, 6th floor Room Room 4","29-27 41st Avenue, Long Island City, 6th floor, Room 4",accident
R01179,BLAST. HELP ME!!!! In Atlantic Terminal 5th floor,"620 Atlantic Avenue, Brooklyn, 5th floor, Room 1",explosion
R09736,"Street light is not working near Flushing, Queens ASAP!!","861 Grand Concourse, The Bronx, 4th floor, Room 4",other
R09314,Road is blocked by a fallen tree near Midtown Tower Room 7,"432 Park Avenue, Midtown Manhattan, 5th floor, Room 7",other
R04668,Leave the building quickly,"111 Eighth Avenue, Chelsea, Manhattan, 8th floor, Room 1",collapse
R04391,Call hospital fast pls,"Greenwich Village, Manhattan",medical
R06659,"Flood situation in Chinatown, Manhattan, need relief ASAP!!","Greenwich Village, Manhattan",flood
R02588,"Crash happened outside Midtown Tower, send medical team","432 Park Avenue, Midtown Manhattan, 2nd floor, Room 2",accident
R05880,"The ground is flooded, send help, lifeboat and first aid","Astoria, Queens",flood
R00932,Ashland Place Tower 6th floor is on flames.. send help ASAP,"300 Ashland Place, Downtown Brooklyn, 6th floor, Room 1",fire
R07621,Call police come fast,"88 Wall Street, Financial District, Manhattan, 8th floor, Room 3",crime
R03522,Call ambulance,"27-01 Queens Plaza North, Long Island City, 4th floor, Room 7",medical
R03668,Call an ambulance! Call an ambulance!,"15 MetroTech Center, Downtown Brooklyn, 4th floor, Room 5",medical
R01202,Explosion in building run away.....,"861 Grand Concourse, The Bronx, 2nd floor, Room 6",explosion
R06223,"Flood, I am stuck, save me!","300 Ashland Place, Downtown Brooklyn, 3rd floor, Room 9",flood
R02789,"Road accident near Edgewater Plaza, ambulance needed","1 Edgewater Plaza, Staten Island, 8th floor, Room 6",accident
R00247,Stay away there's a fire!!,"1 Edgewater Plaza, Staten Island, 5th floor, Room 5",fire
R02942,"There has been an accident at Ashland Place Tower 1st floor, emergency help needed 😭","300 Ashland Place, Downtown Brooklyn, 1st floor, Room 3",accident
R00939,Queens Plaza Complex: help mee fire fire fire,"27-01 Queens Plaza North, Long Island City, 2nd floor, Room 4",fire
R02021,"Huge explosion at Wall Street Tower, smoke everywhere","88 Wall Street, Financial District, Manhattan, 7th floor, Room 9",explosion
R02876,"Crash happened outside Queens Plaza Complex, send medical team","Morningside Heights, Manhattan",accident
R05183,Hellllppppppp!!!! This building is falling!!,"15 MetroTech Center, Downtown Brooklyn, 4th floor, Room 6",collapse
R04575,No wayyy building falling,"432 Park Avenue, Midtown Manhattan, 2nd floor, Room 7",collapse
R04883,MetroTech Center under shreds! Building collapse,"15 MetroTech Center, Downtown Brooklyn, 8th floor, Room 8",collapse
R04049,Hospital emergency. Help,"Bushwick, Brooklyn",medical
R02180,Explosion in building run away.....,"300 Ashland Place, Downtown Brooklyn, 4th floor, Room 1",explosion
R07244,"Help me.. there's robbery near Sunset Park, Brooklyn.","432 Park Avenue, Midtown Manhattan, 4th floor, Room 9",crime
R07765,"Crime happening here, need police immediately","Riverdale, The Bronx",crime
R03588,I need urgent medical help please,"15 MetroTech Center, Downtown Brooklyn, 2nd floor, Room 1",medical
R00541,Help!!!!! fire here,"300 Ashland Place, Downtown Brooklyn, 3rd floor, Room 4",fire
R02418,"There has been an accident at Queens Plaza Complex, ground floor Room G00, emergency help needed","27-01 Queens Plaza North, Long Island City, ground floor, Room 7",accident
R00711,Fire!! 1st floor Penn Plaza Tower !!!! 608!!,"2 Penn Plaza, Midtown Manhattan, 8th floor, Room 8",fire
R05443,Run under the table,"432 Park Avenue, Midtown Manhattan, 6th floor, Room 8",collapse
R00653,Fire save me,"Bushwick, Brooklyn",fire
R03848,Save meeeee save meeeee injured injured,"Flushing, Queens",medical
R05065,The building has collapsed. Save me!,"Bushwick, Brooklyn",collapse
R04989,"Building collapsed of Eighth Avenue Tower, need help 😭","Chinatown, Manhattan",collapse
R04073,SOS I am having an attack!!!! Queens Plaza Complex 103,"27-01 Queens Plaza North, Long Island City, 7th floor, Room 5",medical
R00477,Help!!!!! fire here,"15 MetroTech Center, Downtown Brooklyn, 5th floor, Room 10",fire
R02766,"Traffic accident near Chinatown, Manhattan, need immediate assistance","15 MetroTech Center, Downtown Brooklyn, 5th floor, Room 6",accident
R04722,"The roof just collapsed at Penn Plaza Tower, people are trapped","Riverdale, The Bronx",collapse
R01519,"Explosion help , 1st floor Chelsea Heights","450 West 33rd Street, Chelsea, Manhattan, 1st floor, Room 8",explosion
R05029,"Part of the building has collapsed at Queens Plaza Complex, and students may need rescue.","27-01 Queens Plaza North, Long Island City, 3rd floor, Room 6",collapse
R04120,Call ambulance,"1 Edgewater Plaza, Staten Island, 4th floor, Room 4",medical
R03602,Hospital!!! Emergency! Cash! Vehicle needed,"Park Slope, Brooklyn",medical
R03854,Save meeeee save meeeee injured injured,"Bushwick, Brooklyn",medical
R09098,Gas leakage here don't switch bulb on,"27-01 Queens Plaza North, Long Island City, ground floor, Room 3",other
R09833,"Street light is not working near Morningside Heights, Manhattan","27-01 Queens Plaza North, Long Island City, 2nd floor, Room 4",other
R00314,Fireeeeee helpppppp,"Park Slope, Brooklyn",fire
R04893,"Building collapsed of Queens Plaza Complex, need help","27-01 Queens Plaza North, Long Island City, 7th floor, Room 1",collapse
R02404,Bike and car collided near Ashland Place Tower 7th floor,"Chinatown, Manhattan",accident
R03899,Call ambulance,"450 West 33rd Street, Chelsea, Manhattan, 5th floor, Room 8",medical
R02547,"bike hit someone at LIC Plaza 2nd floor, please send help","29-27 41st Avenue, Long Island City, 2nd floor, Room 2",accident
R05484,Go run fast. the building is collapsing,"861 Grand Concourse, The Bronx, 6th floor, Room 1",collapse
R04845,Run,"2 Penn Plaza, Midtown Manhattan, 3rd floor, Room 10",collapse
R00271,"Oh no, fire has started","300 Ashland Place, Downtown Brooklyn, 2nd floor, Room 2",fire
R05240,Go run fast. the building is collapsing,"2 Penn Plaza, Midtown Manhattan, 6th floor, Room 1",collapse
R06521,Helpppp i am drowning helpppp,"Flushing, Queens",flood
R01962,There has been an explosion in MetroTech Center there fire everywhere help,"15 MetroTech Center, Downtown Brooklyn, 2nd floor, Room 2",explosion
R07385,Call police come fast pls,"15 MetroTech Center, Downtown Brooklyn, 5th floor, Room 5",crime
R01076,"Fire has started in MetroTech Center 201, need urgent help ...","15 MetroTech Center, Downtown Brooklyn, 7th floor, Room 1",fire
R09952,The lift has stopped working. Save me!,"Flushing, Queens",other
R07002,"Crime happening here, need police immediately","2 Penn Plaza, Midtown Manhattan, 2nd floor, Room 2",crime
R00368,Fire at Wall Street Tower first floor.... Come quickly,"Bushwick, Brooklyn",fire
R08918,"Road is blocked by a fallen tree near Ashland Place Tower, 4th floor Room Room 5","300 Ashland Place, Downtown Brooklyn, 4th floor, Room 5",other
R06144,Please evacuate the lower floors of Queens Plaza Complex as soon as possible,"27-01 Queens Plaza North, Long Island City, 8th floor, Room 1",flood
R05242,Building collapsing run run,"Chinatown, Manhattan",collapse
R04673,"Building collapsed of Atlantic Terminal, need help","620 Atlantic Avenue, Brooklyn, 2nd floor, Room 6",collapse
R06631,Flood. Help .. ASAP!!,"450 West 33rd Street, Chelsea, Manhattan, 8th floor, Room 8",flood
R02046,"Explosion help , 8th floor Penn Plaza Tower","2 Penn Plaza, Midtown Manhattan, 8th floor, Room 6",explosion
R07549,"Bank robbery, help, ground floor Wall Street Tower","Park Slope, Brooklyn",crime
R04550,"The roof just collapsed at Atlantic Terminal, people are trapped","Astoria, Queens",collapse
R06502,Water everywhere help me,"Morningside Heights, Manhattan",flood
R07655,"Help, there is a robbery happening at the bank on Main Road, please contact the police.","88 Wall Street, Financial District, Manhattan, 5th floor, Room 5",crime
R05289,No wayyy building falling,"111 Eighth Avenue, Chelsea, Manhattan, 4th floor, Room 4",collapse
R04433,Call ambulance,"15 MetroTech Center, Downtown Brooklyn, 2nd floor, Room 6",medical
R04291,"I think I'm dying, please help","Astoria, Queens",medical
R01377,"There's been an explosion at LIC Plaza, 8th floor Room 808. Call the emergency services!","29-27 41st Avenue, Long Island City, 8th floor, Room 8",explosion
R09515,Help mee,"450 West 33rd Street, Chelsea, Manhattan, 7th floor, Room 1",other
R01227,"Quickly save us from explosion, 6th floor, Penn Plaza Tower ASAP!!","2 Penn Plaza, Midtown Manhattan, 6th floor, Room 9",explosion
R04600,No wayyy building falling,"1 Edgewater Plaza, Staten Island, ground floor, Room 5",collapse
R05228,Building collapsing run run,"Morningside Heights, Manhattan",collapse
R09249,"In case of gas leak, don't switch on the bulb","111 Eighth Avenue, Chelsea, Manhattan, 1st floor, Room 4",other
R04450,5th floor Midtown Tower building collapsed I’m stuck please help,"432 Park Avenue, Midtown Manhattan, 5th floor, Room 11",collapse
R00066,FIREEEEEE HELPPPPPPPP USSS OUTTTTTTTT. Atlantic Terminal !!!,"620 Atlantic Avenue, Brooklyn, ground floor, Room 3",fire
R06692,"Armed robbery happening right now at the bank, call the police","Chinatown, Manhattan",crime
R09275,A large tree has fallen across the road,"1 Edgewater Plaza, Staten Island, 5th floor, Room 5",other
R09965,Road is blocked by a fallen tree near Eighth Avenue Tower 303,"Greenwich Village, Manhattan",other
R06016,Get to higher ground now!!,"300 Ashland Place, Downtown Brooklyn, 8th floor, Room 5",flood
R01791,"Explosion help , 3rd floor Penn Plaza Tower","2 Penn Plaza, Midtown Manhattan, 3rd floor, Room 7",explosion
R03355,"I think I'm dying, please help","Riverdale, The Bronx",medical
R02482,Someone got injured in a road accident at MetroTech Center 507,"Bushwick, Brooklyn",accident
R06352,Flood. Help ..,"861 Grand Concourse, The Bronx, 3rd floor, Room 4",flood
R06565,Helpppp i am drowning helpppp,"1 Edgewater Plaza, Staten Island, 6th floor, Room 7",flood
R09576,"The lift stopped suddenly, people are inside","29-27 41st Avenue, Long Island City, 7th floor, Room 1",other
R04246,I need urgent medical helpppp please,"450 West 33rd Street, Chelsea, Manhattan, 7th floor, Room 7",medical
R06661,"The ground is flooded, send help, lifeboat and first aid","Greenwich Village, Manhattan",flood
R04062,Helpp it's medical emergency,"Astoria, Queens",medical
R07439,Somebody please call 112 there is a crime going on,"Chinatown, Manhattan",crime
R05524,"Someone get me out, building collapsed","Riverdale, The Bronx",collapse
R03823,Call 108 fasttttt there's an emergency,"Astoria, Queens",medical
R05768,"The ground is flooded, send help, lifeboat and first aid","620 Atlantic Avenue, Brooklyn, 2nd floor, Room 2",flood
R06407,HELP US!!! we are stuck in the flood prone area,"861 Grand Concourse, The Bronx, 7th floor, Room 7",flood
R00075,Call fire emergency,"450 West 33rd Street, Chelsea, Manhattan, 8th floor, Room 8",fire
R07176,"Catch the criminal, close the gates","88 Wall Street, Financial District, Manhattan, 2nd floor, Room 6",crime
R07162,"A person with a weapon is causing danger at Eighth Avenue Tower, 2nd floor Room 306","111 Eighth Avenue, Chelsea, Manhattan, 2nd floor, Room 6",crime
R02634,"Accident!!! people hurt, call ambulance","15 MetroTech Center, Downtown Brooklyn, 4th floor, Room 9",accident
R05821,HELP US!!! we are stuck in the flood prone area,"15 MetroTech Center, Downtown Brooklyn, 2nd floor, Room 2",flood
R04088,Hospital!!! Emergency! Cash! Vehicle needed,"2 Penn Plaza, Midtown Manhattan, 3rd floor, Room 9",medical
R06126,Move to safe area,"861 Grand Concourse, The Bronx, 4th floor, Room 5",flood
R00772,Save me I am trapped in fire,"15 MetroTech Center, Downtown Brooklyn, 4th floor, Room 5",fire
R00008,Chelsea Heights 5th floor is on flames.. send help ASAP,"450 West 33rd Street, Chelsea, Manhattan, 5th floor, Room 3",fire
R02636,"Traffic accident near Bushwick, Brooklyn, need immediate assistance","Chinatown, Manhattan",accident
R00209,FIREEEEEE HELPPPPPPPP USSS OUTTTTTTTT. Grand Concourse Tower !!!,"Riverdale, The Bronx",fire
R05082,No wayyy building falling,"Greenwich Village, Manhattan",collapse
R01684,"Huge explosion at Atlantic Terminal, smoke everywhere","620 Atlantic Avenue, Brooklyn, 2nd floor, Room 5",explosion
R07196,"Help me.. there's robbery near Flushing, Queens.!!","29-27 41st Avenue, Long Island City, 7th floor, Room 7",crime
R04555,"Someone get me out, building collapsed","Sunset Park, Brooklyn",collapse
R07093,"Gunmen in. Edgewater Plaza main office, need immediate hlp","1 Edgewater Plaza, Staten Island, 6th floor, Room 4",crime
R01575,Save us we are in Atlantic Terminal 6th floor pls,"620 Atlantic Avenue, Brooklyn, 6th floor, Room 6",explosion
R00631,"Fire on 3rd floor MetroTech Center, please send help immediately","15 MetroTech Center, Downtown Brooklyn, 3rd floor, Room 3",fire
R06106,"The ground is flooded, send help, lifeboat and first aid","Chinatown, Manhattan",flood
R06037,Flood. Help ..,"Park Slope, Brooklyn",flood
R07027,Am I that unlucky,"1 Edgewater Plaza, Staten Island, 3rd floor, Room 8",crime
R04510,Building collapsing run run,"Washington Heights, Manhattan",collapse
R04740,"Part of the building has collapsed at Midtown Tower, and students may need rescue.","432 Park Avenue, Midtown Manhattan, 4th floor, Room 9",collapse
R05511,Run,"Park Slope, Brooklyn",collapse
R06595,HELP US!!! we are stuck in the flood prone area 😭,"Sunset Park, Brooklyn",flood
R04271,"SOS I am having an attack!!!! Chinatown, Manhattan","Chinatown, Manhattan",medical
R06708,"Someone is threatening people near Ashland Place Tower, ground floor Room 505, call police","Riverdale, The Bronx",crime
R07679,A person with a weapon is causing danger at Ashland Place Tower 506,"Chinatown, Manhattan",crime
R02630,"Auto accident at Atlantic Terminal, 5th floor Room Room 2, please helpppp","Flushing, Queens",accident
R05563,TAKE HIGH GROUND flood,"Flushing, Queens",flood
R04866,EVACUATE,"300 Ashland Place, Downtown Brooklyn, 5th floor, Room 8",collapse
R06676,Am I that unlucky,"Morningside Heights, Manhattan",crime
R04650,"Part of the building has collapsed at Queens Plaza Complex, and students may need rescue.","27-01 Queens Plaza North, Long Island City, 1st floor, Room 5",collapse
R06416,Stuck in a flood 6th floor Edgewater Plaza,"1 Edgewater Plaza, Staten Island, 6th floor, Room 8",flood
R04251,Call an ambulance! Call an ambulance!,"Riverdale, The Bronx",medical
R06668,Am I that unlucky,"Riverdale, The Bronx",crime
R01327,Wall Street Tower: something exploded nearby help ASAP!!,"88 Wall Street, Financial District, Manhattan, 7th floor, Room 7",explosion
R04103,"Call 108 Wall Street Tower, 4th floor Room Room 2 send guys","Sunset Park, Brooklyn",medical
R09424,Power is gone and people are stuck in the lift,"88 Wall Street, Financial District, Manhattan, ground floor, Room 4",other
R05806,flood has come,"Washington Heights, Manhattan",flood
R07042,"Robbery happening near Grand Concourse Tower, send police","861 Grand Concourse, The Bronx, 8th floor, Room 8",crime
R07038,"Crime happening here, need police immediately","27-01 Queens Plaza North, Long Island City, 4th floor, Room 4",crime
R06989,"Bomb blast Grand Concourse Tower, 1st floor Room 101. Save me","861 Grand Concourse, The Bronx, 1st floor, Room 1",crime
R05067,No wayyy building falling,"15 MetroTech Center, Downtown Brooklyn, 3rd floor, Room 4",collapse
R01452,Save us we are in Atlantic Terminal 2nd floor,"620 Atlantic Avenue, Brooklyn, 2nd floor, Room 6",explosion
R06846,"there is a man with black mask and gun in the bank, please helpppp","432 Park Avenue, Midtown Manhattan, 6th floor, Room 9",crime
R08922,"In case of gas leak, don't switch on the bulb","29-27 41st Avenue, Long Island City, 4th floor, Room 4",other
R01732,Something exploded we need to run,"1 Edgewater Plaza, Staten Island, ground floor, Room 2",explosion
R04624,Hellllppppppp!!!! This building is falling!! pls,"1 Edgewater Plaza, Staten Island, 2nd floor, Room 2",collapse
R00330,FIREEEEEE HELPPPPPPPP USSS OUTTTTTTTT. MetroTech Center !!!,"15 MetroTech Center, Downtown Brooklyn, 3rd floor, Room 9",fire
R00282,Firee fireee at Penn Plaza Tower saveee mee,"2 Penn Plaza, Midtown Manhattan, 8th floor, Room 8",fire
R05022,"Part of the building has collapsed at LIC Plaza, and students may need rescue.","29-27 41st Avenue, Long Island City, ground floor, Room 2",collapse
R02387,"Vehicle overturned near Ashland Place Tower, need rescue","300 Ashland Place, Downtown Brooklyn, 2nd floor, Room 9",accident
R03125,"Someone got injured in a road accident at Edgewater Plaza, 7th floor, Room Room 3 😭","1 Edgewater Plaza, Staten Island, 7th floor, Room 3",accident
R02528,"A person got hit by a vehicle near Midtown Tower, 5th floor Room Room 11","432 Park Avenue, Midtown Manhattan, 5th floor, Room 1",accident
R00327,"Fire on 3rd floor Midtown Tower, please send help immediately","432 Park Avenue, Midtown Manhattan, 3rd floor, Room 4",fire
R06860,Am I that unlucky,"29-27 41st Avenue, Long Island City, 2nd floor, Room 2",crime
R01087,Fireeeeee helpppppp,"2 Penn Plaza, Midtown Manhattan, 7th floor, Room 8",fire
R04684,No wayyy building falling,"Chinatown, Manhattan",collapse
R06929,"Help me.. there's robbery near Bushwick, Brooklyn.","15 MetroTech Center, Downtown Brooklyn, 5th floor, Room 5",crime
R07328,Call the police right now!!,"2 Penn Plaza, Midtown Manhattan, 2nd floor, Room 1",crime
R04496,Leave the building quickly,"Astoria, Queens",collapse
R08998,"Road is blocked by a fallen tree near Eighth Avenue Tower, 4th floor Room 707 ASAP!!","Greenwich Village, Manhattan",other
R03905,Helpp it's medical emergency,"111 Eighth Avenue, Chelsea, Manhattan, 5th floor, Room 4",medical
R00602,Firee fireee at LIC Plaza saveee mee,"Astoria, Queens",fire
R00845,Stay away there's a fire!!,"Chinatown, Manhattan",fire
R06910,Call the police right now!!,"111 Eighth Avenue, Chelsea, Manhattan, 1st floor, Room 1",crime
R06201,HELP US!!! we are stuck in the flood prone area,"432 Park Avenue, Midtown Manhattan, ground floor, Room 10",flood
R06414,"Flood, I am stuck, save me!","620 Atlantic Avenue, Brooklyn, ground floor, Room 5",flood
R09845,"The lift stopped suddenly, people are inside","1 Edgewater Plaza, Staten Island, 1st floor, Room 6",other
R02877,"Road accident near Ashland Place Tower, ambulance needed","Park Slope, Brooklyn",accident
R05423,"Building collapsed of Edgewater Plaza, need help","1 Edgewater Plaza, Staten Island, 6th floor, Room 8",collapse
R02663,"Road accident near Atlantic Terminal, ambulance needed","620 Atlantic Avenue, Brooklyn, 7th floor, Room 5",accident
R00908,Firee fireee at Edgewater Plaza saveee mee,"Greenwich Village, Manhattan",fire
R01235,Helpppp there is a huge explosion helpppp,"88 Wall Street, Financial District, Manhattan, 5th floor, Room 12",explosion
R09339,"Emergency situation, please send helpppp immediately","Morningside Heights, Manhattan",other
R02989,"Vehicle overturned near Edgewater Plaza, need rescue","1 Edgewater Plaza, Staten Island, 7th floor, Room 8",accident
R02832,"Two vehicles collided, Edgewater Plaza, 5th floor Room Room 8","1 Edgewater Plaza, Staten Island, 5th floor, Room 8",accident
R07476,"Bomb blast Edgewater Plaza, ground floor Room Room 8. Save me","1 Edgewater Plaza, Staten Island, ground floor, Room 8",crime
R02905,Accident hereeee help fast,"300 Ashland Place, Downtown Brooklyn, 1st floor, Room 1",accident
R01118,Loud sound. Was that a bomb?,"2 Penn Plaza, Midtown Manhattan, 8th floor, Room 3",explosion
R02175,"Quickly save us from explosion, 8th floor, Edgewater Plaza","Chinatown, Manhattan",explosion
R01772,BLAST. HELP ME!!!! In Wall Street Tower 7th floor,"88 Wall Street, Financial District, Manhattan, 7th floor, Room 7",explosion
R05342,SOS! BUILDING COLLAPSE! LOCATION SENT,"Flushing, Queens",collapse
R04272,"I think I'm dying, please help","Riverdale, The Bronx",medical
R02335,Accident hereeee help fast,"432 Park Avenue, Midtown Manhattan, 5th floor, Room 8",accident
R07360,"there is a man with black mask and gun in the bank, please helpppp","620 Atlantic Avenue, Brooklyn, 2nd floor, Room 2",crime
R00466,Fire save me,"Greenwich Village, Manhattan",fire
R03114,"bike hit someone at Wall Street Tower Room 5, please send help","88 Wall Street, Financial District, Manhattan, 5th floor, Room 5",accident
R02003,"EXPLOSION ground floor, Wall Street Tower, HELP MEEE!","88 Wall Street, Financial District, Manhattan, ground floor, Room 12",explosion
R00257,"LIC Plaza, 1st floor, Room Room 11 FIREEEEEE HELP","29-27 41st Avenue, Long Island City, 1st floor, Room 1",fire
R03821,Call ambulance ASAP!!,"Bushwick, Brooklyn",medical
R06816,Bomb blast Queens Plaza Complex 1st floor. Save me!!,"Park Slope, Brooklyn",crime
R02076,Loud sound. Was that a bomb?,"27-01 Queens Plaza North, Long Island City, 8th floor, Room 8",explosion
R06031,Helpppp i am drowning helpppp,"29-27 41st Avenue, Long Island City, 5th floor, Room 8",flood
R03765,Hospital!!! Emergency! Cash! Vehicle needed,"Morningside Heights, Manhattan",medical
R03682,Call ambulance,"300 Ashland Place, Downtown Brooklyn, 7th floor, Room 11",medical
R03420,"I think I'm dying, please help","Riverdale, The Bronx",medical
R06778,"Bomb blast Wall Street Tower, 4th floor. Save me","88 Wall Street, Financial District, Manhattan, 4th floor, Room 11",crime
R06899,"Armed robbery happening right now at the bank, call the police","2 Penn Plaza, Midtown Manhattan, 5th floor, Room 12",crime
R03424,Helpp it's medical emergency,"432 Park Avenue, Midtown Manhattan, ground floor, Room 8",medical
R05298,No wayyy building falling,"620 Atlantic Avenue, Brooklyn, 1st floor, Room 1",collapse
R05833,Blub blub blub!!,"Chinatown, Manhattan",flood
R01655,"Explosion help , 2nd floor Chelsea Heights","450 West 33rd Street, Chelsea, Manhattan, 2nd floor, Room 12",explosion
R02105,Shit!! huge blast,"Sunset Park, Brooklyn",explosion
R06205,Move to top floor,"15 MetroTech Center, Downtown Brooklyn, 3rd floor, Room 2",flood
R06773,Am I that unlucky,"Morningside Heights, Manhattan",crime
R02093,Loud sound. Was that a bomb?,"Flushing, Queens",explosion
R01711,Helpppp there is a huge explosion helpppp,"Bushwick, Brooklyn",explosion
R00721,MetroTech Center 2nd floor is on flames.. send help ASAP,"15 MetroTech Center, Downtown Brooklyn, 2nd floor, Room 2",fire
R01049,THIS IS NOT A DRILL. THERE'S A FIRE IN THE BUILDING. SEND HELP!,"2 Penn Plaza, Midtown Manhattan, 8th floor, Room 8",fire
R09387,Run for your life,"29-27 41st Avenue, Long Island City, 8th floor, Room 4",other
R01107,"Fire on 8th floor Chelsea Heights, please send helpppp immediately","450 West 33rd Street, Chelsea, Manhattan, 8th floor, Room 8",fire
R04466,Hellllppppppp!!!! This building is falling!! ...,"Riverdale, The Bronx",collapse
R00649,"Fire has started in Ashland Place Tower 808, need urgent help","300 Ashland Place, Downtown Brooklyn, 8th floor, Room 8",fire
R01573,Shit!! huge blast,"27-01 Queens Plaza North, Long Island City, ground floor, Room 2",explosion
R06630,Savee me from the floodd,"111 Eighth Avenue, Chelsea, Manhattan, 7th floor, Room 7",flood
R01816,"There's been an explosion at Ashland Place Tower, 3rd floor. Call the emergency services!","300 Ashland Place, Downtown Brooklyn, 3rd floor, Room 5",explosion
R00984,"Oh no, fire has started","Riverdale, The Bronx",fire
R04940,Building collapsing run run ASAP!!,"27-01 Queens Plaza North, Long Island City, 7th floor, Room 2",collapse
R06338,"The ground is flooded, send help, lifeboat and first aid","Morningside Heights, Manhattan",flood
R08900,"Emergency situation at Chelsea Heights, 4th floor Room 404, please send help","450 West 33rd Street, Chelsea, Manhattan, 4th floor, Room 4",other
R06723,"Catch the criminal, close the gates","Morningside Heights, Manhattan",crime
R00401,FIRE. HELP!!!!! Ashland Place Tower 209,"300 Ashland Place, Downtown Brooklyn, 2nd floor, Room 2",fire
R00147,Help!!!!! fire here,"88 Wall Street, Financial District, Manhattan, ground floor, Room 1",fire
R03385,"SOS I am having an attack!!!! MetroTech Center, 4th floor Room Room 11!!!","15 MetroTech Center, Downtown Brooklyn, 4th floor, Room 1",medical
R06292,Stuck in a flood 2nd floor Grand Concourse Tower,"Morningside Heights, Manhattan",flood
R04755,Run under the table,"300 Ashland Place, Downtown Brooklyn, 6th floor, Room 4",collapse
R00598,Call fire emergency,"300 Ashland Place, Downtown Brooklyn, 6th floor, Room 1",fire
R02446,"Vehicle overturned near Penn Plaza Tower, need rescue","2 Penn Plaza, Midtown Manhattan, 1st floor, Room 7",accident
R03545,Hospital!!! Emergency! Cash! Vehicle needed,"2 Penn Plaza, Midtown Manhattan, 5th floor, Room 6",medical
R01264,"Explosion at 2nd floor, Queens Plaza Complex Save!!!","Flushing, Queens",explosion
R07034,"Something serious is happening here, hurry ...","2 Penn Plaza, Midtown Manhattan, 1st floor, Room 8",crime
R09119,"Emergency situation, please send help immediately","2 Penn Plaza, Midtown Manhattan, 6th floor, Room 11",other
R06513,Blub blub blub,"620 Atlantic Avenue, Brooklyn, 4th floor, Room 1",flood
R00135,Fire!! 1st floor Eighth Avenue Tower !!!! 304!!,"Astoria, Queens",fire
R09380,Help mee,"88 Wall Street, Financial District, Manhattan, 1st floor, Room 9",other
R04695,"The roof just collapsed at LIC Plaza, people are trapped","29-27 41st Avenue, Long Island City, 4th floor, Room 4",collapse
R02309,"A person got hit by a vehicle near MetroTech Center, 3rd floor Room Room 6","15 MetroTech Center, Downtown Brooklyn, 3rd floor, Room 6",accident
R05418,Building has been collapsed!,"111 Eighth Avenue, Chelsea, Manhattan, 5th floor, Room 2",collapse
R00994,Call fire emergency,"15 MetroTech Center, Downtown Brooklyn, 6th floor, Room 11",fire
R00963,Help there is fire in Wall Street Tower 3rd floor help,"88 Wall Street, Financial District, Manhattan, 3rd floor, Room 1",fire
R06220,"Flood situation in Flushing, Queens, need relief ASAP!!","27-01 Queens Plaza North, Long Island City, 4th floor, Room 4",flood
R09634,Gas leakage here don't switch bulb on,"88 Wall Street, Financial District, Manhattan, 5th floor, Room 4",other
R02224,"Vehicle overturned near Grand Concourse Tower, need rescue pls","Flushing, Queens",accident
R05500,Hellllppppppp!!!! This building is falling!!,"15 MetroTech Center, Downtown Brooklyn, 7th floor, Room 5",collapse
R09031,"Road is blocked by a fallen tree near Chelsea Heights, 8th floor Room 305","Greenwich Village, Manhattan",other
R04383,Doctor where is he,"88 Wall Street, Financial District, Manhattan, 2nd floor, Room 4",medical
R01200,Grand Concourse Tower: something exploded nearby help,"861 Grand Concourse, The Bronx, 1st floor, Room 1",explosion
R07295,I am in dangerrr idk what to do,"Astoria, Queens",crime
R04173,Call hospital fast pls,"15 MetroTech Center, Downtown Brooklyn, 2nd floor, Room 7",medical
R09400,"Emergency situation at Queens Plaza Complex Room 1, please send help","Astoria, Queens",other
R00540,"Oh no, fire has started","450 West 33rd Street, Chelsea, Manhattan, 2nd floor, Room 1",fire
R02421,"Auto accident at Wall Street Tower, ground floor, Room Room 7, please help","88 Wall Street, Financial District, Manhattan, ground floor, Room 7",accident
R02783,"Major accident at Eighth Avenue Tower, 1st floor Room 404, need help 😭","Park Slope, Brooklyn",accident
R04013,"Call 108 Grand Concourse Tower, 8th floor, Room 808 send guys","861 Grand Concourse, The Bronx, 8th floor, Room 8",medical
R06704,"Help, there is a robbery happening at the bank on Main Road, please contact the police.","111 Eighth Avenue, Chelsea, Manhattan, 6th floor, Room 6",crime
R02167,"Explosion at 2nd floor, Edgewater Plaza Save!!!","1 Edgewater Plaza, Staten Island, 2nd floor, Room 8",explosion
R00448,Help there is fire in Atlantic Terminal ground floor help!!!,"620 Atlantic Avenue, Brooklyn, ground floor, Room 5",fire
R06342,Move to top floor,"29-27 41st Avenue, Long Island City, 6th floor, Room 7",flood
R03201,"Auto accident at Midtown Tower, 7th floor, please help 😭","432 Park Avenue, Midtown Manhattan, 7th floor, Room 10",accident
R02633,"Car accident, people are injured, send help","Sunset Park, Brooklyn",accident
R00089,Eighth Avenue Tower: helpppp mee fire fire fire,"111 Eighth Avenue, Chelsea, Manhattan, 5th floor, Room 6",fire
R02544,"Auto accident at Wall Street Tower, 1st floor Room 101, pls help","88 Wall Street, Financial District, Manhattan, 1st floor, Room 1",accident
R07720,Somebody please call 112 there is a crime going on,"88 Wall Street, Financial District, Manhattan, 1st floor, Room 1",crime
R03795,Save meeeee save meeeee injured injured,"1 Edgewater Plaza, Staten Island, ground floor, Room 7",medical
R05851,Let's move to the higher ground.,"Washington Heights, Manhattan",flood
R02673,"A vehicle crashed near Wall Street Tower, 4th floor Room 106","88 Wall Street, Financial District, Manhattan, 4th floor, Room 6",accident
R05998,Flood. Help ..,"29-27 41st Avenue, Long Island City, 4th floor, Room 7",flood
R00881,Help there is fire in Wall Street Tower 4th floor helpppp,"88 Wall Street, Financial District, Manhattan, 4th floor, Room 1",fire
R00473,"Oh no, fire has started","15 MetroTech Center, Downtown Brooklyn, 3rd floor, Room 1",fire
R02337,"There has been an accident at Grand Concourse Tower, 4th floor, Room 406, emergency help needed","861 Grand Concourse, The Bronx, 4th floor, Room 6",accident
R04620,Run,"861 Grand Concourse, The Bronx, ground floor, Room 1",collapse
R09124,"Road is blocked by a fallen tree near Chelsea Heights, 8th floor Room Room 5","450 West 33rd Street, Chelsea, Manhattan, 8th floor, Room 5",other
R02932,"Two vehicles collided, MetroTech Center 503","15 MetroTech Center, Downtown Brooklyn, 8th floor, Room 5",accident
R04502,8th floor Queens Plaza Complex building collapsed I’m stuck pls help,"27-01 Queens Plaza North, Long Island City, 8th floor, Room 9",collapse
R07080,police come fast,"2 Penn Plaza, Midtown Manhattan, 1st floor, Room 1",crime
R09992,"Emergency situation at LIC Plaza, 7th floor Room 707, pls send help","29-27 41st Avenue, Long Island City, 7th floor, Room 7",other
R05835,Get to higher ground now!!,"88 Wall Street, Financial District, Manhattan, 6th floor, Room 4",flood
R04134,Call hospital fast pls,"Flushing, Queens",medical
R04420,SOS I am having an attack!!!! Atlantic Terminal 3rd floor,"620 Atlantic Avenue, Brooklyn, 3rd floor, Room 9",medical
R02845,"Accident!!! people hurt, call ambulance","450 West 33rd Street, Chelsea, Manhattan, 6th floor, Room 2",accident
R04545,"The roof just collapsed at Penn Plaza Tower, people are trapped","2 Penn Plaza, Midtown Manhattan, 4th floor, Room 4",collapse
R05516,Go run fast. the building is collapsing,"2 Penn Plaza, Midtown Manhattan, 6th floor, Room 9",collapse
R06131,Let's move to the higher ground. ASAP!!,"300 Ashland Place, Downtown Brooklyn, 4th floor, Room 4",flood
R02481,"Someone got injured in a road accident at Queens Plaza Complex, 6th floor Room 606","27-01 Queens Plaza North, Long Island City, 6th floor, Room 6",accident
R03951,Save meeeee save meeeee injured injured,"29-27 41st Avenue, Long Island City, 2nd floor, Room 2",medical
R03579,"Open wound, and concussion emergency first aid and ambulance required ASAP!","88 Wall Street, Financial District, Manhattan, 2nd floor, Room 1",medical
R03554,Save meeeee save meeeee injured injured,"27-01 Queens Plaza North, Long Island City, 2nd floor, Room 3",medical
R07680,"A person with a weapon is causing danger at Eighth Avenue Tower, ground floor Room Room 10","Astoria, Queens",crime
R02017,"Explosion help , 1st floor Midtown Tower","432 Park Avenue, Midtown Manhattan, 1st floor, Room 2",explosion
R01220,Save us we are in Wall Street Tower ground floor,"Morningside Heights, Manhattan",explosion
R00852,"Oh no, fire has started","Greenwich Village, Manhattan",fire
R00069,FIREEEEEE HELPPPPPPPP USSS OUTTTTTTTT. Wall Street Tower !!!,"Astoria, Queens",fire
R04613,Hellllppppppp!!!! This building is falling!!,"300 Ashland Place, Downtown Brooklyn, 3rd floor, Room 3",collapse
R06035,"The ground is flooded, send help, lifeboat and first aid","1 Edgewater Plaza, Staten Island, 7th floor, Room 6",flood
R03611,I have a medical emergency at Ashland Place Tower 606,"300 Ashland Place, Downtown Brooklyn, ground floor, Room 12",medical
R01525,Grand Concourse Tower: something exploded nearby help 😭,"861 Grand Concourse, The Bronx, 8th floor, Room 1",explosion
R05294,Building has been collapsed!,"111 Eighth Avenue, Chelsea, Manhattan, 4th floor, Room 3",collapse
R09710,Run for your life,"111 Eighth Avenue, Chelsea, Manhattan, 1st floor, Room 6",other
R06033,"Flood, I am stuck, save me!","300 Ashland Place, Downtown Brooklyn, 3rd floor, Room 4",flood
R02751,"A vehicle crashed near Atlantic Terminal, 4th floor Room Room 1","620 Atlantic Avenue, Brooklyn, 4th floor, Room 4",accident
R05610,"Flood situation in Greenwich Village, Manhattan, need relief ASAP!!","27-01 Queens Plaza North, Long Island City, 2nd floor, Room 7",flood
R09191,"Emergency situation at Penn Plaza Tower, 7th floor Room 604, please send help","2 Penn Plaza, Midtown Manhattan, 7th floor, Room 4",other
R03342,SOS I am having an attack!!!! Queens Plaza Complex 704,"27-01 Queens Plaza North, Long Island City, 2nd floor, Room 4",medical
R00818,Help there is fire in Chelsea Heights 8th floor help,"Bushwick, Brooklyn",fire
R05723,flood has come,"Sunset Park, Brooklyn",flood
R09470,"Emergency situation at Ashland Place Tower 409, please send help","300 Ashland Place, Downtown Brooklyn, 4th floor, Room 9",other
R04635,Go run fast. the building is collapsing,"300 Ashland Place, Downtown Brooklyn, 6th floor, Room 4",collapse
R04907,Atlantic Terminal under shreds! Building collapse,"Chinatown, Manhattan",collapse
R02953,"Auto accident at Queens Plaza Complex, 2nd floor Room 202, please help","Bushwick, Brooklyn",accident
R00228,Firee fireee at Grand Concourse Tower saveee mee 😭,"861 Grand Concourse, The Bronx, 1st floor, Room 2",fire
R09110,"Emergency situation, please send helpppp immediately","450 West 33rd Street, Chelsea, Manhattan, 3rd floor, Room 1",other
R02720,"Someone got injured in a road accident at Riverdale, The Bronx!!!","Riverdale, The Bronx",accident
R01099,Eighth Avenue Tower 1st floor is on flames.. send helpppp ASAP,"Morningside Heights, Manhattan",fire
R03002,"Two vehicles collided, Queens Plaza Complex 702","27-01 Queens Plaza North, Long Island City, 7th floor, Room 7",accident
R09384,"The lift stopped suddenly, people are inside","2 Penn Plaza, Midtown Manhattan, 6th floor, Room 1",other
R07353,"Robbery happening near Grand Concourse Tower, send police","Flushing, Queens",crime
R04597,No wayyy building falling!!!,"Sunset Park, Brooklyn",collapse
R01877,Shit!! huge blast,"2 Penn Plaza, Midtown Manhattan, 8th floor, Room 8",explosion
R02679,"Crash happened outside Grand Concourse Tower, send medical team","861 Grand Concourse, The Bronx, 7th floor, Room 1",accident
R09444,"Emergency situation at LIC Plaza 303, please send help","29-27 41st Avenue, Long Island City, 3rd floor, Room 3",other
R04977,this builidng is collapsing ... send help,"620 Atlantic Avenue, Brooklyn, 3rd floor, Room 8",collapse
R09075,"Emergency situation, please send help immediately","Astoria, Queens",other
R05101,SOS! BUILDING COLLAPSE! LOCATION SENT,"15 MetroTech Center, Downtown Brooklyn, 2nd floor, Room 2",collapse
R04357,"Call 108 LIC Plaza, 1st floor, Room Room 5 send guys","29-27 41st Avenue, Long Island City, 1st floor, Room 5",medical
R01330,"EXPLOSION 5th floor, Atlantic Terminal, HELP MEEE!","Park Slope, Brooklyn",explosion
R02171,Explosion in building run away..... ...,"1 Edgewater Plaza, Staten Island, ground floor, Room 6",explosion
R07539,"Someone is threatening people near Chelsea Heights, 6th floor, Room Room 6, call police","450 West 33rd Street, Chelsea, Manhattan, 6th floor, Room 6",crime
R09514,"In case of gas leak, don't switch on the bulb","2 Penn Plaza, Midtown Manhattan, 7th floor, Room 1",other
R03758,Call ambulance,"Astoria, Queens",medical
R02370,"Accident!!! people hurt, call ambulance","620 Atlantic Avenue, Brooklyn, 8th floor, Room 7",accident
R03626,Helpp it's medical emergency,"2 Penn Plaza, Midtown Manhattan, 7th floor, Room 1",medical
R00157,"Fire has started in Ashland Place Tower Room 4, need urgent help","Sunset Park, Brooklyn",fire
R02821,"Road accident near Atlantic Terminal, ambulance needed","620 Atlantic Avenue, Brooklyn, 3rd floor, Room 2",accident
R05657,TAKE HIGH GROUND flood,"450 West 33rd Street, Chelsea, Manhattan, 3rd floor, Room 3",flood
R02080,There has been an explosion in Grand Concourse Tower there fire everywhere help,"Park Slope, Brooklyn",explosion
R07474,"Crime happening here, need police immediately","Sunset Park, Brooklyn",crime
R02546,"Vehicle overturned near LIC Plaza, need rescue","29-27 41st Avenue, Long Island City, 1st floor, Room 4",accident
R04469,No wayyy building falling,"Washington Heights, Manhattan",collapse
R07388,"Someone is threatening people near LIC Plaza Room 1, call police","Park Slope, Brooklyn",crime
R02599,"Traffic accident near Astoria, Queens, need immediate assistance","432 Park Avenue, Midtown Manhattan, 4th floor, Room 5",accident
R09292,"No electricity in Grand Concourse Tower, please send maintenance","861 Grand Concourse, The Bronx, 6th floor, Room 1",other
R04212,"Chest pain, LIC Plaza need to go to the hospital fast","Greenwich Village, Manhattan",medical
R09255,"In case of gas leak, don't switch on the bulb","88 Wall Street, Financial District, Manhattan, 6th floor, Room 4",other
R01527,Save us we are in Ashland Place Tower ground floor,"300 Ashland Place, Downtown Brooklyn, ground floor, Room 8",explosion
R02587,"Crash happened outside Midtown Tower, send medical team","432 Park Avenue, Midtown Manhattan, ground floor, Room 1",accident
R03749,Call hospital fast pls,"Park Slope, Brooklyn",medical
R09302,"No electricity in Wall Street Tower, please send maintenance","Riverdale, The Bronx",other
R03649,Call ambulance,"Washington Heights, Manhattan",medical
R01849,"EXPLOSION 3rd floor, LIC Plaza, HELP MEEE!","29-27 41st Avenue, Long Island City, 3rd floor, Room 6",explosion
R04483,Leave the building quickly,"Morningside Heights, Manhattan",collapse
R02374,"bike hit someone at Grand Concourse Tower Room 7, please send help","861 Grand Concourse, The Bronx, 7th floor, Room 7",accident
R00600,bro fire 1st floor,"29-27 41st Avenue, Long Island City, 1st floor, Room 1",fire
R05441,Leave the building quickly,"Bushwick, Brooklyn",collapse
R01719,"There's been an explosion at Queens Plaza Complex, 7th floor Room 707. Call the emergency services!","27-01 Queens Plaza North, Long Island City, 7th floor, Room 7",explosion
R09312,"In case of gas leak, don't switch on the bulb","29-27 41st Avenue, Long Island City, 6th floor, Room 1",other
R04086,"Chest pain, LIC Plaza need to go to the hospital fast","861 Grand Concourse, The Bronx, 4th floor, Room 4",medical
R09288,Water pipe burst near Grand Concourse Tower,"Flushing, Queens",other
R06203,Move to safe area,"Sunset Park, Brooklyn",flood
R06048,"The ground is flooded, send help, lifeboat and first aid","15 MetroTech Center, Downtown Brooklyn, 8th floor, Room 9",flood
R00972,Help there is fire in Wall Street Tower 8th floor help,"88 Wall Street, Financial District, Manhattan, 8th floor, Room 6",fire
R09826,"No electricity in Penn Plaza Tower, please send maintenance","2 Penn Plaza, Midtown Manhattan, 1st floor, Room 11",other
R00214,Fire save me,"300 Ashland Place, Downtown Brooklyn, ground floor, Room 11",fire
R01119,"EXPLOSION 4th floor, Atlantic Terminal, HELP MEEE!","620 Atlantic Avenue, Brooklyn, 4th floor, Room 2",explosion
R04079,"Chest pain, LIC Plaza need to go to the hospital fast","111 Eighth Avenue, Chelsea, Manhattan, 5th floor, Room 5",medical
R04640,Run,"88 Wall Street, Financial District, Manhattan, 7th floor, Room 7",collapse
R09970,"The lift stopped suddenly, people are inside 😭","Chinatown, Manhattan",other
R00781,bro fire 7th floor,"15 MetroTech Center, Downtown Brooklyn, 7th floor, Room 7",fire
R04527,"Someone get me out, building collapsed","2 Penn Plaza, Midtown Manhattan, 4th floor, Room 4",collapse
R01665,"Flushing, Queens Explosion","Flushing, Queens",explosion
R06088,Stuck in a flood 4th floor Penn Plaza Tower,"Morningside Heights, Manhattan",flood
R05902,Please evacuate the lower floors of Penn Plaza Tower as soon as possible,"Sunset Park, Brooklyn",flood
R06505,Savee me from the floodd,"15 MetroTech Center, Downtown Brooklyn, 6th floor, Room 2",flood
R07048,"Catch the criminal, close the gates","Flushing, Queens",crime
R07234,"there is a man with black mask and gun in the bank, please help","1 Edgewater Plaza, Staten Island, 6th floor, Room 11",crime
R02068,Something exploded we need to run,"88 Wall Street, Financial District, Manhattan, 8th floor, Room 5",explosion
R04934,EVACUATE,"111 Eighth Avenue, Chelsea, Manhattan, 6th floor, Room 8",collapse
R08920,"Something unusual is happening near Grand Concourse Tower, 1st floor Room 101, please check","861 Grand Concourse, The Bronx, 1st floor, Room 1",other
R07330,"Help me.. there's robbery near Bushwick, Brooklyn.","2 Penn Plaza, Midtown Manhattan, 8th floor, Room 11",crime
R02884,"Vehicle overturned near Edgewater Plaza, need rescue","Washington Heights, Manhattan",accident
R03325,"Auto accident at Midtown Tower 405, please help","432 Park Avenue, Midtown Manhattan, ground floor, Room 5",accident
R04468,Run ...,"27-01 Queens Plaza North, Long Island City, 6th floor, Room 2",collapse
R06647,flood has come,"450 West 33rd Street, Chelsea, Manhattan, ground floor, Room 5",flood
R08951,"The lift stopped suddenly, people are inside","300 Ashland Place, Downtown Brooklyn, 8th floor, Room 9",other
R02104,Helpppp there is a huge explosion helpppp,"15 MetroTech Center, Downtown Brooklyn, 4th floor, Room 5",explosion
R07739,Call police come fast,"88 Wall Street, Financial District, Manhattan, 1st floor, Room 12",crime
R01127,Explosion in building run away.....,"29-27 41st Avenue, Long Island City, 2nd floor, Room 2",explosion
R07025,"Bank robbery, help, 5th floor Chelsea Heights","Riverdale, The Bronx",crime
R03083,"Crash happened outside Queens Plaza Complex, send medical team","27-01 Queens Plaza North, Long Island City, 6th floor, Room 2",accident
R09798,"Emergency situation, please send help immediately","Chinatown, Manhattan",other
R03249,Bike and car collided near Grand Concourse Tower 3rd floor,"Greenwich Village, Manhattan",accident
R05378,"The roof just collapsed at MetroTech Center, people are trapped","15 MetroTech Center, Downtown Brooklyn, 2nd floor, Room 4",collapse
R07060,A person with a weapon is causing danger at Penn Plaza Tower Room 3,"2 Penn Plaza, Midtown Manhattan, 7th floor, Room 5",crime
R05257,Hellllppppppp!!!! This building is falling!!,"Sunset Park, Brooklyn",collapse
R02535,"A person got hit by a vehicle near Eighth Avenue Tower, 2nd floor Room 509","111 Eighth Avenue, Chelsea, Manhattan, 2nd floor, Room 4",accident
R01427,There has been an explosion in Wall Street Tower there fire everywhere help,"Riverdale, The Bronx",explosion
R02455,Bike and car collided near Penn Plaza Tower 6th floor,"2 Penn Plaza, Midtown Manhattan, 6th floor, Room 3",accident
R09113,"No electricity in Queens Plaza Complex, please send maintenance","27-01 Queens Plaza North, Long Island City, 3rd floor, Room 5",other
R02107,"BLAST. HELP ME!!!! In Queens Plaza Complex, 6th floor Room 606","27-01 Queens Plaza North, Long Island City, 6th floor, Room 6",explosion
R02431,"Vehicle overturned near LIC Plaza, need rescue","Park Slope, Brooklyn",accident
R01647,"Huge explosion at Penn Plaza Tower, smoke everywhere","2 Penn Plaza, Midtown Manhattan, 6th floor, Room 2",explosion
R07734,"Robbery happening near Grand Concourse Tower, send police 😭","861 Grand Concourse, The Bronx, ground floor, Room 7",crime
R03777,"I think I'm dying, please help","Astoria, Queens",medical
R09388,"There is a gas smell in the building, please check!!!","Chinatown, Manhattan",other
R05837,Move to top floor,"111 Eighth Avenue, Chelsea, Manhattan, 3rd floor, Room 6",flood
R04162,"Call 108 Eighth Avenue Tower, 2nd floor Room Room 4 send guys ASAP!!","111 Eighth Avenue, Chelsea, Manhattan, 2nd floor, Room 4",medical
R09411,Power is gone and people are stuck in the lift,"2 Penn Plaza, Midtown Manhattan, 7th floor, Room 4",other
R03270,"There has been an accident at MetroTech Center, 4th floor, Room 404, emergency help needed","15 MetroTech Center, Downtown Brooklyn, 4th floor, Room 4",accident
R00693,firee at LIC Plaza first floor.... Come quickly,"Sunset Park, Brooklyn",fire
R09654,"Street light is not working near Park Slope, Brooklyn","2 Penn Plaza, Midtown Manhattan, ground floor, Room 2",other
R06516,Please evacuate the lower floors of Grand Concourse Tower as soon as possible,"861 Grand Concourse, The Bronx, 8th floor, Room 8",flood
R02472,"Someone got injured in a road accident at Chelsea Heights, 4th floor, Room 401","450 West 33rd Street, Chelsea, Manhattan, 4th floor, Room 1",accident
R03001,"Car accident, people are injured, send help","Bushwick, Brooklyn",accident
R04609,The building has collapsed. Save me! pls,"Washington Heights, Manhattan",collapse
R06907,"Help me.. there's robbery near Greenwich Village, Manhattan.","Morningside Heights, Manhattan",crime
R03416,"I think I'm dying, please help","Sunset Park, Brooklyn",medical
R07050,"Something serious is happening here, hurry","432 Park Avenue, Midtown Manhattan, 2nd floor, Room 7",crime
R07044,"Something serious is happening here, hurry","111 Eighth Avenue, Chelsea, Manhattan, 1st floor, Room 1",crime
R09894,"There is a gas smell in the building, please check!!","300 Ashland Place, Downtown Brooklyn, 6th floor, Room 7",other
R04269,I need urgent medical help please,"Astoria, Queens",medical
R02174,"EXPLOSION 3rd floor, Wall Street Tower, HELP MEEE!","88 Wall Street, Financial District, Manhattan, 3rd floor, Room 3",explosion
R02409,"A vehicle crashed near Atlantic Terminal, 5th floor, Room Room 12","620 Atlantic Avenue, Brooklyn, 5th floor, Room 2",accident
R04414,Call an ambulance! Call an ambulance!,"27-01 Queens Plaza North, Long Island City, 6th floor, Room 11",medical
R07208,Call the emergency helpline number!,"300 Ashland Place, Downtown Brooklyn, 3rd floor, Room 7",crime
R06219,TAKE HIGH GROUND flood,"111 Eighth Avenue, Chelsea, Manhattan, 6th floor, Room 7",flood
R05857,Flood. Help ..,"2 Penn Plaza, Midtown Manhattan, 7th floor, Room 9",flood
R07618,"Help, there is a robbery happening at the bank on Main Road, please contact the police.","Greenwich Village, Manhattan",crime
R05748,"The ground is flooded, send helpppp, lifeboat and first aid","15 MetroTech Center, Downtown Brooklyn, 1st floor, Room 4",flood
R02703,"Someone got injured in a road accident at Edgewater Plaza, 1st floor Room 101 ...","1 Edgewater Plaza, Staten Island, 1st floor, Room 1",accident
R03712,"Someone needs urgent medical help at Chinatown, Manhattan","Chinatown, Manhattan",medical
R04419,Helpp it's medical emergency,"300 Ashland Place, Downtown Brooklyn, 1st floor, Room 1",medical
R03089,Accident hereeee help fast!!,"450 West 33rd Street, Chelsea, Manhattan, 8th floor, Room 6",accident
R00018,Save me I am trapped in fire,"Morningside Heights, Manhattan",fire
R02705,"A person got hit by a vehicle near LIC Plaza, 8th floor Room 802","29-27 41st Avenue, Long Island City, 8th floor, Room 2",accident
R06305,Helpppp i am drowning helpppp,"27-01 Queens Plaza North, Long Island City, 5th floor, Room 5",flood
R07517,"Armed robbery happening right now at the bank, call the police","620 Atlantic Avenue, Brooklyn, ground floor, Room 6",crime
R08930,Help mee,"15 MetroTech Center, Downtown Brooklyn, ground floor, Room 8",other
R07213,"there is a man with black mask and gun in the bank, please help","300 Ashland Place, Downtown Brooklyn, 2nd floor, Room 8",crime
R02199,Something just burst around me. Send rescue squad ASAP,"432 Park Avenue, Midtown Manhattan, 3rd floor, Room 3",explosion
R09838,"Street light is not working near Chinatown, Manhattan","Astoria, Queens",other
R09555,"There is a gas smell in the building, please check","620 Atlantic Avenue, Brooklyn, ground floor, Room 2",other
R00895,Help!!!!! fire here,"Sunset Park, Brooklyn",fire
R07083,police come fast,"29-27 41st Avenue, Long Island City, 6th floor, Room 9",crime
R01195,Something exploded we need to run,"88 Wall Street, Financial District, Manhattan, 7th floor, Room 7",explosion
R07518,"Someone is threatening people near Ashland Place Tower 103, call police","300 Ashland Place, Downtown Brooklyn, 4th floor, Room 4",crime
R00515,Firee fireee at Midtown Tower saveee mee,"Riverdale, The Bronx",fire
R01692,Save us we are in Queens Plaza Complex 3rd floor,"Flushing, Queens",explosion
R05713,Blub blub blub,"1 Edgewater Plaza, Staten Island, 3rd floor, Room 3",flood
R01687,"Explosion at ground floor, Eighth Avenue Tower Save!!!","111 Eighth Avenue, Chelsea, Manhattan, ground floor, Room 1",explosion
R07146,Call the emergency helpline number!,"Chinatown, Manhattan",crime
R01587,Shit!! huge blast,"620 Atlantic Avenue, Brooklyn, 3rd floor, Room 3",explosion
R02951,"Auto accident at Midtown Tower, 6th floor Room Room 12, please help ...","Bushwick, Brooklyn",accident
R04704,Run,"300 Ashland Place, Downtown Brooklyn, 4th floor, Room 1",collapse
R03546,Hospital!!! Emergency! Cash! Vehicle needed,"88 Wall Street, Financial District, Manhattan, 1st floor, Room 1",medical
R02540,Accident hereeee help fast pls,"15 MetroTech Center, Downtown Brooklyn, 3rd floor, Room 9",accident
R02998,Someone got injured in a road accident at Midtown Tower 108,"Flushing, Queens",accident
R01782,Something exploded we need to run,"Park Slope, Brooklyn",explosion
R09376,"In case of gas leak, don't switch on the bulb","450 West 33rd Street, Chelsea, Manhattan, 2nd floor, Room 5",other
R07372,"A person with a weapon is causing danger at Eighth Avenue Tower, 5th floor Room 505","Park Slope, Brooklyn",crime
R02723,"Major accident at Greenwich Village, Manhattan, need help","Greenwich Village, Manhattan",accident
R07164,"Armed robbery happening right now at the bank, call the police","Morningside Heights, Manhattan",crime
R04230,Helpp it's medical emergency,"111 Eighth Avenue, Chelsea, Manhattan, 3rd floor, Room 7",medical
R06483,TAKE HIGH GROUND flood,"15 MetroTech Center, Downtown Brooklyn, ground floor, Room 4",flood
R01683,"Explosion at 4th floor, Penn Plaza Tower Save!!! ASAP!!","2 Penn Plaza, Midtown Manhattan, 4th floor, Room 4",explosion
R07053,"Catch the criminal, close the gates","Park Slope, Brooklyn",crime
R01209,Something just burst around me. Send rescue squad ASAP,"Sunset Park, Brooklyn",explosion
R05542,Oh no! The building! It's falling!,"27-01 Queens Plaza North, Long Island City, 2nd floor, Room 4",collapse
R01052,"Fire has started in Edgewater Plaza Room 7, need urgent help","Sunset Park, Brooklyn",fire
R06427,"The ground is flooded, send help, lifeboat and first aid","Park Slope, Brooklyn",flood
R05157,Run,"Bushwick, Brooklyn",collapse
R05204,Building has been collapsed!,"2 Penn Plaza, Midtown Manhattan, 7th floor, Room 9",collapse
R05408,"The roof just collapsed at Midtown Tower, people are trapped!!","432 Park Avenue, Midtown Manhattan, 7th floor, Room 2",collapse
R00441,bro fire 4th floor,"Chinatown, Manhattan",fire
R09500,The lift has stopped working. Save me!!!,"450 West 33rd Street, Chelsea, Manhattan, 8th floor, Room 9",other
R00681,bro fire 5th floor,"1 Edgewater Plaza, Staten Island, 5th floor, Room 5",fire
R06195,Stuck in a flood 6th floor Grand Concourse Tower,"861 Grand Concourse, The Bronx, 6th floor, Room 4",flood
R09998,Lift is stuck between floors at LIC Plaza,"Greenwich Village, Manhattan",other
R02621,Bike and car collided near LIC Plaza ground floor,"29-27 41st Avenue, Long Island City, ground floor, Room 6",accident
R02585,"Accident!!! people hurt, call ambulance","300 Ashland Place, Downtown Brooklyn, ground floor, Room 6",accident
R02724,"Auto accident at MetroTech Center 609, please help 😭","Riverdale, The Bronx",accident
R00104,bro fire 7th floor ASAP!!,"15 MetroTech Center, Downtown Brooklyn, 7th floor, Room 7",fire
R03388,"SOS I am having an attack!!!! Midtown Tower, 3rd floor Room 303","432 Park Avenue, Midtown Manhattan, 3rd floor, Room 3",medical
R01537,"BLAST. HELP ME!!!! In Atlantic Terminal, 2nd floor, Room 202","620 Atlantic Avenue, Brooklyn, 2nd floor, Room 2",explosion
R06771,"A person with a weapon is causing danger at LIC Plaza, 3rd floor Room Room 5","29-27 41st Avenue, Long Island City, 3rd floor, Room 5",crime
R03576,"Call 108 LIC Plaza, 3rd floor send guys","29-27 41st Avenue, Long Island City, 3rd floor, Room 1",medical
R07760,"Bank robbery, help, ground floor Wall Street Tower","Riverdale, The Bronx",crime
R07381,"A person with a weapon is causing danger at Eighth Avenue Tower, ground floor Room G00","Greenwich Village, Manhattan",crime
R02941,"Car accident, people are injured, send help","300 Ashland Place, Downtown Brooklyn, ground floor, Room 6",accident
R09984,"There is a gas smell in the building, pls check","Park Slope, Brooklyn",other
R00265,Firee fireee at LIC Plaza saveee mee,"Greenwich Village, Manhattan",fire
R06943,Call police come fast,"Washington Heights, Manhattan",crime
R05955,Blub blub blub,"2 Penn Plaza, Midtown Manhattan, 4th floor, Room 9",flood
R06993,Call the emergency helpline number!,"861 Grand Concourse, The Bronx, 6th floor, Room 4",crime
R07012,Call the police right now!!,"29-27 41st Avenue, Long Island City, 6th floor, Room 9",crime
R01688,"Explosion help , 7th floor Atlantic Terminal","620 Atlantic Avenue, Brooklyn, 7th floor, Room 2",explosion
R09175,Help mee,"861 Grand Concourse, The Bronx, 3rd floor, Room 9",other
R07143,"Someone is threatening people near Chelsea Heights, 7th floor Room Room 3, call police","450 West 33rd Street, Chelsea, Manhattan, 7th floor, Room 3",crime
R00799,Firee fireee at Ashland Place Tower saveee mee,"Morningside Heights, Manhattan",fire
R07686,"Bank robbery, help, 7th floor Queens Plaza Complex","27-01 Queens Plaza North, Long Island City, 7th floor, Room 6",crime
R06946,I am in dangerrr idk what to do,"88 Wall Street, Financial District, Manhattan, 6th floor, Room 1",crime
R02801,"A person got hit by a vehicle near Wall Street Tower, 4th floor","88 Wall Street, Financial District, Manhattan, 4th floor, Room 6",accident
R04801,Leave the building quickly,"Chinatown, Manhattan",collapse
R02833,"A person got hit by a vehicle near LIC Plaza, 3rd floor Room Room 1","29-27 41st Avenue, Long Island City, 3rd floor, Room 1",accident
R04213,Call hospital fast pls,"861 Grand Concourse, The Bronx, 5th floor, Room 5",medical
R03231,Accident hereeee help fast,"27-01 Queens Plaza North, Long Island City, 4th floor, Room 7",accident
R07367,"there is a man with black mask and gun in the bank, please helpppp","27-01 Queens Plaza North, Long Island City, 7th floor, Room 12",crime
R02689,"A person got hit by a vehicle near Atlantic Terminal, 1st floor, Room Room 12 pls","620 Atlantic Avenue, Brooklyn, 1st floor, Room 2",accident
R01458,"BLAST. HELP ME!!!! In Chelsea Heights, 6th floor Room Room 11","450 West 33rd Street, Chelsea, Manhattan, 6th floor, Room 1",explosion
R00835,LIC Plaza: help mee fire fire fire,"Astoria, Queens",fire
R03317,"Two vehicles collided, Flushing, Queens","Flushing, Queens",accident
R05480,"Building collapsed of Queens Plaza Complex, need help","27-01 Queens Plaza North, Long Island City, 5th floor, Room 3",collapse
R00964,"Fire on ground floor Edgewater Plaza, please send help immediately","1 Edgewater Plaza, Staten Island, ground floor, Room 5",fire
R09647,"There is a gas smell in the building, please check","300 Ashland Place, Downtown Brooklyn, 6th floor, Room 7",other
R07290,"Help, there is a robbery happening at the bank on Main Road, please contact the police.","300 Ashland Place, Downtown Brooklyn, ground floor, Room 9",crime
R06028,Savee me from the floodd,"2 Penn Plaza, Midtown Manhattan, 1st floor, Room 3",flood
R06670,"Crime happening here, need police immediately","Bushwick, Brooklyn",crime
R07421,"Crime happening here, need police immediately","Bushwick, Brooklyn",crime
R02392,"Road accident near Edgewater Plaza, ambulance needed","1 Edgewater Plaza, Staten Island, 6th floor, Room 7",accident
R08897,Power is gone and people are stuck in the lift,"300 Ashland Place, Downtown Brooklyn, 7th floor, Room 1",other
R01442,Save us we are in Midtown Tower ground floor,"432 Park Avenue, Midtown Manhattan, ground floor, Room 1",explosion
R06281,TAKE HIGH GROUND flood,"29-27 41st Avenue, Long Island City, 2nd floor, Room 2",flood
R09353,Lift is stuck between floors at Chelsea Heights,"450 West 33rd Street, Chelsea, Manhattan, ground floor, Room 6",other
R03503,"SOS I am having an attack!!!! Washington Heights, Manhattan","Washington Heights, Manhattan",medical
R05009,Building has been collapsed!,"88 Wall Street, Financial District, Manhattan, ground floor, Room 6",collapse
R02615,"Major accident at Wall Street Tower 302, need help","88 Wall Street, Financial District, Manhattan, 4th floor, Room 2",accident
R05965,"Flood situation in Greenwich Village, Manhattan, need relief ASAP!!","27-01 Queens Plaza North, Long Island City, 5th floor, Room 9",flood
R01252,Something exploded we need to run,"450 West 33rd Street, Chelsea, Manhattan, 7th floor, Room 9",explosion
R00827,Call fire emergency,"27-01 Queens Plaza North, Long Island City, 7th floor, Room 1",fire
R01095,Fire at Eighth Avenue Tower first floor.... Come quickly,"111 Eighth Avenue, Chelsea, Manhattan, 3rd floor, Room 3",fire
R07617,"Gunmen in. Midtown Tower main office, need immediate hlp","432 Park Avenue, Midtown Manhattan, 5th floor, Room 5",crime
R02023,Explosion in building run away.....,"432 Park Avenue, Midtown Manhattan, 6th floor, Room 1",explosion
R04403,Hospital emergency. Help,"432 Park Avenue, Midtown Manhattan, 7th floor, Room 3",medical
R05247,"The roof just collapsed at Grand Concourse Tower, people are trapped","Sunset Park, Brooklyn",collapse
R04881,EVACUATE,"111 Eighth Avenue, Chelsea, Manhattan, 6th floor, Room 7",collapse
R01374,"Quickly save us from explosion, 1st floor, Atlantic Terminal","620 Atlantic Avenue, Brooklyn, 1st floor, Room 1",explosion
R09682,Lift is stuck between floors at Grand Concourse Tower,"861 Grand Concourse, The Bronx, 8th floor, Room 4",other
R02719,"bike hit someone at Chelsea Heights 2nd floor, please send help","Astoria, Queens",accident
R02909,"Major accident at Wall Street Tower 1st floor, need help","88 Wall Street, Financial District, Manhattan, 1st floor, Room 6",accident
R04225,"Chest pain, LIC Plaza need to go to the hospital fast","Astoria, Queens",medical
R02154,"EXPLOSION 8th floor, Edgewater Plaza, HELP MEEE!","1 Edgewater Plaza, Staten Island, 8th floor, Room 1",explosion
R02230,"Traffic accident near Riverdale, The Bronx, need immediate assistance","861 Grand Concourse, The Bronx, 1st floor, Room 2",accident
R04916,this builidng is collapsing ... send help,"15 MetroTech Center, Downtown Brooklyn, 7th floor, Room 7",collapse
R01992,Helpppp there is a huge explosion helpppp!!,"27-01 Queens Plaza North, Long Island City, ground floor, Room 1",explosion
R07011,"Robbery happening near Chelsea Heights, send police","Flushing, Queens",crime
R02477,"Traffic accident near Sunset Park, Brooklyn, need immediate assistance","861 Grand Concourse, The Bronx, 4th floor, Room 4",accident
R06594,HELP US!!! we are stuck in the flood prone area,"111 Eighth Avenue, Chelsea, Manhattan, 2nd floor, Room 2",flood
R01956,"BLAST. HELP ME!!!! In Midtown Tower, 1st floor Room Room 2","432 Park Avenue, Midtown Manhattan, 1st floor, Room 1",explosion
R04160,Save meeeee save meeeee injured injured,"15 MetroTech Center, Downtown Brooklyn, 3rd floor, Room 6",medical
R00589,AHHHHHHHH,"27-01 Queens Plaza North, Long Island City, 7th floor, Room 7",fire
R00359,FIREEEEEE HELPPPPPPPP USSS OUTTTTTTTT. Midtown Tower !!!,"432 Park Avenue, Midtown Manhattan, 3rd floor, Room 1",fire
R05618,flood has come,"300 Ashland Place, Downtown Brooklyn, 4th floor, Room 3",flood
R04943,"Building collapsed of Queens Plaza Complex, need help","27-01 Queens Plaza North, Long Island City, 5th floor, Room 2",collapse
R09239,"No electricity in Eighth Avenue Tower, please send maintenance","111 Eighth Avenue, Chelsea, Manhattan, 4th floor, Room 12",other
R05827,"Flood situation in Sunset Park, Brooklyn, need relief ASAP!!","27-01 Queens Plaza North, Long Island City, 6th floor, Room 6",flood
R04562,"Building collapsed of Ashland Place Tower, need help","300 Ashland Place, Downtown Brooklyn, ground floor, Room 8",collapse
R01520,Room 4! Fire!!!!! blast Grand Concourse Tower ground floor,"861 Grand Concourse, The Bronx, ground floor, Room 4",explosion
R09287,"Emergency situation at MetroTech Center, 1st floor Room Room 2, please send helpppp","Astoria, Queens",other
R09768,Please send maintenance team to Wall Street Tower,"88 Wall Street, Financial District, Manhattan, 3rd floor, Room 1",other
R06453,HELP US!!! we are stuck in the flood prone area,"620 Atlantic Avenue, Brooklyn, 2nd floor, Room 2",flood
R01122,Shit!! huge blast,"Bushwick, Brooklyn",explosion
R05718,Flood. Help .. 😭,"432 Park Avenue, Midtown Manhattan, 8th floor, Room 7",flood
R02304,"Auto accident at Midtown Tower, ground floor Room Room 9, please help","432 Park Avenue, Midtown Manhattan, ground floor, Room 1",accident
R03534,Urgent help needed hereee!!,"15 MetroTech Center, Downtown Brooklyn, 1st floor, Room 1",medical
R05330,No wayyy building falling,"27-01 Queens Plaza North, Long Island City, ground floor, Room 1",collapse
R09562,Water pipe burst near Queens Plaza Complex,"27-01 Queens Plaza North, Long Island City, 4th floor, Room 8",other
R09122,Gas leakage here don't switch bulb on,"15 MetroTech Center, Downtown Brooklyn, 1st floor, Room 3",other
R04882,Midtown Tower under shreds! Building collapse,"432 Park Avenue, Midtown Manhattan, 3rd floor, Room 9",collapse
R01798,"Explosion help , 5th floor MetroTech Center","15 MetroTech Center, Downtown Brooklyn, 5th floor, Room 8",explosion
R09137,Water pipe burst near LIC Plaza,"29-27 41st Avenue, Long Island City, 6th floor, Room 6",other
R09855,"In case of gas leak, don't switch on the bulb","29-27 41st Avenue, Long Island City, 6th floor, Room 4",other
R04295,SOS I am having an attack!!!! Ashland Place Tower Room 2!!!,"300 Ashland Place, Downtown Brooklyn, 1st floor, Room 2",medical
R03232,"Car accident, people are injured, send help","27-01 Queens Plaza North, Long Island City, ground floor, Room 5",accident
R07100,Call the police right now!!,"861 Grand Concourse, The Bronx, 1st floor, Room 1",crime
R05741,Please evacuate the lower floors of Grand Concourse Tower as soon as possible,"861 Grand Concourse, The Bronx, 2nd floor, Room 6",flood
R02194,Save us we are in Edgewater Plaza 1st floor,"Flushing, Queens",explosion
R02059,Atlantic Terminal: something exploded nearby help,"620 Atlantic Avenue, Brooklyn, 3rd floor, Room 5",explosion
R04590,Go run fast. the building is collapsing,"Chinatown, Manhattan",collapse
R00017,THIS IS NOT A DRILL. THERE'S A FIRE IN THE BUILDING. SEND HELP!,"15 MetroTech Center, Downtown Brooklyn, 8th floor, Room 2",fire
R00634,Fireeeeee helppppppppp,"450 West 33rd Street, Chelsea, Manhattan, ground floor, Room 11",fire
R01513,"There's been an explosion at Midtown Tower, 4th floor Room Room 9. Call the emergency services!","Washington Heights, Manhattan",explosion
R09621,"Street light is not working near Astoria, Queens","1 Edgewater Plaza, Staten Island, 8th floor, Room 8",other
R07506,"there is a man with black mask and gun in the bank, please help","432 Park Avenue, Midtown Manhattan, 8th floor, Room 7",crime
R04026,Call hospital fast pls,"Greenwich Village, Manhattan",medical
R05940,"Flood water is entering the ground floor of Eighth Avenue Tower, please send help immediately!!","Sunset Park, Brooklyn",flood
R09398,"No electricity in Edgewater Plaza, please send maintenance","1 Edgewater Plaza, Staten Island, 6th floor, Room 5",other
R07726,Am I that unlucky,"88 Wall Street, Financial District, Manhattan, 4th floor, Room 4",crime
R02341,"Accident!!! people hurt, call ambulance","Flushing, Queens",accident
R02893,Bike and car collided near Queens Plaza Complex 1st floor,"Washington Heights, Manhattan",accident
R06999,"Bomb blast Eighth Avenue Tower, 5th floor Room 302. Save me","Astoria, Queens",crime
R09996,"Road is blocked by a fallen tree near Penn Plaza Tower, 2nd floor, Room 202","2 Penn Plaza, Midtown Manhattan, 2nd floor, Room 2",other
R05689,Let's move to the higher ground.,"Flushing, Queens",flood
R03947,Hospital emergency. Help,"432 Park Avenue, Midtown Manhattan, 3rd floor, Room 8",medical
R02657,"There has been an accident at Greenwich Village, Manhattan, emergency help needed","Greenwich Village, Manhattan",accident
R03303,"There has been an accident at Queens Plaza Complex, ground floor Room 509, emergency help needed","27-01 Queens Plaza North, Long Island City, ground floor, Room 9",accident
R05444,Wall Street Tower under shreds! Building collapse,"Chinatown, Manhattan",collapse
R07573,Call the emergency helpline number!,"432 Park Avenue, Midtown Manhattan, 8th floor, Room 1",crime
R05786,Stuck in a flood 4th floor Atlantic Terminal,"620 Atlantic Avenue, Brooklyn, 4th floor, Room 6",flood
R09858,Water pipe burst near Midtown Tower,"432 Park Avenue, Midtown Manhattan, 5th floor, Room 4",other
R05146,"The roof just collapsed at Midtown Tower, people are trapped","432 Park Avenue, Midtown Manhattan, 5th floor, Room 11",collapse
R03369,Call an ambulance! Call an ambulance!,"111 Eighth Avenue, Chelsea, Manhattan, 6th floor, Room 10",medical
R06100,"Flood situation in Chinatown, Manhattan, need relief ASAP!!","861 Grand Concourse, The Bronx, 3rd floor, Room 4",flood
R06862,I am in dangerrr idk what to do,"432 Park Avenue, Midtown Manhattan, 5th floor, Room 3",crime
R04080,Call doctor and ask for help,"432 Park Avenue, Midtown Manhattan, 5th floor, Room 9",medical
R04891,Go run fast. the building is collapsing,"1 Edgewater Plaza, Staten Island, 7th floor, Room 7",collapse
R09989,"Road is blocked by a fallen tree near Wall Street Tower, 8th floor Room Room 2","88 Wall Street, Financial District, Manhattan, 8th floor, Room 6",other
R01777,It will blasttt,"300 Ashland Place, Downtown Brooklyn, 7th floor, Room 7",explosion
R03250,"Major accident at MetroTech Center, 7th floor Room 609, need help","15 MetroTech Center, Downtown Brooklyn, 7th floor, Room 9",accident
R02203,Something exploded we need to run,"Greenwich Village, Manhattan",explosion
R09071,"There is a gas smell in the building, please check","27-01 Queens Plaza North, Long Island City, 5th floor, Room 2",other
R05661,Move to safe area,"Chinatown, Manhattan",flood
R04229,Call an ambulance! Call an ambulance!,"861 Grand Concourse, The Bronx, 2nd floor, Room 6",medical
R02062,Something just burst around me. Send rescue squad ASAP,"27-01 Queens Plaza North, Long Island City, 6th floor, Room 11",explosion
R02306,"A person got hit by a vehicle near Edgewater Plaza, 6th floor Room 907 pls","1 Edgewater Plaza, Staten Island, 6th floor, Room 7",accident
R06738,"Someone is threatening people near Penn Plaza Tower, 2nd floor Room 901, call police","2 Penn Plaza, Midtown Manhattan, 2nd floor, Room 1",crime
R04832,Building collapsing run run,"Park Slope, Brooklyn",collapse
R01931,"There's been an explosion at Grand Concourse Tower, 7th floor Room 707. Call the emergency services!","861 Grand Concourse, The Bronx, 7th floor, Room 7",explosion
R02753,"Traffic accident near Morningside Heights, Manhattan, need immediate assistance","Morningside Heights, Manhattan",accident
R00041,Fire at Midtown Tower first floor.... Come quickly,"432 Park Avenue, Midtown Manhattan, 6th floor, Room 6",fire
R09831,The lift has stopped working. Save me!,"432 Park Avenue, Midtown Manhattan, 5th floor, Room 4",other
R06814,Call police come fast,"861 Grand Concourse, The Bronx, 8th floor, Room 9",crime
R07682,"Gunmen in. Eighth Avenue Tower main office, need immediate hlp","111 Eighth Avenue, Chelsea, Manhattan, 2nd floor, Room 3",crime
R03550,"Call 108 Ashland Place Tower, 4th floor Room Room 3 send guys ASAP!!","300 Ashland Place, Downtown Brooklyn, 4th floor, Room 3",medical
R03421,Call 108 fasttttt there is an emergency,"29-27 41st Avenue, Long Island City, 5th floor, Room 4",medical
R06948,Call the police right now!!,"88 Wall Street, Financial District, Manhattan, 5th floor, Room 1",crime
R03806,Call hospital fast pls,"2 Penn Plaza, Midtown Manhattan, 1st floor, Room 2",medical
R07056,"Robbery happening near MetroTech Center, send police","15 MetroTech Center, Downtown Brooklyn, 1st floor, Room 1",crime
R07320,"Help, there is a robbery happening at the bank on Main Road, please contact the police.","450 West 33rd Street, Chelsea, Manhattan, 5th floor, Room 1",crime
R09938,"Emergency situation, please send help immediately","Astoria, Queens",other
R03737,Save meeeee save meeeee injured injured,"Sunset Park, Brooklyn",medical
R05985,"Flood water is entering the ground floor of Edgewater Plaza, please send help immediately","Bushwick, Brooklyn",flood
R02424,Bike and car collided near Atlantic Terminal ground floor,"620 Atlantic Avenue, Brooklyn, ground floor, Room 3",accident
R09503,Power is gone and people are stuck in the lift,"861 Grand Concourse, The Bronx, ground floor, Room 12",other
R00325,Grand Concourse Tower: helpppp mee fire fire fire,"Greenwich Village, Manhattan",fire
R00310,AHHHHHHHH,"111 Eighth Avenue, Chelsea, Manhattan, 8th floor, Room 7",fire
R05319,Run,"Chinatown, Manhattan",collapse
R04022,Call ambulance,"450 West 33rd Street, Chelsea, Manhattan, 2nd floor, Room 2",medical
R07677,Am I that unlucky,"1 Edgewater Plaza, Staten Island, 4th floor, Room 4",crime
R04900,"Someone get me out, building collapsed","2 Penn Plaza, Midtown Manhattan, 6th floor, Room 5",collapse
R05467,Wall Street Tower under shreds! Building collapse,"Flushing, Queens",collapse
R01671,"EXPLOSION 2nd floor, Chelsea Heights, HELP MEEE!","450 West 33rd Street, Chelsea, Manhattan, 2nd floor, Room 4",explosion
R09692,Please send maintenance team to LIC Plaza,"Sunset Park, Brooklyn",other
R04936,Go run fast. the building is collapsing,"300 Ashland Place, Downtown Brooklyn, 6th floor, Room 6",collapse
R02308,"Auto accident at LIC Plaza, 2nd floor Room 202, please help","29-27 41st Avenue, Long Island City, 2nd floor, Room 2",accident
R02891,"Two vehicles collided, Grand Concourse Tower, 4th floor Room 404","861 Grand Concourse, The Bronx, 4th floor, Room 4",accident
R04793,SOS! BUILDING COLLAPSE! LOCATION SENT,"2 Penn Plaza, Midtown Manhattan, 4th floor, Room 3",collapse
R05887,"Flood, I am stuck, save me!","450 West 33rd Street, Chelsea, Manhattan, 4th floor, Room 8",flood
R00163,Ashland Place Tower: help mee fire fire fire,"300 Ashland Place, Downtown Brooklyn, 4th floor, Room 7",fire
R00789,Save me I am trapped in fire,"432 Park Avenue, Midtown Manhattan, 3rd floor, Room 10",fire
R06984,"Bomb blast Wall Street Tower, 8th floor. Save me","88 Wall Street, Financial District, Manhattan, 8th floor, Room 1",crime
R03763,"Chest pain, LIC Plaza need to go to the hospital fast!!","111 Eighth Avenue, Chelsea, Manhattan, 7th floor, Room 2",medical
R09057,"Emergency situation, please send help immediately","432 Park Avenue, Midtown Manhattan, 6th floor, Room 6",other
R09204,"Emergency situation, please send help immediately","Greenwich Village, Manhattan",other
R01371,Something just burst around me. Send rescue squad ASAP,"15 MetroTech Center, Downtown Brooklyn, 1st floor, Room 1",explosion
R09549,Power is gone and people are stuck in the lift,"29-27 41st Avenue, Long Island City, 3rd floor, Room 10",other
R00734,Fire!! 1st floor Penn Plaza Tower !!!! 708!!,"Bushwick, Brooklyn",fire
R01368,Loud sound. Was that a bomb?,"Flushing, Queens",explosion
R08934,"No electricity in Atlantic Terminal, please send maintenance","Morningside Heights, Manhattan",other
R05928,"The ground is flooded, send help, lifeboat and first aid","Washington Heights, Manhattan",flood
R07411,"there is a man with black mask and gun in the bank, please help","2 Penn Plaza, Midtown Manhattan, 2nd floor, Room 9",crime
R01054,bro fire 4th floor,"88 Wall Street, Financial District, Manhattan, 4th floor, Room 4",fire
R04765,"The roof just collapsed at Ashland Place Tower, people are trapped","300 Ashland Place, Downtown Brooklyn, 8th floor, Room 7",collapse
R03427,Call an ambulance! Call an ambulance!,"27-01 Queens Plaza North, Long Island City, 2nd floor, Room 9",medical
R04216,Call an ambulance! Call an ambulance!,"15 MetroTech Center, Downtown Brooklyn, 8th floor, Room 2",medical
R00555,Fire at Ashland Place Tower first floor.... Come quickly,"300 Ashland Place, Downtown Brooklyn, 6th floor, Room 4",fire
R04885,EVACUATE,"Astoria, Queens",collapse
R00362,"Fire on 7th floor Penn Plaza Tower, please send help immediately pls","2 Penn Plaza, Midtown Manhattan, 7th floor, Room 7",fire
R02486,"Major accident at Midtown Tower, 4th floor Room 607, need help","432 Park Avenue, Midtown Manhattan, 4th floor, Room 7",accident
R05400,"Someone get me out, building collapsed","15 MetroTech Center, Downtown Brooklyn, 8th floor, Room 1",collapse
R00038,FIREEEEEE HELPPPPPPPP USSS OUTTTTTTTT. MetroTech Center !!!,"15 MetroTech Center, Downtown Brooklyn, 5th floor, Room 5",fire
R01652,"Explosion at 5th floor, Ashland Place Tower Save!!!","300 Ashland Place, Downtown Brooklyn, 5th floor, Room 9",explosion
R07092,police come fast,"861 Grand Concourse, The Bronx, 6th floor, Room 1",crime
R00832,Call fire emergency,"450 West 33rd Street, Chelsea, Manhattan, 1st floor, Room 5",fire
R03655,"I think I'm dying, please help","111 Eighth Avenue, Chelsea, Manhattan, 6th floor, Room 8",medical
R07116,police come fast ASAP!!,"29-27 41st Avenue, Long Island City, 1st floor, Room 1",crime
R09898,"There is a gas smell in the building, please check","2 Penn Plaza, Midtown Manhattan, 5th floor, Room 10",other
R06906,Call the emergency helpline number!,"Astoria, Queens",crime
R02347,"Two vehicles collided, Eighth Avenue Tower, 7th floor, Room 707!!!","111 Eighth Avenue, Chelsea, Manhattan, 7th floor, Room 7",accident
R03919,Call an ambulance! Call an ambulance!,"1 Edgewater Plaza, Staten Island, ground floor, Room 7",medical
R03429,"Someone needs urgent medical help at Edgewater Plaza, 1st floor, Room 101","1 Edgewater Plaza, Staten Island, 1st floor, Room 1",medical
R03045,"bike hit someone at Sunset Park, Brooklyn, please send help","Sunset Park, Brooklyn",accident
R06570,Flood. Help ..,"Washington Heights, Manhattan",flood
R06040,Savee me from the floodd,"29-27 41st Avenue, Long Island City, 1st floor, Room 1",flood
R08982,Gas leakage here don't switch bulb on,"2 Penn Plaza, Midtown Manhattan, 1st floor, Room 1",other
R03029,"Traffic accident near Flushing, Queens, need immediate assistance!!!","Chinatown, Manhattan",accident
R01424,"BLAST. HELP ME!!!! In Chinatown, Manhattan","Chinatown, Manhattan",explosion
R03302,"bike hit someone at Eighth Avenue Tower, 4th floor Room 508, please send help","Chinatown, Manhattan",accident
R03328,Bike and car collided near Midtown Tower 3rd floor,"Chinatown, Manhattan",accident
R06331,HELP US!!! we are stuck in the flood prone area,"861 Grand Concourse, The Bronx, 7th floor, Room 7",flood
R00003,Help!!!!! fire here,"15 MetroTech Center, Downtown Brooklyn, ground floor, Room 4",fire
R07187,I am in dangerrr idk what to do,"88 Wall Street, Financial District, Manhattan, 6th floor, Room 8",crime
R03640,"SOS I am having an attack!!!! LIC Plaza, 7th floor Room 304!!!","29-27 41st Avenue, Long Island City, 7th floor, Room 4",medical
R06618,HELP US!!! we are stuck in the flood prone area,"Chinatown, Manhattan",flood
R03009,"bike hit someone at Edgewater Plaza, 8th floor Room Room 7, please send help!!","1 Edgewater Plaza, Staten Island, 8th floor, Room 7",accident
R02066,It will blasttt,"2 Penn Plaza, Midtown Manhattan, 8th floor, Room 8",explosion
R05125,Go run fast. the building is collapsing,"Greenwich Village, Manhattan",collapse
R05881,"Flood, I am stuck, save me!","300 Ashland Place, Downtown Brooklyn, 7th floor, Room 2",flood
R00437,Stay away there's a fire!!,"861 Grand Concourse, The Bronx, 8th floor, Room 1",fire
R05488,Run,"Morningside Heights, Manhattan",collapse
R06811,"Armed robbery happening right now at the bank, call the police","Park Slope, Brooklyn",crime
R03135,Bike and car collided near Eighth Avenue Tower 7th floor,"111 Eighth Avenue, Chelsea, Manhattan, 7th floor, Room 4",accident
R05301,EVACUATE,"1 Edgewater Plaza, Staten Island, 7th floor, Room 6",collapse
R02119,"Huge explosion at Ashland Place Tower, smoke everywhere","300 Ashland Place, Downtown Brooklyn, 5th floor, Room 7",explosion
R09413,"Emergency situation, please send help immediately","1 Edgewater Plaza, Staten Island, ground floor, Room 7",other
R05780,there is a flood in our hostel rn. help,"27-01 Queens Plaza North, Long Island City, 1st floor, Room 9",flood
R06662,Get to higher ground now!!,"111 Eighth Avenue, Chelsea, Manhattan, 1st floor, Room 3",flood
R09888,"Something unusual is happening near Bushwick, Brooklyn, please check!!","Bushwick, Brooklyn",other
R06798,"Crime happening here, need police immediately","27-01 Queens Plaza North, Long Island City, ground floor, Room 1",crime
R00298,"Fire has started in Queens Plaza Complex Room 1, need urgent help","Riverdale, The Bronx",fire
R09086,"No electricity in Ashland Place Tower, please send maintenance","300 Ashland Place, Downtown Brooklyn, 2nd floor, Room 8",other
R06834,"A person with a weapon is causing danger at Midtown Tower, 8th floor Room 808","Chinatown, Manhattan",crime
R04235,"Open wound, and concussion emergency first aid and ambulance required ASAP!","861 Grand Concourse, The Bronx, 5th floor, Room 8",medical
R04489,EVACUATE,"861 Grand Concourse, The Bronx, ground floor, Room 2",collapse
R04470,Building has been collapsed!,"432 Park Avenue, Midtown Manhattan, 7th floor, Room 8",collapse
R01340,"EXPLOSION 3rd floor, Grand Concourse Tower, HELP MEEE!","861 Grand Concourse, The Bronx, 3rd floor, Room 3",explosion
R00370,Penn Plaza Tower Room 1 FIREEEEEE HELP,"2 Penn Plaza, Midtown Manhattan, 2nd floor, Room 1",fire
R06635,Water everywhere help me pls,"861 Grand Concourse, The Bronx, ground floor, Room 12",flood
R01141,"Explosion help , 1st floor MetroTech Center","15 MetroTech Center, Downtown Brooklyn, 1st floor, Room 1",explosion
R07139,"Someone is threatening people near MetroTech Center, ground floor Room Room 9, call police","15 MetroTech Center, Downtown Brooklyn, ground floor, Room 12",crime
R08970,Water pipe burst near Atlantic Terminal,"Washington Heights, Manhattan",other
R01703,Explosion in building run away.....,"620 Atlantic Avenue, Brooklyn, 6th floor, Room 2",explosion
R03524,"I have a medical emergency at LIC Plaza, ground floor, Room Room 1","29-27 41st Avenue, Long Island City, ground floor, Room 1",medical
R09194,"There is a gas smell in the building, please check pls","450 West 33rd Street, Chelsea, Manhattan, ground floor, Room 6",other
R09114,Run for your life,"620 Atlantic Avenue, Brooklyn, 2nd floor, Room 2",other
R05611,Water everywhere help me,"Chinatown, Manhattan",flood
R02970,"Crash happened outside Queens Plaza Complex, send medical team","27-01 Queens Plaza North, Long Island City, 8th floor, Room 7",accident
R01497,"Explosion at 8th floor, LIC Plaza Save!!!","Bushwick, Brooklyn",explosion
R05811,Let's move to the higher ground.,"Flushing, Queens",flood
R00807,"Oh no, fire has started","Chinatown, Manhattan",fire
R00748,FIREEEEEE HELPPPPPPPP USSS OUTTTTTTTT. Atlantic Terminal !!!,"620 Atlantic Avenue, Brooklyn, 2nd floor, Room 5",fire
R06221,"Flood situation in Greenwich Village, Manhattan, need relief ASAP!!","15 MetroTech Center, Downtown Brooklyn, 3rd floor, Room 2",flood
R06566,Get to higher ground now!!,"Riverdale, The Bronx",flood
R02839,"Road accident near Penn Plaza Tower, ambulance needed","2 Penn Plaza, Midtown Manhattan, 7th floor, Room 1",accident
R03904,Call hospital fast pls,"Riverdale, The Bronx",medical
R01015,"FIRE. HELP!!!!! Chelsea Heights, 3rd floor Room 302","450 West 33rd Street, Chelsea, Manhattan, 3rd floor, Room 2",fire
R02561,"Traffic accident near Washington Heights, Manhattan, need immediate assistance","Riverdale, The Bronx",accident
R00111,Fireeeeee helpppppp,"Flushing, Queens",fire
R09149,Run for your life,"2 Penn Plaza, Midtown Manhattan, 1st floor, Room 1",other
R06713,Call police come fast pls,"432 Park Avenue, Midtown Manhattan, 3rd floor, Room 5",crime
R07457,A person with a weapon is causing danger at Midtown Tower 1st floor,"432 Park Avenue, Midtown Manhattan, 1st floor, Room 6",crime
R04543,EVACUATE!!!,"300 Ashland Place, Downtown Brooklyn, 5th floor, Room 5",collapse
R09879,The lift has stopped working. Save me!,"29-27 41st Avenue, Long Island City, 7th floor, Room 4",other
R07220,Somebody please call 112 there is a crime going on,"2 Penn Plaza, Midtown Manhattan, 3rd floor, Room 9",crime
R09325,Water pipe burst near Midtown Tower,"432 Park Avenue, Midtown Manhattan, 6th floor, Room 3",other
R07767,"there is a man with black mask and gun in the bank, please help","861 Grand Concourse, The Bronx, 4th floor, Room 4",crime
R09637,Help mee,"861 Grand Concourse, The Bronx, 8th floor, Room 2",other
R05241,"Someone get me out, building collapsed","Morningside Heights, Manhattan",collapse
R01918,Helpppp there is a huge explosion helpppp,"Chinatown, Manhattan",explosion
R07204,"Crime happening here, need police immediately","300 Ashland Place, Downtown Brooklyn, 6th floor, Room 5",crime
R00181,"Fire has started in Wall Street Tower G00, need urgent help","88 Wall Street, Financial District, Manhattan, ground floor, Room 2",fire
R05770,Blub blub blub,"450 West 33rd Street, Chelsea, Manhattan, 7th floor, Room 9",flood
R03903,"Please send an ambulance to Chinatown, Manhattan","Chinatown, Manhattan",medical
R00245,bro fire 4th floor,"1 Edgewater Plaza, Staten Island, 4th floor, Room 4",fire
R07274,"there is a man with black mask and gun in the bank, please help","Morningside Heights, Manhattan",crime
R07270,"Something serious is happening here, hurry","Chinatown, Manhattan",crime
R07015,"A person with a weapon is causing danger at Queens Plaza Complex, 4th floor","27-01 Queens Plaza North, Long Island City, 4th floor, Room 8",crime
R02179,"Atlantic Terminal, 4th floor, Room 108 Explosion","620 Atlantic Avenue, Brooklyn, 4th floor, Room 8",explosion
R07384,Call police come fast,"620 Atlantic Avenue, Brooklyn, 3rd floor, Room 3",crime
R01570,Something exploded we need to run,"27-01 Queens Plaza North, Long Island City, 1st floor, Room 2",explosion
R01156,Shit!! huge blast,"432 Park Avenue, Midtown Manhattan, 4th floor, Room 4",explosion
R00142,"Fire has started in Grand Concourse Tower 201, need urgent help","861 Grand Concourse, The Bronx, 5th floor, Room 1",fire
R05719,"Flood, I am stuck, save me!","620 Atlantic Avenue, Brooklyn, 4th floor, Room 8",flood
R06579,there is a flood in our hostel rn. help,"111 Eighth Avenue, Chelsea, Manhattan, 7th floor, Room 7",flood
R06591,TAKE HIGH GROUND flood,"27-01 Queens Plaza North, Long Island City, 3rd floor, Room 4",flood
R02957,"Auto accident at Eighth Avenue Tower 7th floor, please help","111 Eighth Avenue, Chelsea, Manhattan, 7th floor, Room 9",accident
R03663,Call doctor and ask for help,"111 Eighth Avenue, Chelsea, Manhattan, 7th floor, Room 7",medical
R00170,"FIRE. HELP!!!!! LIC Plaza, 7th floor Room 707","29-27 41st Avenue, Long Island City, 7th floor, Room 7",fire
R02205,Explosion in building run away.....,"Riverdale, The Bronx",explosion
R02473,"Crash happened outside MetroTech Center, send medical team pls","15 MetroTech Center, Downtown Brooklyn, 4th floor, Room 4",accident
R05620,Water everywhere help me 😭,"Sunset Park, Brooklyn",flood
R06162,Blub blub blub,"1 Edgewater Plaza, Staten Island, 4th floor, Room 4",flood
R07219,Call the police right now!! ...,"27-01 Queens Plaza North, Long Island City, 7th floor, Room 8",crime
R03957,Call hospital fast pls,"620 Atlantic Avenue, Brooklyn, 7th floor, Room 1",medical
R04632,Run,"300 Ashland Place, Downtown Brooklyn, 5th floor, Room 5",collapse
R09590,Lift is stuck between floors at LIC Plaza pls,"29-27 41st Avenue, Long Island City, ground floor, Room 3",other
R07203,Call the police right now!!,"Morningside Heights, Manhattan",crime
R04700,"Someone get me out, building collapsed","Greenwich Village, Manhattan",collapse
R05426,Building collapsing run run,"2 Penn Plaza, Midtown Manhattan, 5th floor, Room 3",collapse
R01193,"BLAST. HELP ME!!!! In Atlantic Terminal, 6th floor, Room Room 2","620 Atlantic Avenue, Brooklyn, 6th floor, Room 2",explosion
R03691,Urgent help needed hereee!!,"15 MetroTech Center, Downtown Brooklyn, 3rd floor, Room 3",medical
R04933,"Someone get me out, building collapsed","300 Ashland Place, Downtown Brooklyn, 1st floor, Room 7",collapse
R04286,Call hospital fast pls,"620 Atlantic Avenue, Brooklyn, 6th floor, Room 6",medical
R01345,"Explosion at ground floor, LIC Plaza Save!!!!!","29-27 41st Avenue, Long Island City, ground floor, Room 2",explosion
R01847,"Explosion at 8th floor, Midtown Tower Save!!!","432 Park Avenue, Midtown Manhattan, 8th floor, Room 12",explosion
R05492,No wayyy building falling,"88 Wall Street, Financial District, Manhattan, 7th floor, Room 2",collapse
R05042,SOS! BUILDING COLLAPSE! LOCATION SENT,"450 West 33rd Street, Chelsea, Manhattan, ground floor, Room 3",collapse
R04478,Run under the table,"2 Penn Plaza, Midtown Manhattan, ground floor, Room 1",collapse
R06974,"Gunmen in. Queens Plaza Complex main office, need immediate hlp","Greenwich Village, Manhattan",crime
R03964,Helpp it's medical emergency,"Bushwick, Brooklyn",medical
R04815,MetroTech Center under shreds! Building collapse,"15 MetroTech Center, Downtown Brooklyn, ground floor, Room 4",collapse
R03320,"Vehicle overturned near Wall Street Tower, need rescue ASAP!!","88 Wall Street, Financial District, Manhattan, 3rd floor, Room 6",accident
R09319,The lift has stopped working. Save me!,"88 Wall Street, Financial District, Manhattan, 1st floor, Room 8",other
R06279,Flood. Help ..,"29-27 41st Avenue, Long Island City, 6th floor, Room 8",flood
R01438,It will blasttt!!,"450 West 33rd Street, Chelsea, Manhattan, 4th floor, Room 3",explosion
R09689,"In case of gas leak, don't switch on the bulb","300 Ashland Place, Downtown Brooklyn, 2nd floor, Room 6",other
R06469,Get to higher ground now!!,"Bushwick, Brooklyn",flood
R02285,"Auto accident at Chelsea Heights, 5th floor, please help","450 West 33rd Street, Chelsea, Manhattan, 5th floor, Room 6",accident
R01148,There has been an explosion in Queens Plaza Complex there fire everywhere helpppp,"27-01 Queens Plaza North, Long Island City, 3rd floor, Room 3",explosion
